;FLAVOR:Marlin
;TIME:3597
;Filament used: 3.09596m
;Layer height: 0.2
;MINX:68.297
;MINY:79.547
;MINZ:0.2
;MAXX:151.704
;MAXY:140.454
;MAXZ:6.6
;TARGET_MACHINE.NAME:Creality Ender-3 S1
;Generated with Cura_SteamEngine 5.8.1
M82 ;absolute extrusion mode
; Ender 3 S1 Start G-code
; M413 S0 ; Disable power loss recovery
G92 E0 ; Reset Extruder

; Prep surfaces before auto home for better accuracy
M140 S60
M104 S200

G28 ; Home all axes
G1 Z10.0 F3000 ; Move Z Axis up little to prevent scratching of Heat Bed
G1 X0 Y0

M190 S60
M109 S200

G1 X0.1 Y20 Z0.3 F5000.0 ; Move to start position
G1 X0.1 Y200.0 Z0.3 F1500.0 E15 ; Draw the first line
G1 X0.4 Y200.0 Z0.3 F5000.0 ; Move to side a little
G1 X0.4 Y20 Z0.3 F1500.0 E30 ; Draw the second line
G92 E0 ; Reset Extruder
G1 Z2.0 F3000 ; Move Z Axis up little to prevent scratching of Heat Bed
G1 X5 Y20 Z0.3 F5000.0 ; Move over to prevent blob squish

G92 E0
G92 E0
G1 F2400 E-0.8
;LAYER_COUNT:33
;LAYER:0
M107
M204 S2000
G0 F7500 X71.04 Y81.666 Z0.2
M204 S500
;TYPE:SKIRT
G1 F2400 E0
G1 F1500 X72.687 Y80.46 E0.0679
G1 X75.232 Y79.547 E0.15782
G1 X144.593 Y79.55 E2.46478
G1 X146.581 Y80.206 E2.53441
G1 X147.876 Y80.801 E2.58181
G1 X149.875 Y82.52 E2.6695
G1 X151.073 Y84.592 E2.7491
G1 X151.703 Y86.762 E2.82426
G1 X151.704 Y133.522 E4.3795
G1 X150.745 Y136.122 E4.47167
G1 X149.525 Y137.778 E4.54009
G1 X148.309 Y138.804 E4.593
G1 X146.771 Y139.81 E4.65413
G1 X144.38 Y140.451 E4.73646
G1 X75.228 Y140.454 E7.03647
G1 X72.616 Y139.491 E7.12906
G1 X71.06 Y138.349 E7.19325
G1 X69.876 Y137.04 E7.25196
G1 X68.872 Y135.352 E7.31728
G1 X68.297 Y133.059 E7.39591
G1 X68.3 Y86.881 E8.9318
G1 X68.799 Y84.973 E8.99739
G1 X69.647 Y83.211 E9.06243
G1 X71.04 Y81.666 E9.13162
M204 S2000
G0 F7500 X71.31 Y81.964
M204 S500
G1 F1500 X72.878 Y80.816 E9.19625
G1 X75.3 Y79.947 E9.28184
G1 X144.529 Y79.95 E11.5844
G1 X146.414 Y80.569 E11.65039
G1 X147.657 Y81.14 E11.69589
G1 X149.563 Y82.779 E11.7795
G1 X150.702 Y84.749 E11.85518
G1 X151.303 Y86.819 E11.92687
G1 X151.304 Y133.452 E13.47789
G1 X150.39 Y135.93 E13.56574
G1 X149.23 Y137.504 E13.63077
G1 X148.09 Y138.469 E13.68045
G1 X146.604 Y139.441 E13.73951
G1 X144.328 Y140.051 E13.81788
G1 X75.298 Y140.054 E16.11383
G1 X72.809 Y139.136 E16.20206
G1 X71.329 Y138.051 E16.2631
G1 X70.201 Y136.803 E16.31905
G1 X69.245 Y135.196 E16.38124
G1 X68.697 Y133.01 E16.4562
G1 X68.7 Y86.932 E17.98876
G1 X69.176 Y85.111 E18.05136
G1 X69.982 Y83.437 E18.11316
G1 X71.31 Y81.964 E18.17912
M204 S2000
G0 F7500 X71.58 Y82.262
M204 S500
G1 F1500 X73.066 Y81.174 E18.24038
G1 X75.371 Y80.347 E18.32183
G1 X144.466 Y80.35 E20.61993
G1 X146.247 Y80.932 E20.68225
G1 X147.438 Y81.479 E20.72584
G1 X149.251 Y83.038 E20.80537
G1 X150.331 Y84.906 E20.87714
G1 X150.903 Y86.876 E20.94537
G1 X150.904 Y133.382 E22.49216
G1 X150.035 Y135.738 E22.57569
G1 X148.937 Y137.228 E22.63725
G1 X147.871 Y138.134 E22.68378
G1 X146.437 Y139.072 E22.74077
G1 X144.276 Y139.651 E22.81518
G1 X75.368 Y139.654 E25.10707
G1 X73.001 Y138.781 E25.19098
G1 X71.598 Y137.753 E25.24883
G1 X70.526 Y136.566 E25.30203
G1 X69.618 Y135.04 E25.36109
G1 X69.097 Y132.961 E25.43237
G1 X69.1 Y86.983 E26.96161
G1 X69.554 Y85.247 E27.02129
G1 X70.316 Y83.664 E27.07972
G1 X71.58 Y82.262 E27.14251
M204 S2000
G0 F7500 X71.85 Y82.56
M204 S500
G1 F1500 X73.254 Y81.532 E27.20038
G1 X75.442 Y80.747 E27.2777
G1 X144.403 Y80.75 E29.57135
G1 X146.08 Y81.296 E29.63001
G1 X147.222 Y81.82 E29.6718
G1 X148.939 Y83.297 E29.74713
G1 X149.96 Y85.063 E29.81498
G1 X150.503 Y86.933 E29.87974
G1 X150.504 Y133.312 E31.42231
G1 X149.68 Y135.546 E31.50151
G1 X148.644 Y136.952 E31.5596
G1 X147.612 Y137.829 E31.60464
G1 X146.271 Y138.703 E31.65788
G1 X144.225 Y139.251 E31.72833
G1 X75.438 Y139.254 E34.01619
G1 X73.195 Y138.427 E34.09571
G1 X71.866 Y137.452 E34.15053
G1 X70.851 Y136.329 E34.20088
G1 X69.991 Y134.884 E34.2568
G1 X69.497 Y132.912 E34.32442
G1 X69.5 Y87.034 E35.85033
G1 X69.932 Y85.383 E35.90709
G1 X70.65 Y83.891 E35.96216
G1 X71.85 Y82.56 E36.02177
M204 S2000
G0 F7500 X72.12 Y82.858
M204 S500
G1 F1500 X73.442 Y81.89 E36.07626
G1 X75.513 Y81.147 E36.14944
G1 X144.338 Y81.15 E38.43857
G1 X145.913 Y81.66 E38.49363
G1 X147.006 Y82.161 E38.53362
G1 X148.627 Y83.556 E38.60476
G1 X149.589 Y85.22 E38.66868
G1 X150.103 Y86.99 E38.72999
G1 X150.104 Y133.242 E40.26833
G1 X149.325 Y135.354 E40.3432
G1 X148.351 Y136.676 E40.39782
G1 X147.353 Y137.524 E40.44138
G1 X146.106 Y138.334 E40.49084
G1 X144.174 Y138.851 E40.55735
G1 X75.508 Y138.854 E42.8412
G1 X73.388 Y138.072 E42.91635
G1 X72.135 Y137.154 E42.96801
G1 X71.174 Y136.09 E43.0157
G1 X70.365 Y134.73 E43.06833
G1 X69.897 Y132.863 E43.13235
G1 X69.9 Y87.085 E44.65493
G1 X70.309 Y85.521 E44.7087
G1 X70.985 Y84.117 E44.76053
G1 X72.12 Y82.858 E44.81691
M204 S2000
G0 F7500 X72.39 Y83.156
M204 S500
G1 F1500 X73.63 Y82.248 E44.86802
G1 X75.584 Y81.547 E44.93707
G1 X144.274 Y81.55 E47.22171
G1 X145.746 Y82.024 E47.27314
G1 X146.79 Y82.502 E47.31133
G1 X148.315 Y83.815 E47.37827
G1 X149.218 Y85.377 E47.43827
G1 X149.703 Y87.047 E47.49611
G1 X149.704 Y133.172 E49.03024
G1 X148.97 Y135.162 E49.10078
G1 X148.057 Y136.401 E49.15197
G1 X147.135 Y137.188 E49.19229
G1 X145.938 Y137.965 E49.23976
G1 X144.123 Y138.451 E49.30225
G1 X75.578 Y138.454 E51.58207
G1 X73.582 Y137.718 E51.65282
G1 X72.403 Y136.853 E51.70146
G1 X71.499 Y135.853 E51.74629
G1 X70.738 Y134.574 E51.79579
G1 X70.297 Y132.814 E51.85614
G1 X70.3 Y87.136 E53.3754
G1 X70.686 Y85.659 E53.42617
G1 X71.32 Y84.343 E53.47476
G1 X72.39 Y83.156 E53.52791
M204 S2000
G0 F7500 X72.66 Y83.454
M204 S500
G1 F1500 X73.818 Y82.606 E53.57565
G1 X75.655 Y81.947 E53.64056
G1 X144.211 Y81.95 E55.92074
G1 X145.58 Y82.388 E55.96855
G1 X146.572 Y82.842 E56.00483
G1 X148.003 Y84.074 E56.06764
G1 X148.847 Y85.534 E56.12373
G1 X149.303 Y87.104 E56.17811
G1 X149.304 Y133.102 E57.708
G1 X148.615 Y134.97 E57.77423
G1 X147.763 Y136.126 E57.82199
G1 X146.917 Y136.853 E57.85909
G1 X145.773 Y137.596 E57.90446
G1 X144.072 Y138.051 E57.96302
G1 X75.648 Y138.054 E60.23882
G1 X73.775 Y137.363 E60.30522
G1 X72.672 Y136.555 E60.35069
G1 X71.824 Y135.616 E60.39277
G1 X71.111 Y134.418 E60.43914
G1 X70.697 Y132.765 E60.49582
G1 X70.7 Y87.187 E62.01175
G1 X71.063 Y85.797 E62.05953
G1 X71.655 Y84.569 E62.10487
G1 X72.66 Y83.454 E62.1548
M204 S2000
G0 F7500 X72.93 Y83.752
M204 S500
G1 F1500 X74.006 Y82.964 E62.19916
G1 X75.726 Y82.347 E62.25994
G1 X144.148 Y82.35 E64.53566
G1 X145.458 Y82.769 E64.58141
G1 X146.353 Y83.181 E64.61418
G1 X147.691 Y84.333 E64.6729
G1 X148.476 Y85.691 E64.72507
G1 X148.903 Y87.161 E64.77599
G1 X148.904 Y133.032 E66.30166
G1 X148.26 Y134.778 E66.36356
G1 X147.47 Y135.85 E66.40785
G1 X146.699 Y136.517 E66.44176
G1 X145.605 Y137.227 E66.48513
G1 X144.021 Y137.651 E66.53967
G1 X75.718 Y137.654 E68.81144
G1 X73.969 Y137.009 E68.87344
G1 X72.94 Y136.254 E68.91589
G1 X72.147 Y135.377 E68.95522
G1 X71.485 Y134.264 E68.99829
G1 X71.097 Y132.716 E69.05137
G1 X71.1 Y87.238 E70.56397
G1 X71.44 Y85.935 E70.60876
G1 X71.99 Y84.795 E70.65086
G1 X72.93 Y83.752 E70.69756
M204 S2000
G0 F7500 X73.2 Y84.05
M204 S500
G1 F1500 X74.197 Y83.32 E70.73866
G1 X75.794 Y82.747 E70.79509
G1 X144.085 Y82.75 E73.06646
G1 X145.336 Y83.15 E73.11014
G1 X146.135 Y83.521 E73.13944
G1 X147.379 Y84.592 E73.19404
G1 X148.105 Y85.848 E73.24229
G1 X148.503 Y87.218 E73.28974
G1 X148.504 Y132.962 E74.81119
G1 X147.905 Y134.586 E74.86876
G1 X147.177 Y135.574 E74.90958
G1 X146.437 Y136.214 E74.94212
G1 X145.439 Y136.858 E74.98163
G1 X143.97 Y137.251 E75.0322
G1 X75.788 Y137.254 E77.29995
G1 X74.161 Y136.654 E77.35762
G1 X73.21 Y135.956 E77.39686
G1 X72.472 Y135.14 E77.43345
G1 X71.858 Y134.108 E77.47339
G1 X71.497 Y132.667 E77.5228
G1 X71.5 Y87.289 E79.03208
G1 X71.817 Y86.073 E79.07388
G1 X72.325 Y85.021 E79.11273
G1 X73.2 Y84.05 E79.15621
M204 S2000
G0 F7500 X73.47 Y84.348
M204 S500
G1 F1500 X74.385 Y83.678 E79.19392
G1 X75.865 Y83.147 E79.24622
G1 X144.022 Y83.15 E81.51313
G1 X145.214 Y83.531 E81.55476
G1 X145.916 Y83.86 E81.58054
G1 X147.067 Y84.851 E81.63106
G1 X147.734 Y86.005 E81.67539
G1 X148.103 Y87.275 E81.71938
G1 X148.104 Y132.892 E83.2366
G1 X147.55 Y134.394 E83.28985
G1 X146.884 Y135.298 E83.3272
G1 X146.175 Y135.911 E83.35837
G1 X145.273 Y136.488 E83.39398
G1 X143.918 Y136.851 E83.44064
G1 X75.858 Y136.854 E85.70433
G1 X74.354 Y136.299 E85.75765
G1 X73.479 Y135.658 E85.79372
G1 X72.797 Y134.903 E85.82756
G1 X72.231 Y133.952 E85.86437
G1 X71.897 Y132.618 E85.91011
G1 X71.9 Y87.34 E87.41606
G1 X72.194 Y86.211 E87.45486
G1 X72.66 Y85.247 E87.49048
G1 X73.47 Y84.348 E87.53072
M204 S2000
G0 F7500 X73.74 Y84.646
M204 S500
G1 F1500 X74.573 Y84.036 E87.56506
G1 X75.936 Y83.547 E87.61323
G1 X143.959 Y83.55 E89.87568
G1 X145.092 Y83.912 E89.91524
G1 X145.695 Y84.198 E89.93744
G1 X146.755 Y85.11 E89.98395
G1 X147.364 Y86.163 E90.02441
G1 X147.703 Y87.331 E90.06486
G1 X147.704 Y132.822 E91.57789
G1 X147.195 Y134.202 E91.62682
G1 X146.591 Y135.022 E91.66069
G1 X145.913 Y135.608 E91.6905
G1 X145.108 Y136.119 E91.72221
G1 X143.867 Y136.451 E91.76494
G1 X75.928 Y136.454 E94.0246
G1 X74.546 Y135.944 E94.07359
G1 X73.748 Y135.36 E94.10648
G1 X73.12 Y134.664 E94.13766
G1 X72.605 Y133.798 E94.17117
G1 X72.297 Y132.569 E94.21331
G1 X72.3 Y87.391 E95.71594
G1 X72.571 Y86.349 E95.75175
G1 X72.995 Y85.473 E95.78412
G1 X73.74 Y84.646 E95.82114
M204 S2000
G0 F7500 X74.01 Y84.944
M204 S500
G1 F1500 X74.761 Y84.394 E95.8521
G1 X76.007 Y83.947 E95.89613
G1 X143.898 Y83.95 E98.15419
G1 X144.921 Y84.273 E98.18987
G1 X145.474 Y84.535 E98.21023
G1 X146.443 Y85.369 E98.25275
G1 X146.993 Y86.32 E98.28929
G1 X147.303 Y87.388 E98.32628
G1 X147.304 Y132.752 E99.83509
G1 X146.84 Y134.01 E99.87969
G1 X146.298 Y134.746 E99.91009
G1 X145.651 Y135.305 E99.93853
G1 X144.946 Y135.749 E99.96624
G1 X143.816 Y136.051 E100.00514
G1 X75.998 Y136.054 E102.26078
G1 X74.74 Y135.59 E102.30537
G1 X74.016 Y135.059 E102.33524
G1 X73.445 Y134.427 E102.36356
G1 X72.978 Y133.642 E102.39394
G1 X72.697 Y132.52 E102.43241
G1 X72.7 Y87.442 E103.93171
G1 X72.948 Y86.487 E103.96453
G1 X73.33 Y85.699 E103.99366
G1 X74.01 Y84.944 E104.02745
M204 S2000
G0 F7500 X74.28 Y85.242
M204 S500
G1 F1500 X74.949 Y84.752 E104.05503
G1 X76.078 Y84.347 E104.09493
G1 X143.836 Y84.35 E106.34857
G1 X144.75 Y84.635 E106.38041
G1 X145.255 Y84.874 E106.39899
G1 X146.131 Y85.628 E106.43744
G1 X146.622 Y86.477 E106.47006
G1 X146.903 Y87.445 E106.50358
G1 X146.904 Y132.682 E108.00817
G1 X146.485 Y133.818 E108.04844
G1 X146.002 Y134.473 E108.07551
G1 X145.438 Y134.966 E108.10042
G1 X144.782 Y135.379 E108.12621
G1 X143.765 Y135.651 E108.16122
G1 X76.068 Y135.654 E110.41283
G1 X74.932 Y135.235 E110.4531
G1 X74.286 Y134.761 E110.47975
G1 X73.77 Y134.19 E110.50535
G1 X73.351 Y133.486 E110.5326
G1 X73.097 Y132.471 E110.5674
G1 X73.1 Y87.492 E112.06341
G1 X73.324 Y86.629 E112.09306
G1 X73.666 Y85.924 E112.11912
G1 X74.28 Y85.242 E112.14965
M204 S2000
G0 F7500 X74.547 Y85.542
M204 S500
G1 F1500 X75.137 Y85.11 E112.17397
G1 X76.149 Y84.747 E112.20973
G1 X143.775 Y84.75 E114.45898
G1 X144.631 Y85.017 E114.4888
G1 X145.035 Y85.212 E114.50372
G1 X145.819 Y85.887 E114.53813
G1 X146.251 Y86.634 E114.56683
G1 X146.503 Y87.502 E114.59689
G1 X146.504 Y132.612 E116.09726
G1 X146.13 Y133.626 E116.1332
G1 X145.705 Y134.202 E116.15701
G1 X145.225 Y134.627 E116.17834
G1 X144.618 Y135.009 E116.20219
G1 X143.714 Y135.251 E116.23332
G1 X76.138 Y135.254 E118.4809
G1 X75.124 Y134.88 E118.51685
G1 X74.556 Y134.463 E118.54029
G1 X74.095 Y133.953 E118.56315
G1 X73.724 Y133.33 E118.58727
G1 X73.497 Y132.422 E118.6184
G1 X73.5 Y87.542 E120.11111
G1 X73.7 Y86.771 E120.1376
G1 X74.003 Y86.147 E120.16068
G1 X74.547 Y85.542 E120.18774
M204 S2000
G0 F7500 X74.817 Y85.84
M204 S500
G1 F1500 X75.325 Y85.468 E120.20868
G1 X76.22 Y85.147 E120.2403
G1 X143.716 Y85.15 E122.48523
G1 X144.457 Y85.377 E122.51101
G1 X144.814 Y85.549 E122.52419
G1 X145.507 Y86.146 E122.55461
G1 X145.88 Y86.791 E122.57939
G1 X146.103 Y87.559 E122.60599
G1 X146.104 Y132.542 E124.10213
G1 X145.775 Y133.434 E124.13375
G1 X145.41 Y133.929 E124.15421
G1 X144.96 Y134.327 E124.17419
G1 X144.457 Y134.638 E124.19386
G1 X143.662 Y134.851 E124.22123
G1 X76.208 Y134.854 E126.46476
G1 X75.316 Y134.525 E126.49638
G1 X74.826 Y134.165 E126.51661
G1 X74.418 Y133.714 E126.53683
G1 X74.098 Y133.176 E126.55765
G1 X73.897 Y132.373 E126.58519
G1 X73.9 Y87.592 E128.07461
G1 X74.076 Y86.913 E128.09794
G1 X74.339 Y86.372 E128.11794
G1 X74.817 Y85.84 E128.14173
M204 S2000
G0 F7500 X75.087 Y86.138
M204 S500
G1 F1500 X75.516 Y85.824 E128.15941
G1 X76.288 Y85.547 E128.18669
G1 X143.658 Y85.55 E130.42743
G1 X144.34 Y85.759 E130.45115
G1 X144.591 Y85.885 E130.4605
G1 X145.195 Y86.405 E130.487
G1 X145.509 Y86.948 E130.50787
G1 X145.703 Y87.616 E130.531
G1 X145.704 Y132.472 E132.02292
G1 X145.42 Y133.242 E132.05022
G1 X145.115 Y133.656 E132.06732
G1 X144.695 Y134.027 E132.08596
G1 X144.295 Y134.268 E132.10149
G1 X143.611 Y134.451 E132.12504
G1 X76.278 Y134.454 E134.36454
G1 X75.508 Y134.17 E134.39184
G1 X75.096 Y133.867 E134.40885
G1 X74.743 Y133.477 E134.42635
G1 X74.471 Y133.02 E134.44404
G1 X74.297 Y132.324 E134.4679
G1 X74.3 Y87.643 E135.95399
G1 X74.453 Y87.054 E135.97423
G1 X74.675 Y86.597 E135.99113
G1 X75.087 Y86.138 E136.01165
M204 S2000
G0 F7500 X75.357 Y86.436
M204 S500
G1 F1500 X75.707 Y86.18 E136.02607
G1 X76.356 Y85.947 E136.049
G1 X143.6 Y85.95 E138.28555
G1 X144.223 Y86.141 E138.30722
G1 X144.367 Y86.22 E138.31268
G1 X144.883 Y86.664 E138.33533
G1 X145.138 Y87.105 E138.35227
G1 X145.303 Y87.673 E138.37194
G1 X145.304 Y132.402 E139.85963
G1 X145.065 Y133.05 E139.88261
G1 X144.819 Y133.384 E139.8964
G1 X144.488 Y133.684 E139.91126
G1 X144.133 Y133.898 E139.92505
G1 X143.56 Y134.051 E139.94477
G1 X76.348 Y134.054 E142.18025
G1 X75.7 Y133.815 E142.20322
G1 X75.366 Y133.569 E142.21702
G1 X75.066 Y133.238 E142.23188
G1 X74.845 Y132.866 E142.24627
G1 X74.697 Y132.275 E142.26653
G1 X74.7 Y87.693 E143.74934
G1 X74.829 Y87.196 E143.76642
G1 X75.011 Y86.822 E143.78025
G1 X75.357 Y86.436 E143.79749
M204 S2000
G0 F7500 X75.627 Y86.734
M204 S500
G1 F1500 X75.898 Y86.536 E143.80865
G1 X76.424 Y86.347 E143.82724
G1 X143.542 Y86.35 E146.0596
G1 X144.106 Y86.523 E146.07922
G1 X144.571 Y86.923 E146.09962
G1 X144.767 Y87.262 E146.11264
G1 X144.903 Y87.73 E146.12885
G1 X144.904 Y132.332 E147.61232
G1 X144.711 Y132.856 E147.6309
G1 X144.519 Y133.116 E147.64165
G1 X144.249 Y133.361 E147.65377
G1 X143.973 Y133.527 E147.66448
G1 X143.509 Y133.651 E147.68046
G1 X76.418 Y133.654 E149.91191
G1 X75.894 Y133.461 E149.93049
G1 X75.634 Y133.269 E149.94124
G1 X75.389 Y132.999 E149.95336
G1 X75.219 Y132.712 E149.96446
G1 X75.097 Y132.226 E149.98112
G1 X75.1 Y87.744 E151.4606
G1 X75.206 Y87.337 E151.47459
G1 X75.347 Y87.047 E151.48531
G1 X75.627 Y86.734 E151.49928
M204 S2000
G0 F7500 X76.223 Y87.268
M204 S500
G1 F1500 X76.56 Y87.147 E151.51119
G1 X143.426 Y87.15 E153.73516
G1 X143.71 Y87.237 E153.74504
G1 X143.999 Y87.486 E153.75773
G1 X144.103 Y87.844 E153.77013
G1 X144.104 Y132.191 E155.24512
G1 X143.981 Y132.524 E155.25692
G1 X143.711 Y132.769 E155.26905
G1 X143.405 Y132.851 E155.27959
G1 X76.559 Y132.854 E157.50289
G1 X76.226 Y132.731 E157.5147
G1 X75.981 Y132.461 E157.52683
G1 X75.897 Y132.127 E157.53828
G1 X75.9 Y87.846 E159.01107
G1 X75.98 Y87.539 E159.02163
G1 X76.223 Y87.268 E159.03373
M204 S2000
G0 F7500 X76.088 Y86.892
M204 S500
G1 F1500 X76.492 Y86.747 E159.04801
G1 X143.484 Y86.75 E161.27617
G1 X143.908 Y86.88 E161.29092
G1 X144.26 Y87.183 E161.30637
G1 X144.383 Y87.374 E161.31393
G1 X144.503 Y87.787 E161.32823
G1 X144.504 Y132.262 E162.80748
G1 X144.356 Y132.663 E162.82169
G1 X144.25 Y132.82 E162.82799
G1 X143.98 Y133.065 E162.84012
G1 X143.815 Y133.155 E162.84637
G1 X143.457 Y133.251 E162.8587
G1 X76.488 Y133.254 E165.0861
G1 X76.087 Y133.106 E165.10031
G1 X75.93 Y133 E165.10661
G1 X75.685 Y132.73 E165.11874
G1 X75.593 Y132.559 E165.1252
G1 X75.497 Y132.177 E165.1383
G1 X75.5 Y87.795 E166.61445
G1 X75.593 Y87.438 E166.62672
G1 X75.682 Y87.272 E166.63298
G1 X75.925 Y87.001 E166.64509
G1 X76.088 Y86.892 E166.65161
M204 S2000
G1 F2400 E165.85161
;MESH:raspberry pi 4 B bottom part case.stl
G0 F7500 X76.581 Y87.797
G0 X76.786 Y91.552
M204 S500
;TYPE:WALL-INNER
G1 F2400 E166.65161
G1 F1073.3 X76.766 Y92 E166.67246
G1 F1069.5 X76.787 Y92.495 E166.69557
M204 S2000
G1 F2400 E165.89557
G0 F7500 X76.875 Y127.65
G0 X76.786 Y128.303
M204 S500
G1 F2400 E166.69557
G1 F1073.3 X76.766 Y128.748 E166.71627
G1 F1069.5 X76.787 Y129.247 E166.73957
M204 S2000
G1 F2400 E165.93957
G0 F7500 X77.574 Y130.392
G0 X78.253 Y130.992
G0 X80.035 Y131.739
G0 X79.505 Y131.791
G0 X80.458 Y131.891
G0 X122.049 Y131.891
G0 X122.608 Y131.769
G0 X110 Y132.052
M204 S500
G1 F2400 E166.73957
G1 F1500 X122.047 Y132.052 E167.14026
G1 F1357.5 X122.569 Y132.009 E167.15951
G1 F1268.5 X123.057 Y132.022 E167.17871
G1 F1282.1 X123.543 Y132.015 E167.19762
G1 F1369.9 X123.961 Y132.052 E167.2129
G1 F1500 X143.3 Y132.051 E167.85612
G1 X143.299 Y87.948 E169.32299
G1 X76.699 Y87.947 E171.53812
G1 X76.696 Y91.108 E171.64325
G1 F1227 X76.786 Y91.552 E171.66167
G1 X76.975 Y91.143 E171.67999
G1 F1500 X77.171 Y90.664 E171.69721
G1 X77.44 Y90.256 E171.71346
G1 X77.787 Y89.898 E171.73004
G1 X78.143 Y89.639 E171.74469
G1 X78.554 Y89.423 E171.76013
G1 X79.036 Y89.272 E171.77693
G1 X79.44 Y89.22 E171.79048
G1 X79.977 Y89.229 E171.80834
G1 X80.481 Y89.35 E171.82558
G1 X80.805 Y89.477 E171.83715
G1 X81.25 Y89.734 E171.85425
G1 X81.622 Y90.049 E171.87046
G1 X81.93 Y90.428 E171.8867
G1 X82.165 Y90.852 E171.90282
G1 X82.329 Y91.308 E171.91894
G1 X82.4 Y91.781 E171.93485
G1 X82.405 Y92.213 E171.94922
G1 X82.325 Y92.692 E171.96537
G1 X82.161 Y93.153 E171.98165
G1 X81.92 Y93.575 E171.99781
G1 X81.643 Y93.919 E172.0125
G1 X81.292 Y94.231 E172.02812
G1 X80.894 Y94.481 E172.04375
G1 X80.448 Y94.665 E172.0598
G1 X79.963 Y94.767 E172.07628
G1 X79.449 Y94.776 E172.09338
G1 X79.061 Y94.73 E172.10638
G1 X78.6 Y94.594 E172.12236
G1 X78.17 Y94.384 E172.13828
G1 X77.778 Y94.094 E172.1545
G1 X77.478 Y93.776 E172.16904
G1 X77.198 Y93.38 E172.18517
G1 X76.988 Y92.902 E172.20253
G1 F1222 X76.787 Y92.495 E172.22107
G1 X76.696 Y92.94 E172.23961
G1 F1500 X76.696 Y127.858 E173.40099
G1 F1227 X76.786 Y128.303 E173.41945
G1 X76.975 Y127.893 E173.4378
G1 F1500 X77.004 Y127.806 E173.44085
G1 X77.175 Y127.41 E173.4552
G1 X77.441 Y127.008 E173.47123
G1 X77.749 Y126.69 E173.48596
G1 X78.157 Y126.375 E173.5031
G1 X78.557 Y126.17 E173.51805
G1 X79.007 Y126.028 E173.53375
G1 X79.486 Y125.962 E173.54983
G1 X79.982 Y125.982 E173.56634
G1 X80.475 Y126.099 E173.58319
G1 X80.847 Y126.241 E173.59643
G1 X81.259 Y126.489 E173.61243
G1 X81.639 Y126.822 E173.62923
G1 X81.916 Y127.161 E173.64379
G1 X82.162 Y127.602 E173.66059
G1 X82.328 Y128.053 E173.67657
G1 X82.4 Y128.529 E173.69259
G1 X82.405 Y128.964 E173.70705
G1 X82.328 Y129.444 E173.72322
G1 X82.164 Y129.905 E173.7395
G1 X81.903 Y130.349 E173.75663
G1 X81.658 Y130.658 E173.76974
G1 X81.304 Y130.978 E173.78562
G1 X80.891 Y131.232 E173.80174
G1 X80.499 Y131.393 E173.81584
G1 F1369.9 X80.002 Y131.544 E173.83475
G1 F1282.1 X79.52 Y131.562 E173.85352
G1 F1271.2 X79.1 Y131.525 E173.87007
G1 F1357.5 X78.55 Y131.318 E173.89167
G1 F1500 X78.164 Y131.127 E173.90599
G1 X77.797 Y130.854 E173.92121
G1 X77.478 Y130.524 E173.93647
G1 X77.201 Y130.132 E173.95244
G1 X77.023 Y129.749 E173.96648
G1 X76.988 Y129.654 E173.96985
G1 F1222 X76.787 Y129.247 E173.98838
G1 X76.696 Y129.692 E174.00693
G1 F1500 X76.696 Y132.05 E174.08536
G1 X78.547 Y132.052 E174.14692
G1 F1357.5 X79.069 Y132.009 E174.16617
G1 F1268.5 X79.557 Y132.022 E174.18537
G1 F1282.1 X80.043 Y132.015 E174.20428
G1 F1369.9 X80.461 Y132.052 E174.21957
G1 F1500 X110 Y132.052 E175.20204
M204 S2000
G0 F7500 X122.615 Y131.803
G0 X122.6 Y131.525
M204 S500
G1 F1357.5 X122.05 Y131.318 E175.22364
G1 F1500 X121.665 Y131.128 E175.23792
G1 X121.274 Y130.839 E175.25409
G1 X120.921 Y130.452 E175.27151
G1 X120.699 Y130.129 E175.28455
G1 X120.503 Y129.706 E175.30005
G1 X120.375 Y129.233 E175.31635
G1 X120.333 Y128.742 E175.33274
G1 X120.379 Y128.262 E175.34878
G1 X120.504 Y127.806 E175.3645
G1 X120.677 Y127.411 E175.37885
G1 X120.935 Y127.019 E175.39445
G1 X121.292 Y126.649 E175.41156
G1 X121.647 Y126.384 E175.42629
G1 X122.038 Y126.18 E175.44096
G1 X122.472 Y126.039 E175.45614
G1 X122.967 Y125.965 E175.47278
G1 X123.475 Y125.984 E175.48969
G1 X123.918 Y126.081 E175.50477
G1 X124.362 Y126.251 E175.52059
G1 X124.769 Y126.499 E175.53644
G1 X125.121 Y126.803 E175.55191
G1 X125.427 Y127.175 E175.56793
G1 X125.662 Y127.602 E175.58414
G1 X125.828 Y128.053 E175.60012
G1 X125.9 Y128.529 E175.61614
G1 X125.905 Y128.964 E175.6306
G1 X125.828 Y129.444 E175.64677
G1 X125.664 Y129.905 E175.66305
G1 X125.403 Y130.349 E175.68018
G1 X125.158 Y130.658 E175.69329
G1 X124.804 Y130.978 E175.70917
G1 X124.391 Y131.232 E175.72529
G1 X123.999 Y131.393 E175.73939
G1 F1369.9 X123.502 Y131.544 E175.7583
G1 F1282.1 X123.02 Y131.562 E175.77707
G1 F1271.2 X122.6 Y131.525 E175.79362
M204 S2000
G1 F2400 E174.99362
G0 F7500 X122.586 Y131.865
G0 X78.549 Y131.891
G0 X122.049 Y131.891
G0 X122.437 Y131.837
G0 X122.102 Y131.557
G0 X122.515 Y131.717
G0 X122.979 Y125.8
G0 X122.985 Y94.961
G0 X122.993 Y94.78
M204 S500
G1 F2400 E175.79362
G1 F1500 X122.535 Y94.722 E175.80898
G1 X122.069 Y94.58 E175.82518
G1 X121.651 Y94.368 E175.84077
G1 X121.26 Y94.074 E175.85704
G1 X120.941 Y93.732 E175.87259
G1 X120.703 Y93.384 E175.88662
G1 X120.504 Y92.952 E175.90244
G1 X120.375 Y92.482 E175.91865
G1 X120.333 Y91.994 E175.93494
G1 X120.379 Y91.514 E175.95098
G1 X120.503 Y91.061 E175.9666
G1 X120.672 Y90.663 E175.98098
G1 X120.943 Y90.253 E175.99732
G1 X121.249 Y89.937 E176.01195
G1 X121.625 Y89.652 E176.02765
G1 X122.053 Y89.423 E176.04379
G1 X122.536 Y89.272 E176.06062
G1 X122.94 Y89.22 E176.07417
G1 X123.471 Y89.229 E176.09184
G1 X123.891 Y89.322 E176.10614
G1 X124.305 Y89.477 E176.12085
G1 X124.713 Y89.713 E176.13652
G1 X125.123 Y90.049 E176.15415
G1 X125.435 Y90.436 E176.17069
G1 X125.681 Y90.896 E176.18804
G1 X125.829 Y91.306 E176.20254
G1 X125.9 Y91.781 E176.21851
G1 X125.905 Y92.213 E176.23288
G1 X125.825 Y92.692 E176.24903
G1 X125.656 Y93.164 E176.26571
G1 X125.43 Y93.56 E176.28087
G1 X125.157 Y93.904 E176.29548
G1 X124.788 Y94.234 E176.31194
G1 X124.374 Y94.491 E176.32815
G1 X123.964 Y94.657 E176.34286
G1 X123.468 Y94.764 E176.35974
G1 X122.993 Y94.78 E176.37555
M204 S2000
G0 F7500 X123.002 Y94.38
M204 S500
;TYPE:WALL-OUTER
G1 F1500 X122.656 Y94.339 E176.38713
G1 X122.233 Y94.215 E176.4018
G1 X121.865 Y94.029 E176.41551
G1 X121.537 Y93.785 E176.42911
G1 X121.257 Y93.487 E176.44271
G1 X121.05 Y93.184 E176.45491
G1 X120.874 Y92.797 E176.46905
G1 X120.768 Y92.393 E176.48294
G1 X120.736 Y91.981 E176.49669
G1 X120.778 Y91.569 E176.51046
G1 X120.871 Y91.217 E176.52257
G1 X121.019 Y90.869 E176.53515
G1 X121.268 Y90.492 E176.55018
G1 X121.561 Y90.194 E176.56408
G1 X121.861 Y89.974 E176.57645
G1 X122.222 Y89.789 E176.58994
G1 X122.614 Y89.665 E176.60362
G1 X122.99 Y89.617 E176.61622
G1 X123.444 Y89.632 E176.63133
G1 X123.804 Y89.712 E176.6436
G1 X124.158 Y89.849 E176.65622
G1 X124.534 Y90.075 E176.67081
G1 X124.848 Y90.345 E176.68459
G1 X125.088 Y90.642 E176.69729
G1 X125.305 Y91.032 E176.71213
G1 X125.442 Y91.422 E176.72588
G1 X125.498 Y91.754 E176.73708
G1 X125.502 Y92.196 E176.75178
G1 X125.438 Y92.591 E176.76509
G1 X125.305 Y92.968 E176.77839
G1 X125.098 Y93.336 E176.79243
G1 X124.866 Y93.63 E176.80489
G1 X124.556 Y93.908 E176.81874
G1 X124.213 Y94.124 E176.83222
G1 X123.836 Y94.278 E176.84576
G1 X123.409 Y94.368 E176.86028
G1 X123.002 Y94.38 E176.87382
M204 S2000
G1 F2400 E176.07382
G0 F7500 X122.965 Y94.68
G0 X122.985 Y94.961
G0 X122.978 Y125.761
G0 X122.577 Y131.668
G0 X122.658 Y131.087
M204 S500
G1 F2400 E176.87382
G1 F1500 X122.259 Y130.973 E176.88762
G1 X121.895 Y130.796 E176.90108
G1 X121.556 Y130.549 E176.91503
G1 X121.27 Y130.25 E176.92879
G1 X121.042 Y129.917 E176.94222
G1 X120.886 Y129.581 E176.95454
G1 X120.768 Y129.145 E176.96956
G1 X120.736 Y128.729 E176.98344
G1 X120.778 Y128.317 E176.99721
G1 X120.872 Y127.964 E177.00936
G1 X121.028 Y127.603 E177.02244
G1 X121.253 Y127.262 E177.03603
G1 X121.553 Y126.952 E177.05038
G1 X121.883 Y126.708 E177.06403
G1 X122.216 Y126.539 E177.07645
G1 X122.612 Y126.417 E177.09023
G1 X122.999 Y126.364 E177.10322
G1 X123.434 Y126.382 E177.1177
G1 X123.822 Y126.469 E177.13093
G1 X124.177 Y126.606 E177.14359
G1 X124.517 Y126.81 E177.15677
G1 X124.835 Y127.083 E177.17071
G1 X125.108 Y127.419 E177.18511
G1 X125.298 Y127.768 E177.19833
G1 X125.442 Y128.17 E177.21253
G1 X125.498 Y128.502 E177.22373
G1 X125.502 Y128.948 E177.23856
G1 X125.433 Y129.36 E177.25246
G1 X125.305 Y129.72 E177.26517
G1 X125.089 Y130.101 E177.27973
G1 X124.854 Y130.393 E177.2922
G1 X124.546 Y130.667 E177.30591
G1 X124.192 Y130.882 E177.31969
G1 X123.848 Y131.022 E177.33204
G1 X123.427 Y131.114 E177.34637
G1 X122.994 Y131.131 E177.36079
G1 X122.658 Y131.087 E177.37206
M204 S2000
G1 F2400 E176.57206
G0 F7500 X122.571 Y131.784
G0 X110 Y132.452
M204 S500
G1 F2400 E177.37206
G1 F1500 X143.462 Y132.452 E178.48501
G1 X143.637 Y132.292 E178.49289
G1 X143.704 Y132.115 E178.49919
G1 X143.7 Y87.9 E179.96978
G1 X143.645 Y87.702 E179.97662
G1 X143.547 Y87.605 E179.98121
G1 X143.362 Y87.548 E179.98764
G1 X76.628 Y87.545 E182.20723
G1 X76.456 Y87.607 E182.21331
G1 X76.296 Y87.785 E182.22127
G1 X76.296 Y132.211 E183.69888
G1 X76.456 Y132.388 E183.70682
G1 X76.631 Y132.452 E183.71302
G1 X110 Y132.452 E184.82287
M204 S2000
G1 F2400 E184.02287
G0 F7500 X122.615 Y131.803
G0 X122.272 Y131.841
G0 X80.458 Y131.891
G0 X80.041 Y131.817
G0 X79.556 Y131.831
G0 X79.805 Y131.762
G0 X80.328 Y131.653
G0 X80.348 Y131.022
M204 S500
G1 F2400 E184.82287
G1 F1500 X79.927 Y131.114 E184.83721
G1 X79.494 Y131.131 E184.85162
G1 X79.158 Y131.087 E184.86289
G1 X78.759 Y130.973 E184.87669
G1 X78.395 Y130.796 E184.89015
G1 X78.049 Y130.544 E184.90439
G1 X77.77 Y130.25 E184.91787
G1 X77.542 Y129.917 E184.93129
G1 X77.374 Y129.549 E184.94475
G1 X77.27 Y129.163 E184.95805
G1 X77.236 Y128.729 E184.97252
G1 X77.278 Y128.317 E184.9863
G1 X77.372 Y127.964 E184.99845
G1 X77.536 Y127.589 E185.01206
G1 X77.768 Y127.244 E185.02589
G1 X78.06 Y126.947 E185.03974
G1 X78.388 Y126.706 E185.05328
G1 X78.724 Y126.537 E185.06579
G1 X79.112 Y126.417 E185.0793
G1 X79.488 Y126.365 E185.09192
G1 X79.944 Y126.384 E185.1071
G1 X80.304 Y126.464 E185.11937
G1 X80.673 Y126.604 E185.13249
G1 X81.023 Y126.814 E185.14607
G1 X81.336 Y127.084 E185.15982
G1 X81.601 Y127.407 E185.17371
G1 X81.798 Y127.768 E185.18739
G1 X81.942 Y128.17 E185.2016
G1 X81.998 Y128.502 E185.21279
G1 X82.002 Y128.948 E185.22763
G1 X81.933 Y129.36 E185.24152
G1 X81.805 Y129.72 E185.25423
G1 X81.589 Y130.101 E185.2688
G1 X81.354 Y130.393 E185.28126
G1 X81.046 Y130.667 E185.29498
G1 X80.692 Y130.882 E185.30875
G1 X80.348 Y131.022 E185.3211
M204 S2000
G1 F2400 E184.5211
G0 F7500 X80.295 Y131.569
G0 X81.543 Y130.545
G0 X82.019 Y129.831
G0 X82.172 Y129.401
G0 X82.24 Y128.5
G0 X82.02 Y127.67
G0 X81.798 Y127.271
G0 X81.509 Y126.918
G0 X79.996 Y125.822
G0 X77.682 Y126.529
G0 X76.888 Y127.592
G0 X76.887 Y93.158
G0 X78.817 Y94.715
G0 X80.459 Y94.552
G0 X80.348 Y94.274
M204 S500
G1 F2400 E185.3211
G1 F1500 X79.934 Y94.364 E185.33519
G1 X79.496 Y94.379 E185.34977
G1 X79.127 Y94.332 E185.36214
G1 X78.727 Y94.212 E185.37603
G1 X78.395 Y94.048 E185.38835
G1 X78.056 Y93.801 E185.4023
G1 X77.77 Y93.502 E185.41606
G1 X77.542 Y93.168 E185.42951
G1 X77.374 Y92.797 E185.44306
G1 X77.27 Y92.411 E185.45635
G1 X77.236 Y91.981 E185.4707
G1 X77.278 Y91.565 E185.48461
G1 X77.362 Y91.245 E185.49561
G1 X77.536 Y90.837 E185.51036
G1 X77.768 Y90.492 E185.52419
G1 X78.061 Y90.194 E185.53809
G1 X78.367 Y89.97 E185.5507
G1 X78.722 Y89.789 E185.56396
G1 X79.114 Y89.665 E185.57763
G1 X79.49 Y89.617 E185.59024
G1 X79.944 Y89.632 E185.60535
G1 X80.304 Y89.712 E185.61761
G1 X80.658 Y89.849 E185.63024
G1 X81.034 Y90.075 E185.64483
G1 X81.322 Y90.319 E185.65738
G1 X81.588 Y90.642 E185.6713
G1 X81.805 Y91.032 E185.68615
G1 X81.942 Y91.422 E185.69989
G1 X81.998 Y91.754 E185.71109
G1 X82.002 Y92.196 E185.72579
G1 X81.938 Y92.591 E185.7391
G1 X81.798 Y92.985 E185.75301
G1 X81.601 Y93.333 E185.76631
G1 X81.361 Y93.635 E185.77914
G1 X81.058 Y93.907 E185.79268
G1 X80.709 Y94.126 E185.80639
G1 X80.348 Y94.274 E185.81936
M204 S2000
G1 F2400 E185.01936
G0 F7500 X80.459 Y94.552
G0 X78.536 Y94.743
G0 X76.887 Y93.158
G0 X76.888 Y127.592
G0 X78.968 Y125.872
G0 X81.353 Y126.357
G0 X82.56 Y128.466
G0 X81.777 Y130.767
G0 X80.035 Y131.739
G0 X79.505 Y131.791
G0 X80.458 Y131.891
G0 X122.049 Y131.891
G0 X122.608 Y131.769
G0 X110 Y131.692
M204 S500
;TYPE:SKIN
G1 F2400 E185.81936
G1 F1500 X80.716 Y131.691 E186.79335
G1 X81.035 Y131.562 E186.8048
G1 X81.501 Y131.279 E186.82293
G1 X81.915 Y130.909 E186.8414
G1 X82.218 Y130.528 E186.85759
G1 X82.497 Y130.035 E186.87643
G1 X82.682 Y129.505 E186.8951
G1 X82.762 Y129.013 E186.91168
G1 X82.754 Y128.426 E186.93121
G1 X82.678 Y127.974 E186.94645
G1 X82.492 Y127.462 E186.96457
G1 X82.205 Y126.944 E186.98427
G1 X81.876 Y126.548 E187.00139
G1 X81.476 Y126.198 E187.01907
G1 X81.022 Y125.927 E187.03665
G1 X80.561 Y125.745 E187.05314
G1 X80.039 Y125.628 E187.07093
G1 X79.452 Y125.601 E187.09048
G1 X78.936 Y125.673 E187.1078
G1 X78.435 Y125.829 E187.12526
G1 X77.981 Y126.057 E187.14215
G1 X77.564 Y126.363 E187.15936
G1 X77.168 Y126.768 E187.1782
G1 X77.057 Y126.93 E187.18473
G1 X77.056 Y93.852 E188.28491
G1 X77.514 Y94.342 E188.30721
G1 X77.999 Y94.7 E188.32726
G1 X78.479 Y94.933 E188.34501
G1 X78.971 Y95.076 E188.36205
G1 X79.463 Y95.139 E188.37855
G1 X80.026 Y95.12 E188.39729
G1 X80.538 Y95.012 E188.41469
G1 X81.07 Y94.791 E188.43385
G1 X81.532 Y94.503 E188.45196
G1 X81.929 Y94.135 E188.46996
G1 X82.238 Y93.745 E188.48651
G1 X82.49 Y93.305 E188.50338
G1 X82.678 Y92.758 E188.52261
G1 X82.762 Y92.266 E188.53921
G1 X82.754 Y91.678 E188.55877
G1 X82.678 Y91.234 E188.57376
G1 X82.497 Y90.713 E188.5921
G1 X82.22 Y90.214 E188.61108
G1 X81.892 Y89.806 E188.62849
G1 X81.478 Y89.451 E188.64663
G1 X81.015 Y89.172 E188.66461
G1 X80.556 Y88.993 E188.681
G1 F1351.4 X80.046 Y88.83 E188.70077
G1 F1244.8 X79.526 Y88.818 E188.72161
G1 F1219.5 X78.974 Y88.864 E188.74427
G1 F1321.6 X78.398 Y89.095 E188.7677
G1 F1500 X77.939 Y89.338 E188.78497
G1 X77.544 Y89.628 E188.80127
G1 X77.168 Y90.016 E188.81924
G1 X77.053 Y90.184 E188.82601
G1 X77.056 Y88.304 E188.88854
G1 X78.318 Y88.305 E188.93052
G1 F1321.6 X78.945 Y88.358 E188.95427
G1 F1219.5 X79.465 Y88.343 E188.97555
G1 F1244.8 X80.1 Y88.349 E189.001
G1 F1351.4 X80.605 Y88.305 E189.01972
G1 F1500 X121.824 Y88.307 E190.39067
G1 F1324.5 X122.446 Y88.36 E190.41418
G1 F1224.5 X123.02 Y88.344 E190.43758
G1 F1250 X123.601 Y88.351 E190.46077
G1 F1354.4 X124.102 Y88.307 E190.47929
G1 F1500 X142.94 Y88.308 E191.10585
G1 X142.944 Y131.692 E192.54881
G1 X124.216 Y131.691 E193.1717
G1 X124.535 Y131.562 E193.18315
G1 X125.001 Y131.279 E193.20128
G1 X125.415 Y130.909 E193.21975
G1 X125.718 Y130.528 E193.23594
G1 X125.997 Y130.035 E193.25478
G1 X126.182 Y129.505 E193.27345
G1 X126.262 Y129.013 E193.29003
G1 X126.254 Y128.426 E193.30955
G1 X126.178 Y127.974 E193.3248
G1 X125.992 Y127.466 E193.34279
G1 X125.732 Y126.984 E193.36101
G1 X125.375 Y126.547 E193.37978
G1 X124.945 Y126.181 E193.39856
G1 X124.519 Y125.925 E193.41509
G1 X124.022 Y125.733 E193.43281
G1 X123.501 Y125.622 E193.45053
G1 X122.977 Y125.6 E193.46797
G1 X122.429 Y125.676 E193.48637
G1 X121.932 Y125.831 E193.50369
G1 X121.445 Y126.082 E193.52191
G1 X121.028 Y126.401 E193.53937
G1 X120.644 Y126.799 E193.55776
G1 X120.36 Y127.235 E193.57507
G1 X120.148 Y127.715 E193.59252
G1 X120.02 Y128.213 E193.60963
G1 X119.972 Y128.725 E193.62673
G1 X120.012 Y129.268 E193.64484
G1 X120.17 Y129.849 E193.66487
G1 X120.378 Y130.293 E193.68117
G1 X120.677 Y130.729 E193.69876
G1 X121.017 Y131.093 E193.71532
G1 X121.469 Y131.43 E193.73408
G1 X122.004 Y131.692 E193.75389
G1 X110 Y131.692 E194.15314
M204 S2000
G1 F2400 E193.35314
G0 F7500 X122.622 Y131.67
G0 X122.979 Y125.8
G0 X122.985 Y94.961
G0 X122.966 Y95.136
M204 S500
G1 F2400 E194.15314
G1 F1500 X123.473 Y95.124 E194.17001
G1 X124.065 Y95.002 E194.19011
G1 X124.591 Y94.782 E194.20908
G1 X124.997 Y94.524 E194.22508
G1 X125.422 Y94.146 E194.244
G1 X125.717 Y93.777 E194.25971
G1 X125.976 Y93.32 E194.27718
G1 X126.178 Y92.762 E194.29692
G1 X126.262 Y92.266 E194.31365
G1 X126.254 Y91.678 E194.33321
G1 X126.178 Y91.234 E194.34819
G1 X125.997 Y90.713 E194.36653
G1 X125.735 Y90.238 E194.38458
G1 X125.371 Y89.788 E194.40383
G1 X124.946 Y89.427 E194.42237
G1 X124.526 Y89.179 E194.4386
G1 X124.053 Y88.993 E194.4555
G1 F1354.4 X123.547 Y88.831 E194.47507
G1 F1247.4 X122.992 Y88.819 E194.49728
G1 F1222 X122.475 Y88.864 E194.51846
G1 F1324.5 X121.91 Y89.093 E194.54143
G1 F1500 X121.481 Y89.309 E194.5574
G1 X121.031 Y89.637 E194.57592
G1 X120.671 Y90.013 E194.59324
G1 X120.361 Y90.477 E194.6118
G1 X120.147 Y90.969 E194.62964
G1 X120.02 Y91.469 E194.6468
G1 X119.972 Y91.977 E194.66377
G1 X120.012 Y92.516 E194.68175
G1 X120.163 Y93.063 E194.70062
G1 X120.39 Y93.56 E194.71879
G1 X120.684 Y93.988 E194.73606
G1 X121.043 Y94.363 E194.75333
G1 X121.489 Y94.694 E194.7718
G1 X121.971 Y94.931 E194.78967
G1 X122.449 Y95.072 E194.80624
G1 X122.966 Y95.136 E194.82357
M204 S2000
G1 F2400 E194.02357
G0 F7500 X122.989 Y94.881
G0 X124.321 Y94.341
G0 X125.817 Y93.244
G0 X125.819 Y88.128
G0 X142.248 Y88.508
M204 S500
G1 F2400 E194.82357
G1 F1500 X142.741 Y89.001 E194.84676
M204 S2000
G0 F7500 X142.741 Y89.566
M204 S500
G1 F1500 X141.682 Y88.508 E194.89655
M204 S2000
G0 F7500 X141.117 Y88.508
M204 S500
G1 F1500 X142.741 Y90.132 E194.97294
M204 S2000
G0 F7500 X142.741 Y90.698
M204 S500
G1 F1500 X140.551 Y88.508 E195.07595
M204 S2000
G0 F7500 X139.985 Y88.508
M204 S500
G1 F1500 X142.741 Y91.263 E195.20556
M204 S2000
G0 F7500 X142.741 Y91.829
M204 S500
G1 F1500 X139.42 Y88.508 E195.36177
M204 S2000
G0 F7500 X138.854 Y88.508
M204 S500
G1 F1500 X142.741 Y92.395 E195.5446
M204 S2000
G0 F7500 X142.741 Y92.961
M204 S500
G1 F1500 X138.288 Y88.508 E195.75405
M204 S2000
G0 F7500 X137.722 Y88.508
M204 S500
G1 F1500 X142.741 Y93.526 E195.99011
M204 S2000
G0 F7500 X142.741 Y94.092
M204 S500
G1 F1500 X137.157 Y88.508 E196.25276
M204 S2000
G0 F7500 X136.591 Y88.508
M204 S500
G1 F1500 X142.741 Y94.658 E196.54204
M204 S2000
G0 F7500 X142.741 Y95.223
M204 S500
G1 F1500 X136.025 Y88.508 E196.85792
M204 S2000
G0 F7500 X135.46 Y88.508
M204 S500
G1 F1500 X142.741 Y95.789 E197.20039
M204 S2000
G0 F7500 X142.741 Y96.355
M204 S500
G1 F1500 X134.894 Y88.508 E197.56949
M204 S2000
G0 F7500 X134.328 Y88.508
M204 S500
G1 F1500 X142.741 Y96.92 E197.96519
M204 S2000
G0 F7500 X142.742 Y97.487
M204 S500
G1 F1500 X133.763 Y88.508 E198.38754
M204 S2000
G0 F7500 X133.197 Y88.508
M204 S500
G1 F1500 X142.742 Y98.052 E198.83648
M204 S2000
G0 F7500 X142.742 Y98.618
M204 S500
G1 F1500 X132.631 Y88.508 E199.31205
M204 S2000
G0 F7500 X132.066 Y88.508
M204 S500
G1 F1500 X142.742 Y99.184 E199.81421
M204 S2000
G0 F7500 X142.742 Y99.749
M204 S500
G1 F1500 X131.5 Y88.508 E200.34298
M204 S2000
G0 F7500 X130.934 Y88.508
M204 S500
G1 F1500 X142.742 Y100.315 E200.89837
M204 S2000
G0 F7500 X142.742 Y100.881
M204 S500
G1 F1500 X130.369 Y88.508 E201.48035
M204 S2000
G0 F7500 X129.803 Y88.508
M204 S500
G1 F1500 X142.742 Y101.446 E202.08894
M204 S2000
G0 F7500 X142.742 Y102.012
M204 S500
G1 F1500 X129.237 Y88.508 E202.72415
M204 S2000
G0 F7500 X128.672 Y88.508
M204 S500
G1 F1500 X142.742 Y102.578 E203.38596
M204 S2000
G0 F7500 X142.742 Y103.144
M204 S500
G1 F1500 X128.106 Y88.508 E204.07439
M204 S2000
G0 F7500 X127.54 Y88.508
M204 S500
G1 F1500 X142.742 Y103.709 E204.78943
M204 S2000
G0 F7500 X142.742 Y104.275
M204 S500
G1 F1500 X126.974 Y88.508 E205.53108
M204 S2000
G0 F7500 X126.409 Y88.508
M204 S500
G1 F1500 X142.742 Y104.841 E206.29934
M204 S2000
G0 F7500 X142.742 Y105.406
M204 S500
G1 F1500 X125.843 Y88.508 E207.09419
M204 S2000
G0 F7500 X125.277 Y88.508
M204 S500
G1 F1500 X142.742 Y105.973 E207.91569
M204 S2000
G0 F7500 X142.742 Y106.538
M204 S500
G1 F1500 X124.712 Y88.508 E208.76377
M204 S2000
G0 F7500 X124.671 Y89.033
M204 S500
G1 F1500 X124.146 Y88.508 E208.78846
M204 S2000
G1 F2400 E207.98846
G0 F7500 X124.147 Y88.048
G0 X122.289 Y88.128
G0 X122.505 Y89.094
G0 X122.139 Y88.763
M204 S500
G1 F2400 E208.78846
G1 F1500 X121.892 Y88.517 E208.80005
M204 S2000
G0 F7500 X121.759 Y88.949
M204 S500
G1 F1500 X121.316 Y88.506 E208.82089
M204 S2000
G0 F7500 X120.751 Y88.506
M204 S500
G1 F1500 X121.381 Y89.137 E208.85055
M204 S2000
G0 F7500 X121.051 Y89.373
M204 S500
G1 F1500 X120.185 Y88.506 E208.89131
M204 S2000
G0 F7500 X119.619 Y88.506
M204 S500
G1 F1500 X120.755 Y89.643 E208.94476
M204 S2000
G0 F7500 X120.485 Y89.938
M204 S500
G1 F1500 X119.053 Y88.506 E209.01212
M204 S2000
G0 F7500 X118.488 Y88.506
M204 S500
G1 F1500 X120.257 Y90.276 E209.09535
M204 S2000
G0 F7500 X120.068 Y90.653
M204 S500
G1 F1500 X117.922 Y88.506 E209.19632
M204 S2000
G0 F7500 X117.356 Y88.506
M204 S500
G1 F1500 X119.918 Y91.068 E209.31683
M204 S2000
G0 F7500 X119.814 Y91.529
M204 S500
G1 F1500 X116.791 Y88.506 E209.45902
M204 S2000
G0 F7500 X116.225 Y88.506
M204 S500
G1 F1500 X119.78 Y92.062 E209.62626
M204 S2000
G0 F7500 X119.854 Y92.701
M204 S500
G1 F1500 X115.659 Y88.506 E209.82358
M204 S2000
G0 F7500 X115.094 Y88.506
M204 S500
G1 F1500 X120.192 Y93.605 E210.0634
M204 S2000
G0 F7500 X120.608 Y93.415
G0 X121.721 Y94.519
G0 X121.516 Y94.928
M204 S500
G1 F1500 X142.743 Y116.156 E211.06187
M204 S2000
G0 F7500 X142.743 Y116.721
M204 S500
G1 F1500 X114.528 Y88.506 E212.38902
M204 S2000
G0 F7500 X113.962 Y88.506
M204 S500
G1 F1500 X142.743 Y117.287 E213.74279
M204 S2000
G0 F7500 X142.743 Y117.853
M204 S500
G1 F1500 X113.397 Y88.506 E215.12316
M204 S2000
G0 F7500 X112.831 Y88.506
M204 S500
G1 F1500 X142.743 Y118.418 E216.53013
M204 S2000
G0 F7500 X142.743 Y118.984
M204 S500
G1 F1500 X112.265 Y88.506 E217.96372
M204 S2000
G0 F7500 X111.7 Y88.506
M204 S500
G1 F1500 X142.743 Y119.55 E219.42391
M204 S2000
G0 F7500 X142.743 Y120.116
M204 S500
G1 F1500 X111.134 Y88.506 E220.91072
M204 S2000
G0 F7500 X110.568 Y88.506
M204 S500
G1 F1500 X142.743 Y120.681 E222.42414
M204 S2000
G0 F7500 X142.743 Y121.247
M204 S500
G1 F1500 X110.002 Y88.506 E223.96417
M204 S2000
G0 F7500 X109.437 Y88.506
M204 S500
G1 F1500 X142.743 Y121.813 E225.53081
M204 S2000
G0 F7500 X142.743 Y122.378
M204 S500
G1 F1500 X108.871 Y88.506 E227.12404
M204 S2000
G0 F7500 X108.305 Y88.506
M204 S500
G1 F1500 X142.744 Y122.945 E228.74395
M204 S2000
G0 F7500 X142.744 Y123.51
M204 S500
G1 F1500 X107.74 Y88.506 E230.39043
M204 S2000
G0 F7500 X107.174 Y88.506
M204 S500
G1 F1500 X142.744 Y124.076 E232.06353
M204 S2000
G0 F7500 X142.744 Y124.642
M204 S500
G1 F1500 X106.608 Y88.506 E233.76326
M204 S2000
G0 F7500 X106.043 Y88.506
M204 S500
G1 F1500 X142.744 Y125.207 E235.48956
M204 S2000
G0 F7500 X142.744 Y125.773
M204 S500
G1 F1500 X105.477 Y88.506 E237.24249
M204 S2000
G0 F7500 X104.911 Y88.506
M204 S500
G1 F1500 X142.744 Y126.339 E239.02204
M204 S2000
G0 F7500 X142.744 Y126.904
M204 S500
G1 F1500 X104.346 Y88.506 E240.82816
M204 S2000
G0 F7500 X103.78 Y88.506
M204 S500
G1 F1500 X142.744 Y127.47 E242.66091
M204 S2000
G0 F7500 X142.744 Y128.036
M204 S500
G1 F1500 X103.214 Y88.506 E244.52028
M204 S2000
G0 F7500 X102.649 Y88.506
M204 S500
G1 F1500 X142.744 Y128.602 E246.40625
M204 S2000
G0 F7500 X142.744 Y129.167
M204 S500
G1 F1500 X102.083 Y88.506 E248.31882
M204 S2000
G0 F7500 X101.517 Y88.506
M204 S500
G1 F1500 X142.744 Y129.733 E250.25801
M204 S2000
G0 F7500 X142.744 Y130.299
M204 S500
G1 F1500 X100.951 Y88.506 E252.22382
M204 S2000
G0 F7500 X100.385 Y88.506
M204 S500
G1 F1500 X142.744 Y130.864 E254.21624
M204 S2000
G0 F7500 X142.744 Y131.43
M204 S500
G1 F1500 X99.819 Y88.506 E256.23527
M204 S2000
G0 F7500 X99.254 Y88.506
M204 S500
G1 F1500 X142.239 Y131.491 E258.25716
M204 S2000
G0 F7500 X141.674 Y131.491
M204 S500
G1 F1500 X98.688 Y88.506 E260.27906
M204 S2000
G0 F7500 X98.122 Y88.506
M204 S500
G1 F1500 X141.108 Y131.491 E262.30097
M204 S2000
G0 F7500 X140.542 Y131.491
M204 S500
G1 F1500 X97.557 Y88.506 E264.32285
M204 S2000
G0 F7500 X96.991 Y88.506
M204 S500
G1 F1500 X139.977 Y131.491 E266.34476
M204 S2000
G0 F7500 X139.411 Y131.491
M204 S500
G1 F1500 X96.425 Y88.506 E268.36666
M204 S2000
G0 F7500 X95.86 Y88.506
M204 S500
G1 F1500 X138.845 Y131.491 E270.38855
M204 S2000
G0 F7500 X138.28 Y131.491
M204 S500
G1 F1500 X95.294 Y88.506 E272.41045
M204 S2000
G0 F7500 X94.728 Y88.506
M204 S500
G1 F1500 X137.714 Y131.491 E274.43236
M204 S2000
G0 F7500 X137.148 Y131.491
M204 S500
G1 F1500 X94.163 Y88.506 E276.45424
M204 S2000
G0 F7500 X93.597 Y88.506
M204 S500
G1 F1500 X136.583 Y131.491 E278.47615
M204 S2000
G0 F7500 X136.017 Y131.491
M204 S500
G1 F1500 X93.031 Y88.506 E280.49805
M204 S2000
G0 F7500 X92.466 Y88.506
M204 S500
G1 F1500 X135.451 Y131.491 E282.51994
M204 S2000
G0 F7500 X134.886 Y131.491
M204 S500
G1 F1500 X91.9 Y88.506 E284.54184
M204 S2000
G0 F7500 X91.334 Y88.506
M204 S500
G1 F1500 X134.32 Y131.491 E286.56375
M204 S2000
G0 F7500 X133.754 Y131.491
M204 S500
G1 F1500 X90.768 Y88.506 E288.58565
M204 S2000
G0 F7500 X90.203 Y88.506
M204 S500
G1 F1500 X133.189 Y131.491 E290.60756
M204 S2000
G0 F7500 X132.623 Y131.491
M204 S500
G1 F1500 X89.637 Y88.506 E292.62947
M204 S2000
G0 F7500 X89.071 Y88.506
M204 S500
G1 F1500 X132.057 Y131.491 E294.65137
M204 S2000
G0 F7500 X131.491 Y131.491
M204 S500
G1 F1500 X88.506 Y88.506 E296.67326
M204 S2000
G0 F7500 X87.94 Y88.506
M204 S500
G1 F1500 X130.926 Y131.491 E298.69516
M204 S2000
G0 F7500 X130.36 Y131.491
M204 S500
G1 F1500 X126.086 Y127.218 E298.89617
M204 S2000
G0 F7500 X126.402 Y128.099
M204 S500
G1 F1500 X129.794 Y131.491 E299.05572
M204 S2000
G0 F7500 X129.229 Y131.491
M204 S500
G1 F1500 X126.455 Y128.717 E299.1862
M204 S2000
G0 F7500 X126.423 Y129.251
M204 S500
G1 F1500 X128.663 Y131.491 E299.29157
M204 S2000
G0 F7500 X128.097 Y131.491
M204 S500
G1 F1500 X126.321 Y129.715 E299.3751
M204 S2000
G0 F7500 X126.169 Y130.129
M204 S500
G1 F1500 X127.532 Y131.491 E299.43919
M204 S2000
G0 F7500 X126.966 Y131.491
M204 S500
G1 F1500 X125.967 Y130.492 E299.48618
M204 S2000
G0 F7500 X125.736 Y130.827
M204 S500
G1 F1500 X126.4 Y131.491 E299.51741
M204 S2000
G0 F7500 X125.835 Y131.491
M204 S500
G1 F1500 X125.468 Y131.125 E299.53465
M204 S2000
G0 F7500 X125.174 Y131.397
M204 S500
G1 F1500 X125.269 Y131.491 E299.5391
M204 S2000
G0 F7500 X122.995 Y131.803
G0 X122.615 Y131.803
G0 X120.743 Y131.491
M204 S500
G1 F1500 X82.66 Y93.408 E301.33041
M204 S2000
G0 F7500 X82.453 Y93.767
M204 S500
G1 F1500 X120.178 Y131.491 E303.10485
M204 S2000
G0 F7500 X119.612 Y131.491
M204 S500
G1 F1500 X82.217 Y94.096 E304.8638
M204 S2000
G0 F7500 X81.946 Y94.391
M204 S500
G1 F1500 X119.046 Y131.491 E306.60887
M204 S2000
G0 F7500 X118.481 Y131.491
M204 S500
G1 F1500 X81.652 Y94.663 E308.34117
M204 S2000
G0 F7500 X81.304 Y94.88
M204 S500
G1 F1500 X117.915 Y131.491 E310.06324
M204 S2000
G0 F7500 X117.349 Y131.491
M204 S500
G1 F1500 X80.926 Y95.068 E311.77646
M204 S2000
G0 F7500 X80.513 Y95.221
M204 S500
G1 F1500 X116.784 Y131.491 E313.48252
M204 S2000
G0 F7500 X116.218 Y131.491
M204 S500
G1 F1500 X80.042 Y95.316 E315.1841
M204 S2000
G0 F7500 X79.498 Y95.337
M204 S500
G1 F1500 X115.652 Y131.491 E316.88467
M204 S2000
G0 F7500 X115.087 Y131.491
M204 S500
G1 F1500 X78.835 Y95.24 E318.58983
M204 S2000
G0 F7500 X78.475 Y94.646
G0 X78.118 Y94.47
G0 X77.893 Y94.864
M204 S500
G1 F1500 X114.521 Y131.491 E320.31268
M204 S2000
G0 F7500 X113.955 Y131.491
M204 S500
G1 F1500 X77.256 Y94.792 E322.03889
M204 S2000
G0 F7500 X77.256 Y95.358
M204 S500
G1 F1500 X113.39 Y131.491 E323.7385
M204 S2000
G0 F7500 X112.824 Y131.491
M204 S500
G1 F1500 X77.256 Y95.923 E325.4115
M204 S2000
G0 F7500 X77.256 Y96.489
M204 S500
G1 F1500 X112.258 Y131.491 E327.05789
M204 S2000
G0 F7500 X111.692 Y131.491
M204 S500
G1 F1500 X77.256 Y97.055 E328.67766
M204 S2000
G0 F7500 X77.256 Y97.62
M204 S500
G1 F1500 X111.127 Y131.491 E330.27084
M204 S2000
G0 F7500 X110.561 Y131.491
M204 S500
G1 F1500 X77.256 Y98.186 E331.83741
M204 S2000
G0 F7500 X77.256 Y98.752
M204 S500
G1 F1500 X109.995 Y131.491 E333.37735
M204 S2000
G0 F7500 X109.43 Y131.491
M204 S500
G1 F1500 X77.256 Y99.317 E334.89072
M204 S2000
G0 F7500 X77.256 Y99.883
M204 S500
G1 F1500 X108.864 Y131.491 E336.37746
M204 S2000
G0 F7500 X108.298 Y131.491
M204 S500
G1 F1500 X77.256 Y100.449 E337.83758
M204 S2000
G0 F7500 X77.256 Y101.014
M204 S500
G1 F1500 X107.733 Y131.491 E339.27113
M204 S2000
G0 F7500 X107.167 Y131.491
M204 S500
G1 F1500 X77.256 Y101.58 E340.67805
M204 S2000
G0 F7500 X77.256 Y102.146
M204 S500
G1 F1500 X106.601 Y131.491 E342.05835
M204 S2000
G0 F7500 X106.036 Y131.491
M204 S500
G1 F1500 X77.256 Y102.712 E343.41205
M204 S2000
G0 F7500 X77.256 Y103.277
M204 S500
G1 F1500 X105.47 Y131.491 E344.73915
M204 S2000
G0 F7500 X104.904 Y131.491
M204 S500
G1 F1500 X77.256 Y103.843 E346.03962
M204 S2000
G0 F7500 X77.256 Y104.409
M204 S500
G1 F1500 X104.339 Y131.491 E347.3135
M204 S2000
G0 F7500 X103.773 Y131.491
M204 S500
G1 F1500 X77.256 Y104.974 E348.56078
M204 S2000
G0 F7500 X77.256 Y105.54
M204 S500
G1 F1500 X103.207 Y131.491 E349.78143
M204 S2000
G0 F7500 X102.641 Y131.491
M204 S500
G1 F1500 X77.256 Y106.106 E350.97547
M204 S2000
G0 F7500 X77.256 Y106.671
M204 S500
G1 F1500 X102.076 Y131.491 E352.14292
M204 S2000
G0 F7500 X101.51 Y131.491
M204 S500
G1 F1500 X77.256 Y107.237 E353.28376
M204 S2000
G0 F7500 X77.256 Y107.803
M204 S500
G1 F1500 X100.944 Y131.491 E354.39797
M204 S2000
G0 F7500 X100.379 Y131.491
M204 S500
G1 F1500 X77.256 Y108.368 E355.4856
M204 S2000
G0 F7500 X77.256 Y108.934
M204 S500
G1 F1500 X99.813 Y131.491 E356.54662
M204 S2000
G0 F7500 X99.247 Y131.491
M204 S500
G1 F1500 X77.256 Y109.5 E357.581
M204 S2000
G0 F7500 X77.256 Y110.065
M204 S500
G1 F1500 X98.682 Y131.491 E358.58882
M204 S2000
G0 F7500 X98.116 Y131.491
M204 S500
G1 F1500 X77.256 Y110.631 E359.57001
M204 S2000
G0 F7500 X77.256 Y111.197
M204 S500
G1 F1500 X97.55 Y131.491 E360.52458
M204 S2000
G0 F7500 X96.985 Y131.491
M204 S500
G1 F1500 X77.256 Y111.762 E361.45257
M204 S2000
G0 F7500 X77.256 Y112.328
M204 S500
G1 F1500 X96.419 Y131.491 E362.35394
M204 S2000
G0 F7500 X95.853 Y131.491
M204 S500
G1 F1500 X77.256 Y112.894 E363.22868
M204 S2000
G0 F7500 X77.256 Y113.46
M204 S500
G1 F1500 X95.288 Y131.491 E364.07683
M204 S2000
G0 F7500 X94.722 Y131.491
M204 S500
G1 F1500 X77.256 Y114.025 E364.89838
M204 S2000
G0 F7500 X77.256 Y114.591
M204 S500
G1 F1500 X94.156 Y131.491 E365.6933
M204 S2000
G0 F7500 X93.591 Y131.491
M204 S500
G1 F1500 X77.256 Y115.157 E366.46163
M204 S2000
G0 F7500 X77.256 Y115.722
M204 S500
G1 F1500 X93.025 Y131.491 E367.20335
M204 S2000
G0 F7500 X92.459 Y131.491
M204 S500
G1 F1500 X77.256 Y116.288 E367.91845
M204 S2000
G0 F7500 X77.256 Y116.854
M204 S500
G1 F1500 X91.893 Y131.491 E368.60693
M204 S2000
G0 F7500 X91.328 Y131.491
M204 S500
G1 F1500 X77.256 Y117.419 E369.26884
M204 S2000
G0 F7500 X77.256 Y117.985
M204 S500
G1 F1500 X90.762 Y131.491 E369.90412
M204 S2000
G0 F7500 X90.196 Y131.491
M204 S500
G1 F1500 X77.256 Y118.551 E370.51278
M204 S2000
G0 F7500 X77.256 Y119.116
M204 S500
G1 F1500 X89.631 Y131.491 E371.09486
M204 S2000
G0 F7500 X89.065 Y131.491
M204 S500
G1 F1500 X77.256 Y119.682 E371.65032
M204 S2000
G0 F7500 X77.256 Y120.248
M204 S500
G1 F1500 X88.499 Y131.491 E372.17915
M204 S2000
G0 F7500 X87.934 Y131.491
M204 S500
G1 F1500 X77.256 Y120.813 E372.68141
M204 S2000
G0 F7500 X77.256 Y121.379
M204 S500
G1 F1500 X87.368 Y131.491 E373.15705
M204 S2000
G0 F7500 X86.802 Y131.491
M204 S500
G1 F1500 X82.65 Y127.339 E373.35235
M204 S2000
G0 F7500 X82.91 Y128.165
M204 S500
G1 F1500 X86.237 Y131.491 E373.50882
M204 S2000
G0 F7500 X85.671 Y131.491
M204 S500
G1 F1500 X82.955 Y128.775 E373.63657
M204 S2000
G0 F7500 X82.914 Y129.3
M204 S500
G1 F1500 X85.105 Y131.491 E373.73963
M204 S2000
G0 F7500 X84.54 Y131.491
M204 S500
G1 F1500 X82.806 Y129.758 E373.82116
M204 S2000
G0 F7500 X82.653 Y130.171
M204 S500
G1 F1500 X83.974 Y131.491 E373.88328
M204 S2000
G0 F7500 X83.408 Y131.491
M204 S500
G1 F1500 X82.446 Y130.529 E373.92853
M204 S2000
G0 F7500 X82.211 Y130.86
M204 S500
G1 F1500 X82.843 Y131.491 E373.95823
M204 S2000
G0 F7500 X82.277 Y131.491
M204 S500
G1 F1500 X81.939 Y131.153 E373.97413
M204 S2000
G0 F7500 X81.645 Y131.425
M204 S500
G1 F1500 X81.711 Y131.491 E373.97723
M204 S2000
G0 F7500 X79.49 Y131.889
G0 X81.207 Y130.847
G0 X81.798 Y130.226
G0 X82.172 Y129.401
G0 X82.24 Y128.5
G0 X82.02 Y127.67
G0 X81.005 Y126.22
G0 X81.027 Y125.717
M204 S500
G1 F1500 X77.256 Y121.945 E374.15463
M204 S2000
G0 F7500 X77.256 Y122.51
M204 S500
G1 F1500 X80.211 Y125.466 E374.29365
M204 S2000
G0 F7500 X79.588 Y125.409
M204 S500
G1 F1500 X77.256 Y123.076 E374.40336
M204 S2000
G0 F7500 X77.256 Y123.642
M204 S500
G1 F1500 X79.067 Y125.453 E374.48855
M204 S2000
G0 F7500 X78.615 Y125.567
M204 S500
G1 F1500 X77.256 Y124.208 E374.55247
M204 S2000
G0 F7500 X77.256 Y124.773
M204 S500
G1 F1500 X78.203 Y125.721 E374.59704
M204 S2000
G0 F7500 X77.831 Y125.915
M204 S500
G1 F1500 X77.256 Y125.339 E374.62411
M204 S2000
G0 F7500 X77.256 Y125.905
M204 S500
G1 F1500 X77.507 Y126.156 E374.63592
M204 S2000
G1 F2400 E373.83592
G0 F7500 X77.784 Y126.528
G0 X76.888 Y127.592
G0 X76.887 Y93.158
G0 X79.031 Y94.888
G0 X80.951 Y94.456
G0 X82.38 Y92.84
G0 X82.807 Y92.989
M204 S500
G1 F2400 E374.63592
G1 F1500 X120.2 Y130.383 E376.39479
M204 S2000
G0 F7500 X119.86 Y129.477
M204 S500
G1 F1500 X82.918 Y92.535 E378.13243
M204 S2000
G0 F7500 X82.955 Y92.006
M204 S500
G1 F1500 X119.782 Y128.833 E379.86466
M204 S2000
G0 F7500 X119.815 Y128.3
M204 S500
G1 F1500 X82.908 Y91.393 E381.60065
M204 S2000
G0 F7500 X82.634 Y90.554
M204 S500
G1 F1500 X119.913 Y127.832 E383.35412
M204 S2000
G0 F7500 X120.064 Y127.418
M204 S500
G1 F1500 X81.152 Y88.506 E385.18442
M204 S2000
G0 F7500 X81.056 Y88.976
M204 S500
G1 F1500 X80.589 Y88.509 E385.20638
M204 S2000
G0 F7500 X80.33 Y89.205
G0 X78.052 Y89.506
G0 X76.887 Y90.845
G0 X76.869 Y88.117
G0 X81.719 Y88.046
G0 X81.718 Y88.506
M204 S500
G1 F1500 X120.251 Y127.039 E387.01886
M204 S2000
G0 F7500 X120.475 Y126.698
M204 S500
G1 F1500 X82.283 Y88.506 E388.81529
M204 S2000
G0 F7500 X82.849 Y88.506
M204 S500
G1 F1500 X120.748 Y126.405 E390.59795
M204 S2000
G0 F7500 X121.044 Y126.135
M204 S500
G1 F1500 X83.415 Y88.506 E392.3679
M204 S2000
G0 F7500 X83.98 Y88.506
M204 S500
G1 F1500 X121.371 Y125.897 E394.12666
M204 S2000
G0 F7500 X121.743 Y125.702
M204 S500
G1 F1500 X84.546 Y88.506 E395.87627
M204 S2000
G0 F7500 X85.112 Y88.506
M204 S500
G1 F1500 X122.158 Y125.552 E397.6188
M204 S2000
G0 F7500 X122.62 Y125.449
M204 S500
G1 F1500 X85.677 Y88.506 E399.35648
M204 S2000
G0 F7500 X86.243 Y88.506
M204 S500
G1 F1500 X123.144 Y125.407 E401.09219
M204 S2000
G0 F7500 X123.781 Y125.478
M204 S500
G1 F1500 X86.809 Y88.506 E402.83124
M204 S2000
G0 F7500 X87.374 Y88.506
M204 S500
G1 F1500 X124.622 Y125.753 E404.58325
M204 S2000
G1 F2400 E403.78325
G0 F7500 X124.415 Y126.166
G0 X125.298 Y127.271
G0 X125.67 Y128.098
G0 X125.744 Y128.95
G0 X125.672 Y129.401
G0 X125.298 Y130.226
G0 X124.707 Y130.847
G0 X123 Y131.69
G0 X142.743 Y115.59
M204 S500
G1 F2400 E404.58325
G1 F1500 X122.421 Y95.268 E405.53913
M204 S2000
G0 F7500 X123.052 Y95.334
M204 S500
G1 F1500 X142.743 Y115.024 E406.46531
M204 S2000
G0 F7500 X142.743 Y114.459
M204 S500
G1 F1500 X123.59 Y95.305 E407.36624
M204 S2000
G0 F7500 X124.058 Y95.208
M204 S500
G1 F1500 X142.742 Y113.892 E408.24507
M204 S2000
G0 F7500 X142.742 Y113.327
M204 S500
G1 F1500 X124.468 Y95.052 E409.10465
M204 S2000
G0 F7500 X124.84 Y94.859
M204 S500
G1 F1500 X142.742 Y112.761 E409.94671
M204 S2000
G0 F7500 X142.742 Y112.195
M204 S500
G1 F1500 X125.178 Y94.631 E410.77286
M204 S2000
G0 F7500 X125.478 Y94.365
M204 S500
G1 F1500 X142.742 Y111.63 E411.58493
M204 S2000
G0 F7500 X142.742 Y111.064
M204 S500
G1 F1500 X125.742 Y94.064 E412.38456
M204 S2000
G0 F7500 X125.974 Y93.73
M204 S500
G1 F1500 X142.742 Y110.498 E413.17328
M204 S2000
G0 F7500 X142.742 Y109.932
M204 S500
G1 F1500 X126.172 Y93.362 E413.95268
M204 S2000
G0 F7500 X126.321 Y92.946
M204 S500
G1 F1500 X142.742 Y109.367 E414.72507
M204 S2000
G0 F7500 X142.742 Y108.801
M204 S500
G1 F1500 X126.427 Y92.486 E415.49248
M204 S2000
G0 F7500 X126.454 Y91.947
M204 S500
G1 F1500 X142.742 Y108.235 E416.25862
M204 S2000
G0 F7500 X142.742 Y107.67
M204 S500
G1 F1500 X126.391 Y91.319 E417.02772
M204 S2000
G0 F7500 X126.068 Y90.43
M204 S500
G1 F1500 X142.742 Y107.104 E417.81201
M204 S2000
G1 F2400 E417.01201
G0 F7500 X123 Y131.69
G0 X121.977 Y131.462
G0 X122.608 Y131.769
G0 X122.049 Y131.891
G0 X80.458 Y131.891
G0 X79.556 Y131.831
G0 X80.035 Y131.739
G0 X82.31 Y129.971
G0 X82.308 Y127.534
G0 X80.487 Y125.931
G0 X78.074 Y126.236
G0 X76.888 Y127.592
G0 X76.887 Y93.158
G0 X79.031 Y94.888
G0 X81.401 Y94.355
G0 X82.454 Y92.817
G0 X82.17 Y91.348
G0 X82.02 Y90.92
G0 X81.798 Y90.521
G0 X81.509 Y90.168
G0 X81.164 Y89.87
G0 X80.396 Y89.488
G0 X78.743 Y89.259
G0 X78.596 Y88.779
M204 S500
G1 F2400 E417.81201
G1 F1500 X78.324 Y88.506 E417.82483
M204 S2000
G0 F7500 X78.217 Y88.965
M204 S500
G1 F1500 X77.756 Y88.504 E417.84651
M204 S2000
G0 F7500 X77.254 Y88.568
M204 S500
G1 F1500 X77.848 Y89.162 E417.87445
M204 S2000
G0 F7500 X77.517 Y89.396
M204 S500
G1 F1500 X77.254 Y89.133 E417.88682
M204 S2000
G1 F2400 E417.08682
G0 F7500 X77.742 Y89.806
G0 X77.139 Y91.153
G0 X76.997 Y91.999
G0 X76.887 Y93.158
G0 X76.888 Y127.592
G0 X77.035 Y129.203
G0 X77.154 Y129.644
G0 X77.574 Y130.392
G0 X77.959 Y130.732
G0 X79.122 Y131.67
G0 X78.251 Y131.635
M204 S500
G1 F2400 E417.88682
G1 F1165 X77.113 Y131.635 E417.93555
G1 X77.115 Y130.743 E417.97375
G1 X77.531 Y131.177 E417.9995
G1 X77.969 Y131.495 E418.02267
G1 X78.251 Y131.635 E418.03616
M104 S200
M204 S2000
G1 F2400 E417.23616
;MESH:NONMESH
G0 F300 X78.251 Y131.635 Z0.4
G0 F7500 X79.122 Y131.67
G0 X77.887 Y130.72
G0 X77.345 Y130.055
G0 X77.154 Y129.644
G0 X77.035 Y129.203
G0 X76.888 Y127.592
G0 X76.887 Y93.158
G0 X78.624 Y94.559
G0 X80.521 Y94.743
G0 X79.937 Y94.571
;TIME_ELAPSED:546.182873
;LAYER:1
M106 S85
M204 S500
;TYPE:WALL-INNER
;MESH:raspberry pi 4 B bottom part case.stl
G1 F2400 E418.03616
G1 F1650 X79.307 Y94.586 E418.05712
G1 X78.715 Y94.422 E418.07755
G1 X78.291 Y94.223 E418.09313
G1 X77.906 Y93.937 E418.10908
G1 X77.486 Y93.487 E418.12955
G1 X77.227 Y92.969 E418.14881
G1 X77.187 Y92.866 E418.15249
G1 F1352.5 X76.99 Y92.483 E418.16997
G1 F1168.1 X76.961 Y92.06 E418.18988
G1 F1174.4 X76.985 Y91.575 E418.21258
G1 F1250 X77.051 Y91.455 E418.21859
G1 F1419.4 X77.273 Y90.887 E418.24217
G1 F1564 X77.578 Y90.408 E418.26209
G1 F1650 X77.904 Y90.06 E418.27795
G1 X78.294 Y89.777 E418.29398
G1 X78.844 Y89.512 E418.31429
G1 X79.457 Y89.415 E418.33493
G1 X79.94 Y89.425 E418.351
G1 X80.393 Y89.525 E418.36643
G1 X80.958 Y89.763 E418.38682
G1 X81.453 Y90.163 E418.40799
G1 X81.751 Y90.524 E418.42355
G1 X81.985 Y90.937 E418.43934
G1 X82.139 Y91.383 E418.45504
G1 X82.227 Y92.004 E418.4759
G1 X82.135 Y92.616 E418.49648
G1 X81.982 Y93.063 E418.51219
G1 X81.738 Y93.487 E418.52847
G1 X81.347 Y93.957 E418.5488
G1 X80.833 Y94.287 E418.56912
G1 X80.391 Y94.47 E418.58503
G1 X79.937 Y94.571 E418.6005
M204 S2000
G1 F2400 E417.8005
G0 F8250 X77.798 Y94.058
G0 X76.655 Y92.136
G0 X76.493 Y92.978
G0 X76.494 Y127.627
G0 X76.58 Y128.115
G0 X76.662 Y128.696
G0 X78.798 Y126.103
G0 X80.711 Y126.231
G0 X81.622 Y127.369
G0 X81.84 Y127.756
G0 X81.983 Y128.174
G0 X82.067 Y128.754
G0 X81.983 Y129.328
G0 X81.839 Y129.745
G0 X81.716 Y129.963
G0 X80.829 Y131.045
M204 S500
G1 F2400 E418.6005
G1 F1650 X80.338 Y131.23 E418.61795
G1 X79.968 Y131.312 E418.63055
G1 X79.308 Y131.339 E418.65252
G1 X78.707 Y131.17 E418.67329
G1 X78.288 Y130.968 E418.68876
G1 X77.923 Y130.697 E418.70388
G1 X77.487 Y130.242 E418.72484
G1 X77.227 Y129.721 E418.7442
G1 X77.186 Y129.615 E418.74798
G1 F1352.5 X76.99 Y129.231 E418.76548
G1 F1168.1 X76.961 Y128.808 E418.7854
G1 F1174.4 X76.985 Y128.323 E418.80809
G1 F1250 X77.051 Y128.201 E418.81418
G1 F1422.4 X77.272 Y127.641 E418.83741
G1 F1564 X77.578 Y127.16 E418.85741
G1 F1650 X77.902 Y126.815 E418.87315
G1 X78.287 Y126.529 E418.8891
G1 X78.845 Y126.259 E418.90972
G1 X79.458 Y126.167 E418.93034
G1 X79.939 Y126.177 E418.94634
G1 X80.392 Y126.276 E418.96176
G1 X80.967 Y126.517 E418.9825
G1 X81.459 Y126.921 E419.00367
G1 X81.759 Y127.287 E419.01941
G1 X81.982 Y127.686 E419.03462
G1 X82.14 Y128.132 E419.05035
G1 X82.223 Y128.772 E419.07182
G1 X82.138 Y129.365 E419.09174
G1 X81.985 Y129.814 E419.10752
G1 X81.749 Y130.223 E419.12323
G1 X81.354 Y130.7 E419.14382
G1 X80.829 Y131.045 E419.16472
M204 S2000
G1 F2400 E418.36472
G0 F8250 X78.653 Y131.322
G0 X76.655 Y128.884
G0 X76.493 Y129.726
G0 X76.497 Y132.161
G0 X110 Y132.312
G0 X110 Y132.412
M204 S500
G1 F2400 E419.16472
G1 F1650 X143.324 Y132.412 E420.27308
G1 X143.536 Y132.349 E420.28044
G1 X143.664 Y132.152 E420.28825
G1 X143.667 Y87.817 E421.76284
G1 X143.535 Y87.64 E421.77018
G1 X143.341 Y87.581 E421.77693
G1 X76.6 Y87.584 E423.99674
G1 X76.402 Y87.705 E424.00446
G1 X76.332 Y87.921 E424.01201
G1 X76.332 Y90.875 E424.11026
G1 F1486.5 X76.375 Y91.358 E424.12816
G1 F1250 X76.417 Y91.551 E424.13683
G1 F1176.5 X76.408 Y92 E424.15778
G1 F1170.2 X76.42 Y92.532 E424.18274
G1 F1352.5 X76.332 Y92.985 E424.20146
G1 F1650 X76.333 Y127.624 E425.35356
G1 F1489.8 X76.375 Y128.104 E425.37131
G1 F1250 X76.417 Y128.299 E425.38007
G1 F1176.5 X76.408 Y128.748 E425.40102
G1 F1170.2 X76.42 Y129.28 E425.42597
G1 F1352.5 X76.332 Y129.733 E425.4447
G1 F1650 X76.332 Y132.072 E425.52249
G1 X76.398 Y132.287 E425.52997
G1 X76.595 Y132.412 E425.53773
G1 X110 Y132.412 E426.64879
M204 S2000
G1 F2400 E425.84879
G0 F8250 X110 Y132.312
G0 X122.785 Y132.212
G0 X122.782 Y131.52
G0 X122.808 Y131.339
M204 S500
G1 F2400 E426.64879
G1 F1650 X122.207 Y131.17 E426.66955
G1 X121.789 Y130.969 E426.68498
G1 X121.408 Y130.687 E426.70074
G1 X120.986 Y130.24 E426.72119
G1 X120.701 Y129.669 E426.74242
G1 X120.575 Y129.223 E426.75783
G1 X120.533 Y128.747 E426.77372
G1 X120.575 Y128.275 E426.78949
G1 X120.759 Y127.66 E426.81084
G1 X121.073 Y127.17 E426.83019
G1 X121.386 Y126.833 E426.84549
G1 X121.771 Y126.541 E426.86156
G1 X122.344 Y126.26 E426.88279
G1 X122.945 Y126.17 E426.903
G1 X123.417 Y126.178 E426.9187
G1 X123.908 Y126.284 E426.93541
G1 X124.464 Y126.516 E426.95545
G1 X124.936 Y126.899 E426.97566
G1 X125.251 Y127.275 E426.99198
G1 X125.483 Y127.687 E427.0077
G1 X125.639 Y128.137 E427.02354
G1 X125.728 Y128.771 E427.04484
G1 X125.642 Y129.365 E427.0648
G1 X125.485 Y129.814 E427.08062
G1 X125.249 Y130.223 E427.09633
G1 X124.854 Y130.7 E427.11693
G1 X124.329 Y131.045 E427.13782
G1 X123.838 Y131.23 E427.15527
G1 X123.468 Y131.312 E427.16788
G1 X122.808 Y131.339 E427.18985
M204 S2000
G1 F2400 E426.38985
G0 F8250 X122.785 Y131.437
G0 X121.515 Y130.566
G0 X121.12 Y130.145
G0 X120.857 Y129.616
G0 X120.736 Y129.19
G0 X120.697 Y128.749
G0 X120.737 Y128.311
G0 X120.899 Y127.744
G0 X121.211 Y127.255
G0 X121.458 Y126.994
G0 X122.947 Y125.988
G0 X122.772 Y94.764
G0 X122.815 Y94.585
M204 S500
G1 F2400 E427.18985
G1 F1650 X122.213 Y94.419 E427.21062
G1 X121.771 Y94.207 E427.22692
G1 X121.389 Y93.919 E427.24283
G1 X120.984 Y93.484 E427.2626
G1 X120.706 Y92.922 E427.28345
G1 X120.578 Y92.477 E427.29886
G1 X120.533 Y92.002 E427.31472
G1 X120.575 Y91.521 E427.33078
G1 X120.751 Y90.927 E427.35139
G1 X121.08 Y90.406 E427.37188
G1 X121.404 Y90.061 E427.38763
G1 X121.791 Y89.778 E427.40357
G1 X122.344 Y89.512 E427.42398
G1 X122.957 Y89.415 E427.44462
G1 X123.438 Y89.425 E427.46063
G1 X123.891 Y89.524 E427.47605
G1 X124.461 Y89.764 E427.49662
G1 X124.953 Y90.163 E427.51769
G1 X125.254 Y90.528 E427.53342
G1 X125.486 Y90.941 E427.54918
G1 X125.638 Y91.388 E427.56488
G1 X125.728 Y91.98 E427.5848
G1 X125.638 Y92.62 E427.60629
G1 X125.48 Y93.068 E427.62209
G1 X125.25 Y93.47 E427.6375
G1 X124.841 Y93.961 E427.65875
G1 X124.312 Y94.298 E427.67961
G1 X123.87 Y94.474 E427.69544
G1 X123.408 Y94.571 E427.71114
G1 X122.815 Y94.585 E427.73087
M204 S2000
G0 F8250 X122.867 Y94.184
M204 S500
;TYPE:WALL-OUTER
G1 F1650 X122.339 Y94.038 E427.74909
G1 X121.985 Y93.869 E427.76213
G1 X121.674 Y93.638 E427.77502
G1 X121.311 Y93.242 E427.79289
G1 X121.078 Y92.774 E427.81027
G1 X120.971 Y92.402 E427.82315
G1 X120.936 Y91.982 E427.83717
G1 X120.968 Y91.618 E427.84932
G1 X121.12 Y91.091 E427.86756
G1 X121.386 Y90.669 E427.88415
G1 X121.686 Y90.35 E427.89872
G1 X122.013 Y90.115 E427.91211
G1 X122.463 Y89.899 E427.92871
G1 X122.968 Y89.818 E427.94573
G1 X123.407 Y89.828 E427.96033
G1 X123.79 Y89.915 E427.97339
G1 X124.252 Y90.11 E427.99007
G1 X124.683 Y90.464 E428.00862
G1 X124.931 Y90.769 E428.0217
G1 X125.111 Y91.089 E428.03391
G1 X125.242 Y91.463 E428.04709
G1 X125.324 Y92.006 E428.06535
G1 X125.25 Y92.522 E428.08269
G1 X125.118 Y92.898 E428.09595
G1 X124.911 Y93.256 E428.1097
G1 X124.567 Y93.662 E428.1274
G1 X124.139 Y93.937 E428.14432
G1 X123.773 Y94.086 E428.15746
G1 X123.379 Y94.172 E428.17088
G1 X122.867 Y94.184 E428.18791
M204 S2000
G1 F2400 E427.38791
G0 F8250 X122.737 Y94.67
G0 X122.947 Y125.988
G0 X122.858 Y130.937
M204 S500
G1 F2400 E428.18791
G1 F1650 X122.337 Y130.789 E428.20592
G1 X122.013 Y130.633 E428.21788
G1 X121.662 Y130.374 E428.23239
G1 X121.318 Y130.009 E428.24908
G1 X121.071 Y129.507 E428.26768
G1 X120.968 Y129.13 E428.28068
G1 X120.936 Y128.73 E428.29403
G1 X120.968 Y128.37 E428.30605
G1 X121.119 Y127.847 E428.32416
G1 X121.395 Y127.408 E428.3414
G1 X121.684 Y127.103 E428.35538
G1 X121.995 Y126.873 E428.36824
G1 X122.484 Y126.643 E428.38622
G1 X122.986 Y126.568 E428.4031
G1 X123.398 Y126.578 E428.41681
G1 X123.778 Y126.662 E428.42975
G1 X124.245 Y126.856 E428.44657
G1 X124.674 Y127.202 E428.4649
G1 X124.931 Y127.517 E428.47842
G1 X125.119 Y127.853 E428.49123
G1 X125.242 Y128.211 E428.50382
G1 X125.324 Y128.749 E428.52192
G1 X125.245 Y129.286 E428.53997
G1 X125.11 Y129.664 E428.55332
G1 X124.911 Y130.004 E428.56642
G1 X124.584 Y130.399 E428.58348
G1 X124.162 Y130.676 E428.60027
G1 X123.752 Y130.84 E428.61496
G1 X123.399 Y130.918 E428.62698
G1 X122.858 Y130.937 E428.64498
M204 S2000
G1 F2400 E427.84498
G0 F8250 X122.73 Y131.422
G0 X121.694 Y131.123
G0 X121.694 Y132.212
G0 X110 Y132.812
M204 S500
G1 F2400 E428.64498
G1 F1650 X143.356 Y132.812 E429.75441
G1 X143.584 Y132.775 E429.76209
G1 X143.789 Y132.668 E429.76978
G1 X143.974 Y132.454 E429.77919
G1 X144.064 Y132.229 E429.78725
G1 X144.067 Y87.876 E431.26244
G1 X144.035 Y87.665 E431.26954
G1 X143.929 Y87.469 E431.27695
G1 X143.775 Y87.315 E431.28419
G1 X143.583 Y87.213 E431.29142
G1 X143.372 Y87.181 E431.29852
G1 X76.526 Y87.184 E433.52183
G1 X76.281 Y87.278 E433.53056
G1 X76.084 Y87.451 E433.53928
G1 X75.969 Y87.666 E433.54739
G1 X75.932 Y87.889 E433.5549
G1 X75.932 Y132.106 E435.02557
G1 X75.972 Y132.335 E435.0333
G1 X76.08 Y132.541 E435.04104
G1 X76.293 Y132.722 E435.05033
G1 X76.519 Y132.812 E435.05842
G1 X110 Y132.812 E436.17201
M204 S2000
G1 F2400 E435.37201
G0 F8250 X110 Y132.312
G0 X76.623 Y132.25
G0 X76.493 Y129.726
G0 X76.655 Y128.884
G0 X78.653 Y131.322
G0 X80.92 Y131.106
G0 X80.252 Y130.84
M204 S500
G1 F2400 E436.17201
G1 F1650 X79.899 Y130.918 E436.18403
G1 X79.358 Y130.937 E436.20203
G1 X78.837 Y130.789 E436.22005
G1 X78.513 Y130.633 E436.23201
G1 X78.179 Y130.39 E436.24575
G1 X77.819 Y130.009 E436.26318
G1 X77.571 Y129.507 E436.2818
G1 X77.468 Y129.13 E436.2948
G1 X77.436 Y128.73 E436.30815
G1 X77.468 Y128.366 E436.3203
G1 X77.62 Y127.84 E436.33851
G1 X77.887 Y127.42 E436.35507
G1 X78.184 Y127.103 E436.36951
G1 X78.513 Y126.863 E436.38306
G1 X78.962 Y126.647 E436.39963
G1 X79.47 Y126.57 E436.41672
G1 X79.907 Y126.58 E436.43126
G1 X80.255 Y126.656 E436.44311
G1 X80.741 Y126.854 E436.46056
G1 X81.164 Y127.192 E436.47857
G1 X81.424 Y127.506 E436.49213
G1 X81.626 Y127.87 E436.50597
G1 X81.751 Y128.243 E436.51906
G1 X81.823 Y128.749 E436.53606
G1 X81.742 Y129.289 E436.55422
G1 X81.61 Y129.664 E436.56744
G1 X81.411 Y130.004 E436.58054
G1 X81.084 Y130.399 E436.5976
G1 X80.662 Y130.676 E436.61439
G1 X80.252 Y130.84 E436.62908
M204 S2000
G1 F2400 E435.82908
G0 F8250 X80.92 Y131.106
G0 X81.839 Y129.745
G0 X81.983 Y129.328
G0 X82.067 Y128.754
G0 X81.983 Y128.174
G0 X81.84 Y127.756
G0 X81.622 Y127.369
G0 X80.444 Y126.124
G0 X77.801 Y126.688
G0 X76.662 Y128.696
G0 X76.58 Y128.115
G0 X76.494 Y127.627
G0 X76.493 Y92.978
G0 X76.655 Y92.136
G0 X78.461 Y94.364
G0 X79.969 Y94.46
G0 X79.908 Y94.168
M204 S500
G1 F2400 E436.62908
G1 F1650 X79.358 Y94.185 E436.64738
G1 X78.839 Y94.038 E436.66532
G1 X78.515 Y93.886 E436.67722
G1 X78.161 Y93.625 E436.69185
G1 X77.818 Y93.257 E436.70858
G1 X77.571 Y92.756 E436.72716
G1 X77.475 Y92.419 E436.73882
G1 X77.436 Y91.982 E436.75341
G1 X77.468 Y91.618 E436.76556
G1 X77.62 Y91.088 E436.7839
G1 X77.887 Y90.668 E436.80045
G1 X78.186 Y90.35 E436.81497
G1 X78.513 Y90.115 E436.82836
G1 X78.963 Y89.899 E436.84497
G1 X79.468 Y89.818 E436.86198
G1 X79.907 Y89.828 E436.87658
G1 X80.29 Y89.915 E436.88965
G1 X80.752 Y90.11 E436.90632
G1 X81.183 Y90.464 E436.92488
G1 X81.431 Y90.769 E436.93795
G1 X81.626 Y91.122 E436.95136
G1 X81.751 Y91.495 E436.96445
G1 X81.823 Y92.001 E436.98145
G1 X81.747 Y92.52 E436.99889
G1 X81.626 Y92.877 E437.01143
G1 X81.424 Y93.238 E437.02519
G1 X81.068 Y93.661 E437.04358
G1 X80.646 Y93.933 E437.06028
G1 X80.252 Y94.092 E437.07441
G1 X79.908 Y94.168 E437.08612
M204 S2000
G1 F2400 E436.28612
G0 F8250 X79.969 Y94.46
G0 X81.499 Y94.09
G0 X121.694 Y94.375
G0 X122.752 Y94.944
M204 S500
;TYPE:SKIN
G1 F2400 E437.08612
G1 F1650 X123.49 Y94.926 E437.11068
G1 X124.018 Y94.806 E437.12869
G1 X124.467 Y94.621 E437.14484
G1 X125.101 Y94.211 E437.16995
G1 X125.545 Y93.675 E437.1931
G1 X125.806 Y93.222 E437.21049
G1 X125.986 Y92.71 E437.22854
G1 X126.092 Y92.003 E437.25232
G1 X125.99 Y91.306 E437.27575
G1 X125.807 Y90.778 E437.29433
G1 X125.542 Y90.307 E437.31231
G1 X125.218 Y89.919 E437.32912
G1 X124.645 Y89.447 E437.35381
G1 X124.014 Y89.183 E437.37656
G1 X123.499 Y89.068 E437.39411
G1 X122.905 Y89.058 E437.41387
G1 X122.237 Y89.162 E437.43636
G1 X121.591 Y89.477 E437.46026
G1 X121.179 Y89.773 E437.47713
G1 X120.783 Y90.2 E437.4965
G1 X120.416 Y90.776 E437.51922
G1 X120.216 Y91.471 E437.54327
G1 X120.172 Y92.023 E437.56169
G1 X120.22 Y92.527 E437.57853
G1 X120.365 Y93.05 E437.59658
G1 X120.675 Y93.674 E437.61976
G1 X121.158 Y94.198 E437.64346
G1 X121.611 Y94.534 E437.66222
G1 X122.042 Y94.737 E437.67806
G1 X122.752 Y94.944 E437.70266
M204 S2000
G1 F2400 E436.90266
G0 F8250 X122.786 Y94.684
G0 X122.947 Y125.988
G0 X122.732 Y131.682
M204 S500
G1 F2400 E437.70266
G1 F1701 X123.494 Y131.669 E437.72725
G1 F1666.7 X123.968 Y131.568 E437.74321
G1 F1650 X124.481 Y131.371 E437.76148
G1 X125.092 Y130.971 E437.78577
G1 X125.53 Y130.445 E437.80854
G1 X125.822 Y129.942 E437.82788
G1 X125.985 Y129.47 E437.84449
G1 X126.095 Y128.738 E437.86911
G1 X125.986 Y128.048 E437.89235
G1 X125.81 Y127.54 E437.91023
G1 X125.535 Y127.052 E437.92886
G1 X125.231 Y126.684 E437.94474
G1 X124.64 Y126.2 E437.97014
G1 X123.98 Y125.93 E437.99386
G1 X123.486 Y125.822 E438.01068
G1 X122.934 Y125.808 E438.02904
G1 X122.223 Y125.917 E438.05297
G1 X121.599 Y126.217 E438.076
G1 X121.128 Y126.576 E438.09569
G1 X120.811 Y126.916 E438.11115
G1 X120.423 Y127.517 E438.13495
G1 X120.216 Y128.222 E438.15939
G1 X120.172 Y128.726 E438.17621
G1 X120.216 Y129.27 E438.19437
G1 X120.355 Y129.782 E438.21201
G1 X120.687 Y130.45 E438.23682
G1 X121.177 Y130.966 E438.26049
G1 X121.585 Y131.266 E438.27733
G1 X122.089 Y131.509 E438.29594
G1 F1683.7 X122.732 Y131.682 E438.31765
M204 S2000
G1 F2400 E437.51765
G0 F8250 X122.802 Y131.442
G0 X121.694 Y131.123
G0 X121.694 Y132.212
G0 X110 Y132.051
M204 S500
G1 F2400 E438.31765
G1 F1650 X80.589 Y132.052 E439.29586
G1 F1696.7 X79.295 Y132.063 E439.33772
G1 X78.515 Y132.051 E439.36295
G1 F1650 X76.692 Y132.052 E439.42358
G1 X76.692 Y129.761 E439.49978
G1 X76.751 Y129.607 E439.50527
G1 X76.905 Y129.883 E439.51578
G1 X77.192 Y130.451 E439.53695
G1 X77.695 Y130.974 E439.56108
G1 X78.083 Y131.268 E439.57727
G1 X78.589 Y131.509 E439.59591
G1 F1683.7 X79.232 Y131.682 E439.61762
G1 F1701 X79.994 Y131.669 E439.6422
G1 F1666.7 X80.468 Y131.568 E439.65816
G1 F1650 X80.981 Y131.371 E439.67644
G1 X81.593 Y130.97 E439.70077
G1 X82.031 Y130.44 E439.72364
G1 X82.305 Y129.978 E439.74151
G1 X82.482 Y129.46 E439.75972
G1 X82.59 Y128.749 E439.78363
G1 X82.481 Y128.016 E439.80828
G1 X82.313 Y127.544 E439.82495
G1 X82.06 Y127.082 E439.84246
G1 X81.667 Y126.62 E439.86264
G1 X81.154 Y126.203 E439.88463
G1 X80.518 Y125.935 E439.90758
G1 X79.999 Y125.82 E439.92526
G1 X79.46 Y125.808 E439.94319
G1 X78.735 Y125.91 E439.96755
G1 X78.113 Y126.207 E439.99047
G1 X77.676 Y126.527 E440.00849
G1 X77.306 Y126.914 E440.02629
G1 X76.994 Y127.401 E440.04553
G1 X76.746 Y127.907 E440.06427
G1 X76.692 Y127.606 E440.07444
G1 X76.692 Y93.013 E441.22501
G1 X76.751 Y92.859 E441.2305
G1 X76.905 Y93.134 E441.24098
G1 X77.187 Y93.697 E441.26192
G1 X77.645 Y94.189 E441.28428
G1 X78.123 Y94.542 E441.30404
G1 X78.567 Y94.75 E441.32035
G1 X79.261 Y94.949 E441.34436
G1 X80.003 Y94.924 E441.36906
G1 X80.479 Y94.82 E441.38526
G1 X81 Y94.604 E441.40402
G1 X81.609 Y94.203 E441.42827
G1 X82.056 Y93.658 E441.45172
G1 X82.302 Y93.228 E441.46819
G1 X82.482 Y92.713 E441.48634
G1 X82.587 Y91.978 E441.51103
G1 X82.482 Y91.275 E441.53467
G1 X82.307 Y90.773 E441.55236
G1 X82.059 Y90.333 E441.56916
G1 X81.69 Y89.887 E441.58841
G1 X81.145 Y89.45 E441.61164
G1 X80.515 Y89.183 E441.6344
G1 X79.999 Y89.068 E441.65198
G1 X79.405 Y89.058 E441.67174
G1 X78.737 Y89.162 E441.69423
G1 X78.125 Y89.455 E441.7168
G1 X77.677 Y89.778 E441.73517
G1 X77.307 Y90.161 E441.75288
G1 X76.994 Y90.649 E441.77216
G1 X76.745 Y91.161 E441.7911
G1 X76.694 Y90.874 E441.80079
G1 X76.692 Y87.943 E441.89828
G1 X143.304 Y87.941 E444.1138
G1 X143.304 Y132.052 E445.58094
G1 X124.089 Y132.052 E446.22003
G1 F1696.7 X122.795 Y132.063 E446.26189
G1 X122.015 Y132.051 E446.28712
G1 F1650 X110 Y132.051 E446.68674
M204 S2000
G1 F2400 E445.88674
G0 F8250 X110 Y132.312
G0 X77.91 Y132.312
G0 X77.91 Y131.641
M204 S500
G1 F2400 E446.68674
G1 F1605.8 X77.097 Y131.646 E446.71453
G1 X77.097 Y130.935 E446.73883
G1 X77.459 Y131.304 E446.75649
G1 X77.91 Y131.641 E446.77573
M204 S2000
G1 F2400 E445.97573
G0 F8250 X77.91 Y132.312
G0 X76.623 Y132.25
G0 X76.495 Y87.864
G0 X77.038 Y87.683
G0 X77.038 Y88.142
M204 S500
G1 F2400 E446.77573
G1 F1650 X76.891 Y88.289 E446.78265
M204 S2000
G0 F8250 X76.891 Y88.854
M204 S500
G1 F1650 X77.604 Y88.142 E446.81616
M204 S2000
G0 F8250 X78.169 Y88.142
M204 S500
G1 F1650 X76.891 Y89.42 E446.87627
M204 S2000
G0 F8250 X76.891 Y89.986
M204 S500
G1 F1650 X78.735 Y88.142 E446.96301
M204 S2000
G0 F8250 X79.301 Y88.142
M204 S500
G1 F1650 X78.28 Y89.163 E447.01103
M204 S2000
G0 F8250 X79.107 Y88.902
M204 S500
G1 F1650 X79.866 Y88.142 E447.04676
M204 S2000
G0 F8250 X80.432 Y88.142
M204 S500
G1 F1650 X79.711 Y88.863 E447.08067
M204 S2000
G0 F8250 X80.225 Y88.915
M204 S500
G1 F1650 X80.998 Y88.142 E447.11703
M204 S2000
G0 F8250 X81.563 Y88.142
M204 S500
G1 F1650 X80.672 Y89.033 E447.15894
M204 S2000
G0 F8250 X81.07 Y89.202
M204 S500
G1 F1650 X82.129 Y88.142 E447.20878
M204 S2000
G0 F8250 X82.695 Y88.142
M204 S500
G1 F1650 X81.421 Y89.416 E447.2687
M204 S2000
G0 F8250 X81.735 Y89.668
M204 S500
G1 F1650 X83.26 Y88.142 E447.34046
M204 S2000
G0 F8250 X83.826 Y88.142
M204 S500
G1 F1650 X82.01 Y89.958 E447.42588
M204 S2000
G0 F8250 X82.257 Y90.277
M204 S500
G1 F1650 X84.392 Y88.142 E447.5263
M204 S2000
G0 F8250 X84.957 Y88.142
M204 S500
G1 F1650 X82.457 Y90.643 E447.64392
M204 S2000
G0 F8250 X82.616 Y91.049
M204 S500
G1 F1650 X85.523 Y88.142 E447.78065
M204 S2000
G0 F8250 X86.089 Y88.142
M204 S500
G1 F1650 X82.718 Y91.513 E447.93921
M204 S2000
G0 F8250 X82.785 Y92.012
M204 S500
G1 F1650 X86.655 Y88.142 E448.12125
M204 S2000
G0 F8250 X87.22 Y88.142
M204 S500
G1 F1650 X82.695 Y92.668 E448.33411
M204 S2000
G0 F8250 X82.241 Y92.607
G0 X81.908 Y93.396
G0 X82.306 Y93.622
M204 S500
G1 F1650 X87.786 Y88.142 E448.59187
M204 S2000
G0 F8250 X88.352 Y88.142
M204 S500
G1 F1650 X76.892 Y99.602 E449.13092
M204 S2000
G0 F8250 X76.892 Y100.167
M204 S500
G1 F1650 X88.917 Y88.142 E449.69654
M204 S2000
G0 F8250 X89.483 Y88.142
M204 S500
G1 F1650 X76.892 Y100.733 E450.28878
M204 S2000
G0 F8250 X76.892 Y101.299
M204 S500
G1 F1650 X90.049 Y88.142 E450.90764
M204 S2000
G0 F8250 X90.614 Y88.142
M204 S500
G1 F1650 X76.892 Y101.864 E451.55308
M204 S2000
G0 F8250 X76.892 Y102.43
M204 S500
G1 F1650 X91.18 Y88.142 E452.22515
M204 S2000
G0 F8250 X91.746 Y88.142
M204 S500
G1 F1650 X76.892 Y102.996 E452.92383
M204 S2000
G0 F8250 X76.892 Y103.561
M204 S500
G1 F1650 X92.311 Y88.142 E453.6491
M204 S2000
G0 F8250 X92.877 Y88.142
M204 S500
G1 F1650 X76.892 Y104.127 E454.40098
M204 S2000
G0 F8250 X76.892 Y104.693
M204 S500
G1 F1650 X93.443 Y88.142 E455.17949
M204 S2000
G0 F8250 X94.008 Y88.142
M204 S500
G1 F1650 X76.892 Y105.259 E455.9846
M204 S2000
G0 F8250 X76.892 Y105.824
M204 S500
G1 F1650 X94.574 Y88.142 E456.81631
M204 S2000
G0 F8250 X95.14 Y88.142
M204 S500
G1 F1650 X76.892 Y106.39 E457.67464
M204 S2000
G0 F8250 X76.892 Y106.956
M204 S500
G1 F1650 X95.705 Y88.142 E458.55957
M204 S2000
G0 F8250 X96.271 Y88.142
M204 S500
G1 F1650 X76.892 Y107.521 E459.47109
M204 S2000
G0 F8250 X76.892 Y108.087
M204 S500
G1 F1650 X96.837 Y88.142 E460.40925
M204 S2000
G0 F8250 X97.403 Y88.142
M204 S500
G1 F1650 X76.892 Y108.653 E461.37402
M204 S2000
G0 F8250 X76.892 Y109.218
M204 S500
G1 F1650 X97.968 Y88.142 E462.36537
M204 S2000
G0 F8250 X98.534 Y88.142
M204 S500
G1 F1650 X76.892 Y109.784 E463.38334
M204 S2000
G0 F8250 X76.892 Y110.35
M204 S500
G1 F1650 X99.1 Y88.142 E464.42794
M204 S2000
G0 F8250 X99.666 Y88.142
M204 S500
G1 F1650 X76.892 Y110.915 E465.49914
M204 S2000
G0 F8250 X76.892 Y111.481
M204 S500
G1 F1650 X100.232 Y88.142 E466.59695
M204 S2000
G0 F8250 X100.797 Y88.142
M204 S500
G1 F1650 X76.892 Y112.047 E467.72137
M204 S2000
G0 F8250 X76.892 Y112.612
M204 S500
G1 F1650 X101.363 Y88.142 E468.87239
M204 S2000
G0 F8250 X101.929 Y88.142
M204 S500
G1 F1650 X76.892 Y113.178 E470.05003
M204 S2000
G0 F8250 X76.892 Y113.744
M204 S500
G1 F1650 X102.494 Y88.142 E471.25427
M204 S2000
G0 F8250 X103.06 Y88.142
M204 S500
G1 F1650 X76.892 Y114.309 E472.48511
M204 S2000
G0 F8250 X76.892 Y114.875
M204 S500
G1 F1650 X103.626 Y88.142 E473.74257
M204 S2000
G0 F8250 X104.191 Y88.142
M204 S500
G1 F1650 X76.892 Y115.441 E475.02663
M204 S2000
G0 F8250 X76.892 Y116.007
M204 S500
G1 F1650 X104.757 Y88.142 E476.33732
M204 S2000
G0 F8250 X105.323 Y88.142
M204 S500
G1 F1650 X76.892 Y116.572 E477.6746
M204 S2000
G0 F8250 X76.892 Y117.138
M204 S500
G1 F1650 X105.889 Y88.142 E479.03851
M204 S2000
G0 F8250 X106.454 Y88.142
M204 S500
G1 F1650 X76.892 Y117.704 E480.42901
M204 S2000
G0 F8250 X76.892 Y118.269
M204 S500
G1 F1650 X107.02 Y88.142 E481.84612
M204 S2000
G0 F8250 X107.586 Y88.142
M204 S500
G1 F1650 X76.892 Y118.835 E483.28984
M204 S2000
G0 F8250 X76.892 Y119.401
M204 S500
G1 F1650 X108.151 Y88.142 E484.76017
M204 S2000
G0 F8250 X108.717 Y88.142
M204 S500
G1 F1650 X76.892 Y119.966 E486.2571
M204 S2000
G0 F8250 X76.892 Y120.532
M204 S500
G1 F1650 X109.283 Y88.142 E487.78065
M204 S2000
G0 F8250 X109.848 Y88.142
M204 S500
G1 F1650 X76.892 Y121.098 E489.3308
M204 S2000
G0 F8250 X76.892 Y121.663
M204 S500
G1 F1650 X110.414 Y88.142 E490.90755
M204 S2000
G0 F8250 X110.98 Y88.142
M204 S500
G1 F1650 X76.892 Y122.229 E492.51092
M204 S2000
G0 F8250 X76.892 Y122.795
M204 S500
G1 F1650 X111.545 Y88.142 E494.14089
M204 S2000
G0 F8250 X112.111 Y88.142
M204 S500
G1 F1650 X76.892 Y123.36 E495.79746
M204 S2000
G0 F8250 X76.892 Y123.926
M204 S500
G1 F1650 X112.677 Y88.142 E497.48065
M204 S2000
G0 F8250 X113.242 Y88.142
M204 S500
G1 F1650 X76.892 Y124.492 E499.19045
M204 S2000
G0 F8250 X76.892 Y125.057
M204 S500
G1 F1650 X113.808 Y88.142 E500.92684
M204 S2000
G0 F8250 X114.374 Y88.142
M204 S500
G1 F1650 X76.892 Y125.623 E502.68985
M204 S2000
G0 F8250 X76.892 Y126.189
M204 S500
G1 F1650 X114.94 Y88.142 E504.47949
M204 S2000
G0 F8250 X115.505 Y88.142
M204 S500
G1 F1650 X76.892 Y126.755 E506.29573
M204 S2000
G0 F8250 X77.479 Y127.129
G0 X78.531 Y126.3
G0 X78.33 Y125.882
M204 S500
G1 F1650 X116.071 Y88.142 E508.07092
M204 S2000
G0 F8250 X116.637 Y88.142
M204 S500
G1 F1650 X79.123 Y125.655 E509.83544
M204 S2000
G0 F8250 X79.728 Y125.615
M204 S500
G1 F1650 X117.202 Y88.142 E511.59808
M204 S2000
G0 F8250 X117.768 Y88.142
M204 S500
G1 F1650 X80.242 Y125.668 E513.36319
M204 S2000
G0 F8250 X80.682 Y125.794
M204 S500
G1 F1650 X118.334 Y88.142 E515.13423
M204 S2000
G0 F8250 X118.899 Y88.142
M204 S500
G1 F1650 X81.082 Y125.959 E516.91302
M204 S2000
G0 F8250 X81.43 Y126.177
M204 S500
G1 F1650 X119.465 Y88.142 E518.70207
M204 S2000
G0 F8250 X120.031 Y88.142
M204 S500
G1 F1650 X81.743 Y126.429 E520.503
M204 S2000
G0 F8250 X82.017 Y126.721
M204 S500
G1 F1650 X120.596 Y88.142 E522.31764
M204 S2000
G0 F8250 X121.163 Y88.141
M204 S500
G1 F1650 X82.263 Y127.041 E524.14737
M204 S2000
G0 F8250 X82.466 Y127.404
M204 S500
G1 F1650 X121.728 Y88.141 E525.99416
M204 S2000
G0 F8250 X122.294 Y88.141
M204 S500
G1 F1650 X82.621 Y127.814 E527.86026
M204 S2000
G0 F8250 X82.724 Y128.276
M204 S500
G1 F1650 X120.2 Y90.8 E529.62301
M204 S2000
G0 F8250 X120.009 Y91.557
M204 S500
G1 F1650 X82.789 Y128.777 E531.37373
M204 S2000
G0 F8250 X82.684 Y129.448
M204 S500
G1 F1650 X119.983 Y92.149 E533.12816
M204 S2000
G0 F8250 X120.049 Y92.649
M204 S500
G1 F1650 X82.278 Y130.419 E534.90477
M204 S2000
G0 F8250 X81.884 Y130.19
G0 X81.027 Y131.035
G0 X81.279 Y131.419
M204 S500
G1 F1650 X80.846 Y131.852 E534.92513
M204 S2000
G0 F8250 X80.333 Y131.799
M204 S500
G1 F1650 X80.274 Y131.858 E534.92791
M204 S2000
G0 F8250 X80.274 Y132.312
G0 X81.411 Y132.312
G0 X81.411 Y131.852
M204 S500
G1 F1650 X120.17 Y93.093 E536.75101
M204 S2000
G0 F8250 X120.353 Y93.476
M204 S500
G1 F1650 X81.977 Y131.852 E538.5561
M204 S2000
G0 F8250 X82.543 Y131.852
M204 S500
G1 F1650 X120.553 Y93.842 E540.34398
M204 S2000
G0 F8250 X120.825 Y94.135
M204 S500
G1 F1650 X83.108 Y131.852 E542.11807
M204 S2000
G0 F8250 X83.674 Y131.852
M204 S500
G1 F1650 X121.113 Y94.413 E543.87908
M204 S2000
G0 F8250 X121.436 Y94.655
M204 S500
G1 F1650 X84.24 Y131.852 E545.62869
M204 S2000
G0 F8250 X84.805 Y131.852
M204 S500
G1 F1650 X121.812 Y94.846 E547.36937
M204 S2000
G0 F8250 X122.223 Y95.001
M204 S500
G1 F1650 X85.371 Y131.852 E549.10275
M204 S2000
G0 F8250 X85.937 Y131.852
M204 S500
G1 F1650 X122.66 Y95.128 E550.83011
M204 S2000
G0 F8250 X123.222 Y95.133
M204 S500
G1 F1650 X86.502 Y131.852 E552.55728
M204 S2000
G0 F8250 X87.068 Y131.852
M204 S500
G1 F1650 X123.879 Y95.042 E554.28873
M204 S2000
G0 F8250 X123.78 Y94.594
G0 X124.669 Y94.184
G0 X124.917 Y94.569
M204 S500
G1 F1650 X87.634 Y131.852 E556.04241
M204 S2000
G0 F8250 X88.2 Y131.852
M204 S500
G1 F1650 X131.911 Y88.141 E558.09844
M204 S2000
G0 F8250 X132.476 Y88.141
M204 S500
G1 F1650 X88.765 Y131.852 E560.15447
M204 S2000
G0 F8250 X89.331 Y131.852
M204 S500
G1 F1650 X133.042 Y88.141 E562.21051
M204 S2000
G0 F8250 X133.608 Y88.141
M204 S500
G1 F1650 X89.897 Y131.852 E564.26654
M204 S2000
G0 F8250 X90.462 Y131.852
M204 S500
G1 F1650 X134.174 Y88.141 E566.32259
M204 S2000
G0 F8250 X134.739 Y88.141
M204 S500
G1 F1650 X91.028 Y131.852 E568.37862
M204 S2000
G0 F8250 X91.594 Y131.852
M204 S500
G1 F1650 X135.305 Y88.141 E570.43466
M204 S2000
G0 F8250 X135.871 Y88.141
M204 S500
G1 F1650 X92.159 Y131.852 E572.49071
M204 S2000
G0 F8250 X92.725 Y131.852
M204 S500
G1 F1650 X136.436 Y88.141 E574.54674
M204 S2000
G0 F8250 X137.002 Y88.141
M204 S500
G1 F1650 X93.291 Y131.852 E576.60277
M204 S2000
G0 F8250 X93.856 Y131.852
M204 S500
G1 F1650 X137.568 Y88.141 E578.65883
M204 S2000
G0 F8250 X138.133 Y88.141
M204 S500
G1 F1650 X94.422 Y131.852 E580.71486
M204 S2000
G0 F8250 X94.988 Y131.852
M204 S500
G1 F1650 X138.699 Y88.141 E582.77089
M204 S2000
G0 F8250 X139.265 Y88.141
M204 S500
G1 F1650 X95.553 Y131.852 E584.82695
M204 S2000
G0 F8250 X96.119 Y131.852
M204 S500
G1 F1650 X139.83 Y88.141 E586.88298
M204 S2000
G0 F8250 X140.396 Y88.141
M204 S500
G1 F1650 X96.685 Y131.852 E588.93901
M204 S2000
G0 F8250 X97.251 Y131.852
M204 S500
G1 F1650 X140.962 Y88.141 E590.99504
M204 S2000
G0 F8250 X141.527 Y88.141
M204 S500
G1 F1650 X97.816 Y131.852 E593.05107
M204 S2000
G0 F8250 X98.382 Y131.852
M204 S500
G1 F1650 X142.093 Y88.141 E595.1071
M204 S2000
G0 F8250 X142.659 Y88.141
M204 S500
G1 F1650 X98.948 Y131.852 E597.16313
M204 S2000
G0 F8250 X99.513 Y131.852
M204 S500
G1 F1650 X143.104 Y88.262 E599.2135
M204 S2000
G0 F8250 X143.104 Y88.827
M204 S500
G1 F1650 X100.079 Y131.852 E601.23726
M204 S2000
G0 F8250 X100.645 Y131.852
M204 S500
G1 F1650 X143.104 Y89.393 E603.2344
M204 S2000
G0 F8250 X143.104 Y89.959
M204 S500
G1 F1650 X101.21 Y131.852 E605.20494
M204 S2000
G0 F8250 X101.776 Y131.852
M204 S500
G1 F1650 X143.104 Y90.525 E607.14886
M204 S2000
G0 F8250 X143.104 Y91.09
M204 S500
G1 F1650 X102.342 Y131.852 E609.06618
M204 S2000
G0 F8250 X102.907 Y131.852
M204 S500
G1 F1650 X143.104 Y91.656 E610.9569
M204 S2000
G0 F8250 X143.104 Y92.222
M204 S500
G1 F1650 X103.473 Y131.852 E612.821
M204 S2000
G0 F8250 X104.039 Y131.852
M204 S500
G1 F1650 X143.104 Y92.787 E614.6585
M204 S2000
G0 F8250 X143.104 Y93.353
M204 S500
G1 F1650 X104.604 Y131.852 E616.4694
M204 S2000
G0 F8250 X105.17 Y131.852
M204 S500
G1 F1650 X143.104 Y93.919 E618.25367
M204 S2000
G0 F8250 X143.104 Y94.484
M204 S500
G1 F1650 X105.736 Y131.852 E620.01135
M204 S2000
G0 F8250 X106.301 Y131.852
M204 S500
G1 F1650 X143.104 Y95.05 E621.74243
M204 S2000
G0 F8250 X143.104 Y95.616
M204 S500
G1 F1650 X106.867 Y131.852 E623.44688
M204 S2000
G0 F8250 X107.433 Y131.852
M204 S500
G1 F1650 X143.104 Y96.181 E625.12473
M204 S2000
G0 F8250 X143.104 Y96.747
M204 S500
G1 F1650 X107.999 Y131.852 E626.77597
M204 S2000
G0 F8250 X108.564 Y131.852
M204 S500
G1 F1650 X143.104 Y97.313 E628.4006
M204 S2000
G0 F8250 X143.104 Y97.878
M204 S500
G1 F1650 X109.13 Y131.852 E629.99863
M204 S2000
G0 F8250 X109.696 Y131.852
M204 S500
G1 F1650 X143.104 Y98.444 E631.57004
M204 S2000
G0 F8250 X143.104 Y99.01
M204 S500
G1 F1650 X110.261 Y131.852 E633.11485
M204 S2000
G0 F8250 X110.827 Y131.852
M204 S500
G1 F1650 X143.104 Y99.575 E634.63306
M204 S2000
G0 F8250 X143.104 Y100.141
M204 S500
G1 F1650 X111.393 Y131.852 E636.12465
M204 S2000
G0 F8250 X111.958 Y131.852
M204 S500
G1 F1650 X143.104 Y100.707 E637.58964
M204 S2000
G0 F8250 X143.104 Y101.273
M204 S500
G1 F1650 X112.524 Y131.852 E639.028
M204 S2000
G0 F8250 X113.09 Y131.852
M204 S500
G1 F1650 X143.104 Y101.838 E640.43977
M204 S2000
G0 F8250 X143.104 Y102.404
M204 S500
G1 F1650 X113.655 Y131.852 E641.82494
M204 S2000
G0 F8250 X114.221 Y131.852
M204 S500
G1 F1650 X143.104 Y102.97 E643.18348
M204 S2000
G0 F8250 X143.104 Y103.535
M204 S500
G1 F1650 X114.787 Y131.852 E644.51543
M204 S2000
G0 F8250 X115.352 Y131.852
M204 S500
G1 F1650 X143.104 Y104.101 E645.82077
M204 S2000
G0 F8250 X143.104 Y104.667
M204 S500
G1 F1650 X121.926 Y125.845 E646.81692
M204 S2000
G0 F8250 X122.694 Y125.642
M204 S500
G1 F1650 X143.104 Y105.232 E647.77694
M204 S2000
G0 F8250 X143.104 Y105.798
M204 S500
G1 F1650 X123.285 Y125.617 E648.70917
M204 S2000
G0 F8250 X123.784 Y125.683
M204 S500
G1 F1650 X143.104 Y106.364 E649.6179
M204 S2000
G0 F8250 X143.104 Y106.929
M204 S500
G1 F1650 X124.22 Y125.813 E650.50615
M204 S2000
G0 F8250 X124.625 Y125.974
M204 S500
G1 F1650 X143.104 Y107.495 E651.37534
M204 S2000
G0 F8250 X143.104 Y108.061
M204 S500
G1 F1650 X124.96 Y126.204 E652.22876
M204 S2000
G0 F8250 X125.271 Y126.459
M204 S500
G1 F1650 X143.104 Y108.626 E653.06757
M204 S2000
G0 F8250 X143.104 Y109.192
M204 S500
G1 F1650 X125.545 Y126.751 E653.89349
M204 S2000
G0 F8250 X125.782 Y127.08
M204 S500
G1 F1650 X143.104 Y109.758 E654.70826
M204 S2000
G0 F8250 X143.104 Y110.324
M204 S500
G1 F1650 X125.985 Y127.443 E655.51349
M204 S2000
G0 F8250 X126.131 Y127.862
M204 S500
G1 F1650 X143.104 Y110.889 E656.31184
M204 S2000
G0 F8250 X143.104 Y111.455
M204 S500
G1 F1650 X126.233 Y128.325 E657.10538
M204 S2000
G0 F8250 X126.282 Y128.842
M204 S500
G1 F1650 X143.104 Y112.021 E657.89661
M204 S2000
G0 F8250 X143.104 Y112.586
M204 S500
G1 F1650 X126.185 Y129.504 E658.69241
M204 S2000
G0 F8250 X125.741 Y129.391
G0 X125.33 Y130.282
G0 X125.686 Y130.569
M204 S500
G1 F1650 X143.104 Y113.152 E659.51167
M204 S2000
G0 F8250 X143.104 Y113.718
M204 S500
G1 F1650 X124.969 Y131.852 E660.36466
M204 S2000
G0 F8250 X124.951 Y131.305
M204 S500
G1 F1650 X124.403 Y131.852 E660.39042
M204 S2000
G0 F8250 X123.906 Y131.784
M204 S500
G1 F1650 X123.833 Y131.857 E660.39385
M204 S2000
G1 F2400 E659.59385
G0 F8250 X123.833 Y132.312
G0 X122.454 Y132.212
G0 X122.66 Y131.485
G0 X122.239 Y131.754
M204 S500
G1 F2400 E660.39385
G1 F1650 X122.138 Y131.855 E660.3986
M204 S2000
G0 F8250 X121.824 Y131.603
M204 S500
G1 F1650 X121.576 Y131.851 E660.41027
M204 S2000
G0 F8250 X121.448 Y131.413
M204 S500
G1 F1650 X121.009 Y131.852 E660.43091
M204 S2000
G0 F8250 X120.444 Y131.852
M204 S500
G1 F1650 X121.127 Y131.169 E660.46304
M204 S2000
G0 F8250 X120.833 Y130.897
M204 S500
G1 F1650 X119.878 Y131.852 E660.50796
M204 S2000
G0 F8250 X119.312 Y131.852
M204 S500
G1 F1650 X120.558 Y130.606 E660.56657
M204 S2000
G0 F8250 X120.357 Y130.241
M204 S500
G1 F1650 X118.747 Y131.852 E660.64232
M204 S2000
G0 F8250 X118.181 Y131.852
M204 S500
G1 F1650 X120.169 Y129.864 E660.73583
M204 S2000
G0 F8250 X120.051 Y129.416
M204 S500
G1 F1650 X117.615 Y131.852 E660.85041
M204 S2000
G0 F8250 X117.05 Y131.852
M204 S500
G1 F1650 X119.988 Y128.913 E660.98863
M204 S2000
G0 F8250 X120.006 Y128.33
M204 S500
G1 F1650 X116.484 Y131.852 E661.1543
M204 S2000
G0 F8250 X115.918 Y131.852
M204 S500
G1 F1650 X120.195 Y127.575 E661.35547
M204 S2000
G1 F2400 E660.55547
G0 F8250 X120.636 Y127.707
G0 X120.736 Y129.19
G0 X120.857 Y129.616
G0 X121.12 Y130.145
G0 X121.515 Y130.566
G0 X121.87 Y130.83
G0 X122.27 Y131.022
G0 X122.838 Y131.175
G0 X124.69 Y131.023
G0 X124.69 Y132.212
G0 X125.535 Y131.852
M204 S500
G1 F2400 E661.35547
G1 F1650 X143.104 Y114.283 E662.18186
M204 S2000
G0 F8250 X143.104 Y114.849
M204 S500
G1 F1650 X126.1 Y131.852 E662.98166
M204 S2000
G0 F8250 X126.666 Y131.852
M204 S500
G1 F1650 X143.104 Y115.415 E663.75483
M204 S2000
G0 F8250 X143.104 Y115.98
M204 S500
G1 F1650 X127.232 Y131.852 E664.5014
M204 S2000
G0 F8250 X127.798 Y131.852
M204 S500
G1 F1650 X143.104 Y116.546 E665.22134
M204 S2000
G0 F8250 X143.104 Y117.112
M204 S500
G1 F1650 X128.363 Y131.852 E665.91469
M204 S2000
G0 F8250 X128.929 Y131.852
M204 S500
G1 F1650 X143.104 Y117.677 E666.58144
M204 S2000
G0 F8250 X143.104 Y118.243
M204 S500
G1 F1650 X129.495 Y131.852 E667.22157
M204 S2000
G0 F8250 X130.06 Y131.852
M204 S500
G1 F1650 X143.104 Y118.809 E667.83509
M204 S2000
G0 F8250 X143.104 Y119.374
M204 S500
G1 F1650 X130.626 Y131.852 E668.42202
M204 S2000
G0 F8250 X131.192 Y131.852
M204 S500
G1 F1650 X143.104 Y119.94 E668.98232
M204 S2000
G0 F8250 X143.104 Y120.506
M204 S500
G1 F1650 X131.757 Y131.852 E669.51603
M204 S2000
G0 F8250 X132.323 Y131.852
M204 S500
G1 F1650 X143.104 Y121.072 E670.02311
M204 S2000
G0 F8250 X143.104 Y121.637
M204 S500
G1 F1650 X132.889 Y131.852 E670.50359
M204 S2000
G0 F8250 X133.454 Y131.852
M204 S500
G1 F1650 X143.104 Y122.203 E670.95748
M204 S2000
G0 F8250 X143.104 Y122.769
M204 S500
G1 F1650 X134.02 Y131.852 E671.38474
M204 S2000
G0 F8250 X134.586 Y131.852
M204 S500
G1 F1650 X143.104 Y123.334 E671.7854
M204 S2000
G0 F8250 X143.104 Y123.9
M204 S500
G1 F1650 X135.151 Y131.852 E672.15946
M204 S2000
G0 F8250 X135.717 Y131.852
M204 S500
G1 F1650 X143.104 Y124.466 E672.5069
M204 S2000
G0 F8250 X143.104 Y125.031
M204 S500
G1 F1650 X136.283 Y131.852 E672.82773
M204 S2000
G0 F8250 X136.848 Y131.852
M204 S500
G1 F1650 X143.104 Y125.597 E673.12197
M204 S2000
G0 F8250 X143.104 Y126.163
M204 S500
G1 F1650 X137.414 Y131.852 E673.38959
M204 S2000
G0 F8250 X137.98 Y131.852
M204 S500
G1 F1650 X143.104 Y126.728 E673.63061
M204 S2000
G0 F8250 X143.104 Y127.294
M204 S500
G1 F1650 X138.546 Y131.852 E673.845
M204 S2000
G0 F8250 X139.111 Y131.852
M204 S500
G1 F1650 X143.104 Y127.86 E674.0328
M204 S2000
G0 F8250 X143.104 Y128.425
M204 S500
G1 F1650 X139.677 Y131.852 E674.19399
M204 S2000
G0 F8250 X140.243 Y131.852
M204 S500
G1 F1650 X143.104 Y128.991 E674.32857
M204 S2000
G0 F8250 X143.104 Y129.557
M204 S500
G1 F1650 X140.808 Y131.852 E674.43654
M204 S2000
G0 F8250 X141.374 Y131.852
M204 S500
G1 F1650 X143.104 Y130.122 E674.51791
M204 S2000
G0 F8250 X143.104 Y130.688
M204 S500
G1 F1650 X141.94 Y131.852 E674.57266
M204 S2000
G0 F8250 X142.505 Y131.852
M204 S500
G1 F1650 X143.104 Y131.254 E674.60081
M204 S2000
G1 F2400 E673.80081
G0 F8250 X143.564 Y131.255
G0 X143.486 Y93.534
G0 X125.813 Y92.665
G0 X125.724 Y93.762
M204 S500
G1 F2400 E674.60081
G1 F1650 X131.345 Y88.141 E674.86521
M204 S2000
G0 F8250 X130.779 Y88.141
M204 S500
G1 F1650 X126.185 Y92.736 E675.08132
M204 S2000
G0 F8250 X126.287 Y92.067
M204 S500
G1 F1650 X130.214 Y88.141 E675.26601
M204 S2000
G0 F8250 X129.648 Y88.141
M204 S500
G1 F1650 X126.231 Y91.558 E675.42674
M204 S2000
G0 F8250 X126.128 Y91.095
M204 S500
G1 F1650 X129.082 Y88.141 E675.56568
M204 S2000
G0 F8250 X128.517 Y88.141
M204 S500
G1 F1650 X125.977 Y90.681 E675.68516
M204 S2000
G0 F8250 X125.777 Y90.315
M204 S500
G1 F1650 X127.951 Y88.141 E675.78742
M204 S2000
G0 F8250 X127.385 Y88.141
M204 S500
G1 F1650 X125.537 Y89.989 E675.87434
M204 S2000
G0 F8250 X125.265 Y89.696
M204 S500
G1 F1650 X126.82 Y88.141 E675.94748
M204 S2000
G0 F8250 X126.254 Y88.141
M204 S500
G1 F1650 X124.954 Y89.441 E676.00863
M204 S2000
G0 F8250 X124.613 Y89.216
M204 S500
G1 F1650 X125.688 Y88.141 E676.0592
M204 S2000
G0 F8250 X125.123 Y88.141
M204 S500
G1 F1650 X124.213 Y89.05 E676.10198
M204 S2000
G0 F8250 X123.772 Y88.926
M204 S500
G1 F1650 X124.557 Y88.141 E676.1389
M204 S2000
G0 F8250 X123.991 Y88.141
M204 S500
G1 F1650 X123.269 Y88.863 E676.17286
M204 S2000
G0 F8250 X122.675 Y88.891
M204 S500
G1 F1650 X123.425 Y88.141 E676.20814
M204 S2000
G0 F8250 X122.86 Y88.141
M204 S500
G1 F1650 X121.892 Y89.109 E676.25367
M204 S2000
G1 F2400 E675.45367
G0 F8250 X122.09 Y89.524
G0 X120.585 Y90.852
G0 X81.925 Y93.568
G0 X81.248 Y94.68
M204 S500
G1 F2400 E676.25367
G1 F1650 X76.892 Y99.036 E676.45856
M204 S2000
G0 F8250 X76.892 Y98.47
M204 S500
G1 F1650 X80.299 Y95.063 E676.61882
M204 S2000
G0 F8250 X79.659 Y95.138
M204 S500
G1 F1650 X76.892 Y97.905 E676.74897
M204 S2000
G0 F8250 X76.892 Y97.339
M204 S500
G1 F1650 X79.116 Y95.115 E676.85358
M204 S2000
G0 F8250 X78.675 Y94.991
M204 S500
G1 F1650 X76.892 Y96.773 E676.93742
M204 S2000
G0 F8250 X76.892 Y96.208
M204 S500
G1 F1650 X78.27 Y94.829 E677.00226
M204 S2000
G0 F8250 X77.903 Y94.631
M204 S500
G1 F1650 X76.892 Y95.642 E677.04982
M204 S2000
G0 F8250 X76.892 Y95.076
M204 S500
G1 F1650 X77.577 Y94.391 E677.08204
M204 S2000
G0 F8250 X77.297 Y94.105
M204 S500
G1 F1650 X76.892 Y94.51 E677.10109
M204 S2000
G0 F8250 X76.892 Y93.945
M204 S500
G1 F1650 X77.032 Y93.805 E677.10767
M204 S2000
;MESH:NONMESH
G0 F300 X77.032 Y93.805 Z0.6
G0 F8250 X77.289 Y93.318
G0 X78.37 Y94.08
G0 X78.77 Y94.272
G0 X79.092 Y94.359
G0 X79.897 Y94.472
G0 X79.895 Y94.371
;TIME_ELAPSED:863.846963
;LAYER:2
M106 S170
M204 S500
;TYPE:WALL-INNER
;MESH:raspberry pi 4 B bottom part case.stl
G1 F1800 X79.351 Y94.382 E677.12577
G1 X78.82 Y94.248 E677.14398
G1 X78.403 Y94.057 E677.15924
G1 X78.028 Y93.78 E677.17475
G1 X77.722 Y93.442 E677.18991
G1 X77.431 Y92.976 E677.20818
G1 X77.275 Y92.458 E677.22618
G1 X77.236 Y91.996 E677.2416
G1 X77.275 Y91.548 E677.25655
G1 X77.435 Y91.013 E677.27513
G1 X77.721 Y90.549 E677.29326
G1 X78.031 Y90.217 E677.30836
G1 X78.403 Y89.941 E677.32377
G1 X78.896 Y89.716 E677.34179
G1 X79.43 Y89.614 E677.35988
G1 X79.903 Y89.625 E677.37561
G1 X80.35 Y89.723 E677.39083
G1 X80.837 Y89.933 E677.40847
G1 X81.277 Y90.272 E677.42695
G1 X81.581 Y90.623 E677.44239
G1 X81.803 Y91.017 E677.45743
G1 X81.953 Y91.463 E677.47308
G1 X82.022 Y92.008 E677.49135
G1 X81.949 Y92.542 E677.50928
G1 X81.794 Y92.995 E677.5252
G1 X81.572 Y93.379 E677.53996
G1 X81.225 Y93.786 E677.55775
G1 X80.767 Y94.094 E677.5761
G1 X80.348 Y94.272 E677.59124
G1 X79.895 Y94.371 E677.60667
M204 S2000
G1 F2400 E676.80667
G0 F9000 X79.26 Y94.463
G0 X79.609 Y94.576
G0 X79.928 Y126.192
G0 X80.346 Y131.027
M204 S500
G1 F2400 E677.60667
G1 F1800 X79.888 Y131.123 E677.62223
G1 X79.352 Y131.129 E677.64006
G1 X78.828 Y131.003 E677.65798
G1 X78.397 Y130.807 E677.67373
G1 X78.049 Y130.543 E677.68826
G1 X77.725 Y130.2 E677.70395
G1 X77.433 Y129.727 E677.72244
G1 X77.275 Y129.209 E677.74045
G1 X77.236 Y128.744 E677.75598
G1 X77.275 Y128.294 E677.771
G1 X77.434 Y127.766 E677.78934
G1 X77.721 Y127.301 E677.80751
G1 X78.031 Y126.968 E677.82265
G1 X78.405 Y126.692 E677.8381
G1 X78.898 Y126.463 E677.85618
G1 X79.432 Y126.367 E677.87423
G1 X79.908 Y126.373 E677.89006
G1 X80.348 Y126.473 E677.90507
G1 X80.848 Y126.689 E677.92319
G1 X81.292 Y127.038 E677.94197
G1 X81.567 Y127.361 E677.95608
G1 X81.799 Y127.768 E677.97166
G1 X81.948 Y128.209 E677.98714
G1 X82.022 Y128.749 E678.00527
G1 X81.953 Y129.29 E678.02341
G1 X81.806 Y129.724 E678.03865
G1 X81.577 Y130.13 E678.05416
G1 X81.222 Y130.537 E678.07212
G1 X80.766 Y130.849 E678.0905
G1 X80.346 Y131.027 E678.10567
M204 S2000
G1 F2400 E677.30567
G0 F9000 X81.724 Y130.235
G0 X81.724 Y132.44
G0 X110 Y132.638
M204 S500
G1 F2400 E678.10567
G1 F1800 X143.461 Y132.636 E679.21858
G1 X143.735 Y132.479 E679.22909
G1 X143.844 Y132.309 E679.2358
G1 X143.888 Y132.083 E679.24346
G1 X143.884 Y87.846 E680.71479
G1 X143.845 Y87.681 E680.72043
G1 X143.678 Y87.471 E680.72935
G1 X143.4 Y87.364 E680.73926
G1 X76.668 Y87.357 E682.95878
G1 X76.434 Y87.403 E682.96671
G1 X76.284 Y87.497 E682.9726
G1 X76.112 Y87.783 E682.9837
G1 X76.112 Y132.205 E684.46118
G1 X76.271 Y132.489 E684.472
G1 X76.439 Y132.596 E684.47863
G1 X76.665 Y132.64 E684.48629
G1 X110 Y132.638 E685.59501
M204 S2000
G1 F2400 E684.79501
G0 F9000 X109.999 Y132.539
G0 X122.148 Y132.438
G0 X122.446 Y131.217
G0 X122.852 Y131.129
M204 S500
G1 F2400 E685.59501
G1 F1800 X122.327 Y131.003 E685.61297
G1 X121.894 Y130.804 E685.62882
G1 X121.532 Y130.531 E685.6439
G1 X121.224 Y130.197 E685.65901
G1 X120.932 Y129.725 E685.67747
G1 X120.776 Y129.208 E685.69543
G1 X120.733 Y128.748 E685.7108
G1 X120.776 Y128.287 E685.7262
G1 X120.933 Y127.781 E685.74382
G1 X121.226 Y127.298 E685.76261
G1 X121.517 Y126.985 E685.77682
G1 X121.885 Y126.708 E685.79214
G1 X122.399 Y126.461 E685.81111
G1 X122.962 Y126.368 E685.83009
G1 X123.401 Y126.375 E685.84469
G1 X123.87 Y126.481 E685.86069
G1 X124.335 Y126.681 E685.87752
G1 X124.758 Y127.006 E685.89526
G1 X125.069 Y127.364 E685.91104
G1 X125.299 Y127.768 E685.9265
G1 X125.448 Y128.209 E685.94198
G1 X125.522 Y128.749 E685.96011
G1 X125.453 Y129.29 E685.97825
G1 X125.306 Y129.724 E685.99349
G1 X125.079 Y130.126 E686.00884
G1 X124.722 Y130.536 E686.02693
G1 X124.266 Y130.849 E686.04532
G1 X123.846 Y131.027 E686.06049
G1 X123.388 Y131.123 E686.07606
G1 X122.852 Y131.129 E686.09389
M204 S2000
G1 F2400 E685.29389
G0 F9000 X122.148 Y131.032
G0 X121.352 Y130.097
G0 X121.082 Y129.659
G0 X120.936 Y129.176
G0 X120.897 Y128.749
G0 X120.937 Y128.324
G0 X121.086 Y127.831
G0 X121.351 Y127.401
G0 X122.881 Y126.193
G0 X122.821 Y94.559
G0 X122.846 Y94.382
M204 S500
G1 F2400 E686.09389
G1 F1800 X122.298 Y94.237 E686.11274
G1 X121.898 Y94.055 E686.12736
G1 X121.5 Y93.75 E686.14403
G1 X121.211 Y93.424 E686.15852
G1 X120.929 Y92.97 E686.1763
G1 X120.779 Y92.463 E686.19389
G1 X120.733 Y92.003 E686.20926
G1 X120.776 Y91.536 E686.22486
G1 X120.936 Y91.011 E686.24311
G1 X121.222 Y90.548 E686.26121
G1 X121.535 Y90.214 E686.27644
G1 X121.905 Y89.94 E686.29175
G1 X122.396 Y89.716 E686.3097
G1 X122.93 Y89.614 E686.32778
G1 X123.403 Y89.625 E686.34352
G1 X123.85 Y89.723 E686.35874
G1 X124.337 Y89.933 E686.37638
G1 X124.777 Y90.272 E686.39485
G1 X125.081 Y90.623 E686.4103
G1 X125.303 Y91.017 E686.42534
G1 X125.453 Y91.463 E686.44099
G1 X125.522 Y92.008 E686.45926
G1 X125.449 Y92.542 E686.47719
G1 X125.3 Y92.983 E686.49267
G1 X125.085 Y93.36 E686.50711
G1 X124.719 Y93.793 E686.52596
G1 X124.244 Y94.106 E686.54488
G1 X123.821 Y94.28 E686.5601
G1 X123.421 Y94.365 E686.5737
G1 X122.846 Y94.382 E686.59283
M204 S2000
G0 F9000 X122.902 Y93.98
M204 S500
;TYPE:WALL-OUTER
G1 F1800 X122.448 Y93.866 E686.6084
G1 X122.116 Y93.715 E686.62053
G1 X121.798 Y93.482 E686.63364
G1 X121.539 Y93.195 E686.6465
G1 X121.306 Y92.821 E686.66115
G1 X121.171 Y92.384 E686.67637
G1 X121.136 Y91.981 E686.68982
G1 X121.176 Y91.593 E686.70279
G1 X121.317 Y91.155 E686.7181
G1 X121.529 Y90.811 E686.73154
G1 X121.817 Y90.503 E686.74556
G1 X122.128 Y90.278 E686.75833
G1 X122.543 Y90.095 E686.77342
G1 X122.949 Y90.018 E686.78716
G1 X123.375 Y90.028 E686.80133
G1 X123.74 Y90.112 E686.81379
G1 X124.154 Y90.297 E686.82887
G1 X124.512 Y90.577 E686.84399
G1 X124.763 Y90.874 E686.85692
G1 X124.942 Y91.2 E686.86929
G1 X125.063 Y91.57 E686.88224
G1 X125.115 Y92.03 E686.89764
G1 X125.054 Y92.468 E686.91235
G1 X124.938 Y92.813 E686.92445
G1 X124.751 Y93.139 E686.93695
G1 X124.443 Y93.495 E686.95261
G1 X124.066 Y93.748 E686.96771
G1 X123.717 Y93.894 E686.98029
G1 X123.338 Y93.972 E686.99316
G1 X122.902 Y93.98 E687.00767
M204 S2000
G1 F2400 E686.20767
G0 F9000 X122.906 Y94.282
G0 X122.821 Y94.559
G0 X122.881 Y126.193
G0 X122.872 Y130.723
M204 S500
G1 F2400 E687.00767
G1 F1800 X122.441 Y130.615 E687.02244
G1 X122.087 Y130.448 E687.03546
G1 X121.784 Y130.216 E687.04816
G1 X121.533 Y129.938 E687.06061
G1 X121.313 Y129.582 E687.07453
G1 X121.168 Y129.111 E687.09092
G1 X121.136 Y128.729 E687.10367
G1 X121.176 Y128.345 E687.11651
G1 X121.31 Y127.919 E687.13137
G1 X121.542 Y127.544 E687.14603
G1 X121.817 Y127.255 E687.1593
G1 X122.097 Y127.047 E687.1709
G1 X122.512 Y126.851 E687.18617
G1 X122.967 Y126.768 E687.20155
G1 X123.365 Y126.774 E687.21479
G1 X123.722 Y126.853 E687.22695
G1 X124.144 Y127.037 E687.24226
G1 X124.503 Y127.315 E687.25737
G1 X124.749 Y127.604 E687.26999
G1 X124.935 Y127.933 E687.28256
G1 X125.059 Y128.301 E687.29547
G1 X125.119 Y128.753 E687.31064
G1 X125.054 Y129.22 E687.32632
G1 X124.931 Y129.575 E687.33882
G1 X124.759 Y129.879 E687.35044
G1 X124.455 Y130.235 E687.36601
G1 X124.054 Y130.505 E687.38208
G1 X123.706 Y130.648 E687.3946
G1 X123.359 Y130.721 E687.40639
G1 X122.872 Y130.723 E687.42259
M204 S2000
G1 F2400 E686.62259
G0 F9000 X122.799 Y131.016
G0 X121.077 Y130.304
G0 X121.077 Y132.438
G0 X110 Y133.038
M204 S500
G1 F2400 E687.42259
G1 F1800 X143.354 Y133.036 E688.53195
G1 X143.613 Y133.001 E688.54064
G1 X143.841 Y132.902 E688.54891
G1 X144.034 Y132.754 E688.557
G1 X144.222 Y132.46 E688.5686
G1 X144.288 Y132.121 E688.58009
G1 X144.284 Y87.8 E690.05421
G1 X144.22 Y87.529 E690.06348
G1 X144.097 Y87.325 E690.0714
G1 X143.924 Y87.152 E690.07954
G1 X143.712 Y87.028 E690.0877
G1 X143.448 Y86.964 E690.09674
G1 X76.628 Y86.957 E692.31918
G1 X76.284 Y87.025 E692.33084
G1 X76.012 Y87.195 E692.34151
G1 X75.846 Y87.408 E692.35049
G1 X75.747 Y87.635 E692.35873
G1 X75.712 Y87.894 E692.36742
G1 X75.712 Y132.102 E693.83779
G1 X75.747 Y132.357 E693.84635
G1 X75.85 Y132.594 E693.85494
G1 X75.995 Y132.787 E693.86297
G1 X76.288 Y132.974 E693.87453
G1 X76.627 Y133.04 E693.88602
G1 X110 Y133.038 E694.99601
M204 S2000
G1 F2400 E694.19601
G0 F9000 X109.999 Y132.539
G0 X80.388 Y132.44
G0 X80.146 Y131.273
G0 X80.206 Y130.648
M204 S500
G1 F2400 E694.99601
G1 F1800 X79.859 Y130.721 E695.0078
G1 X79.372 Y130.723 E695.024
G1 X78.941 Y130.615 E695.03878
G1 X78.625 Y130.471 E695.05033
G1 X78.304 Y130.235 E695.06358
G1 X78.033 Y129.938 E695.07696
G1 X77.799 Y129.56 E695.09174
G1 X77.668 Y129.115 E695.10717
G1 X77.636 Y128.725 E695.12019
G1 X77.676 Y128.35 E695.13273
G1 X77.796 Y127.953 E695.14652
G1 X78.029 Y127.563 E695.16163
G1 X78.289 Y127.279 E695.17444
G1 X78.627 Y127.03 E695.1884
G1 X78.995 Y126.858 E695.20191
G1 X79.487 Y126.768 E695.21855
G1 X79.875 Y126.776 E695.23146
G1 X80.223 Y126.853 E695.24331
G1 X80.629 Y127.028 E695.25802
G1 X80.998 Y127.31 E695.27346
G1 X81.248 Y127.603 E695.28627
G1 X81.435 Y127.933 E695.29889
G1 X81.559 Y128.301 E695.3118
G1 X81.615 Y128.726 E695.32606
G1 X81.563 Y129.182 E695.34133
G1 X81.431 Y129.575 E695.35512
G1 X81.236 Y129.912 E695.36807
G1 X80.934 Y130.249 E695.38312
G1 X80.554 Y130.505 E695.39836
G1 X80.206 Y130.648 E695.41087
M204 S2000
G1 F2400 E694.61087
G0 F9000 X80.388 Y131.12
G0 X81.445 Y130.034
G0 X81.658 Y129.661
G0 X81.796 Y129.256
G0 X81.861 Y128.754
G0 X81.795 Y128.247
G0 X81.659 Y127.84
G0 X81.447 Y127.466
G0 X79.928 Y126.192
G0 X79.919 Y94.551
G0 X80.226 Y93.891
M204 S500
G1 F2400 E695.41087
G1 F1800 X79.866 Y93.968 E695.42311
G1 X79.397 Y93.981 E695.43872
G1 X78.941 Y93.863 E695.45438
G1 X78.625 Y93.719 E695.46594
G1 X78.283 Y93.467 E695.48006
G1 X78.034 Y93.187 E695.49253
G1 X77.792 Y92.786 E695.5081
G1 X77.668 Y92.363 E695.52277
G1 X77.636 Y91.977 E695.53565
G1 X77.676 Y91.602 E695.54819
G1 X77.817 Y91.155 E695.56378
G1 X78.029 Y90.811 E695.57722
G1 X78.289 Y90.527 E695.59003
G1 X78.597 Y90.295 E695.60285
G1 X79.043 Y90.095 E695.61911
G1 X79.449 Y90.018 E695.63285
G1 X79.875 Y90.028 E695.64703
G1 X80.24 Y90.112 E695.65948
G1 X80.654 Y90.297 E695.67457
G1 X81.012 Y90.577 E695.68968
G1 X81.263 Y90.874 E695.70262
G1 X81.442 Y91.2 E695.71499
G1 X81.563 Y91.57 E695.72793
G1 X81.615 Y92.03 E695.74333
G1 X81.554 Y92.468 E695.75804
G1 X81.436 Y92.817 E695.77029
G1 X81.242 Y93.152 E695.78317
G1 X80.942 Y93.496 E695.79835
G1 X80.573 Y93.744 E695.81314
G1 X80.226 Y93.891 E695.82567
M204 S2000
G1 F2400 E695.02567
G0 F9000 X80.342 Y94.17
G0 X81.73 Y93.474
G0 X121.805 Y94.21
G0 X122.806 Y94.736
M204 S500
;TYPE:SKIN
G1 F2400 E695.82567
G1 F1800 X123.39 Y94.728 E695.8451
G1 X123.929 Y94.622 E695.86337
G1 X124.403 Y94.429 E695.88039
G1 X124.968 Y94.052 E695.90298
G1 X125.37 Y93.573 E695.92378
G1 X125.626 Y93.133 E695.94071
G1 X125.799 Y92.608 E695.9591
G1 X125.883 Y92.006 E695.97931
G1 X125.798 Y91.354 E696.00118
G1 X125.638 Y90.89 E696.01751
G1 X125.388 Y90.431 E696.03489
G1 X125.01 Y89.992 E696.05416
G1 X124.542 Y89.636 E696.07372
G1 X123.968 Y89.38 E696.09462
G1 X123.467 Y89.268 E696.11169
G1 X122.877 Y89.255 E696.13132
G1 X122.265 Y89.377 E696.15208
G1 X121.701 Y89.638 E696.17275
G1 X121.277 Y89.955 E696.19036
G1 X120.941 Y90.315 E696.20673
G1 X120.596 Y90.884 E696.22887
G1 X120.424 Y91.44 E696.24822
G1 X120.372 Y91.99 E696.2666
G1 X120.42 Y92.516 E696.28417
G1 X120.59 Y93.104 E696.30452
G1 X120.929 Y93.654 E696.32601
G1 X121.286 Y94.046 E696.34365
G1 X121.707 Y94.361 E696.36114
G1 X122.189 Y94.578 E696.37872
G1 X122.806 Y94.736 E696.3999
M204 S2000
G1 F2400 E695.5999
G0 F9000 X122.83 Y94.479
G0 X122.881 Y126.193
G0 X122.785 Y131.483
M204 S500
G1 F2400 E696.3999
G1 F1800 X123.439 Y131.478 E696.42165
G1 X123.966 Y131.365 E696.43958
G1 X124.422 Y131.173 E696.45604
G1 X124.966 Y130.808 E696.47782
G1 X125.365 Y130.343 E696.4982
G1 X125.642 Y129.849 E696.51704
G1 X125.798 Y129.393 E696.53307
G1 X125.883 Y128.746 E696.55477
G1 X125.799 Y128.144 E696.57499
G1 X125.623 Y127.609 E696.59372
G1 X125.403 Y127.217 E696.60867
G1 X125.002 Y126.736 E696.6295
G1 X124.501 Y126.36 E696.65034
G1 X123.915 Y126.115 E696.67146
G1 X123.468 Y126.016 E696.68669
G1 X122.862 Y126.012 E696.70685
G1 X122.288 Y126.115 E696.72624
G1 X121.712 Y126.388 E696.74744
G1 X121.291 Y126.697 E696.76481
G1 X120.909 Y127.114 E696.78362
G1 X120.606 Y127.603 E696.80275
G1 X120.416 Y128.234 E696.82467
G1 X120.372 Y128.722 E696.84097
G1 X120.416 Y129.258 E696.85886
G1 X120.592 Y129.847 E696.8793
G1 X120.925 Y130.401 E696.9008
G1 X121.264 Y130.776 E696.91762
G1 X121.687 Y131.1 E696.93534
G1 X122.184 Y131.334 E696.95361
G1 X122.785 Y131.483 E696.9742
M204 S2000
G1 F2400 E696.1742
G0 F9000 X122.148 Y131.032
G0 X121.077 Y130.304
G0 X121.077 Y132.438
G0 X110 Y132.278
M204 S500
G1 F2400 E696.9742
G1 F1800 X76.7 Y132.28 E698.08176
G1 X76.529 Y132.227 E698.08772
G1 X76.473 Y132.119 E698.09177
G1 X76.472 Y129.927 E698.16467
G1 F1739.1 X76.485 Y129.305 E698.18609
G1 X76.473 Y128.74 E698.20554
G1 F1747.6 X76.484 Y128.229 E698.22305
G1 F1751.8 X76.472 Y127.546 E698.2464
G1 F1800 X76.472 Y93.178 E699.38948
G1 F1739.1 X76.485 Y92.553 E699.411
G1 F1734.9 X76.473 Y92.028 E699.42912
G1 F1747.6 X76.484 Y91.477 E699.448
G1 F1751.8 X76.472 Y90.794 E699.47135
G1 F1800 X76.472 Y87.871 E699.56857
G1 X76.527 Y87.778 E699.57216
G1 X76.713 Y87.717 E699.57867
G1 X143.348 Y87.724 E701.79496
G1 X143.459 Y87.764 E701.79888
G1 X143.524 Y87.846 E701.80236
G1 X143.528 Y132.048 E703.27253
G1 X143.471 Y132.217 E703.27846
G1 X143.37 Y132.275 E703.28233
G1 X110 Y132.278 E704.39223
M204 S2000
G1 F2400 E703.59223
G0 F9000 X110 Y132.539
G0 X80.382 Y132.44
G0 X80.141 Y131.274
G0 X80.436 Y131.377
M204 S500
G1 F2400 E704.39223
G1 F1800 X80.923 Y131.172 E704.4098
G1 X81.463 Y130.807 E704.43148
G1 X81.875 Y130.327 E704.45252
G1 X82.142 Y129.846 E704.47082
G1 X82.298 Y129.394 E704.48672
G1 X82.383 Y128.746 E704.50846
G1 X82.299 Y128.144 E704.52867
G1 X82.123 Y127.61 E704.54737
G1 X81.885 Y127.184 E704.5636
G1 X81.523 Y126.756 E704.58225
G1 X81.029 Y126.376 E704.60298
G1 X80.476 Y126.136 E704.62303
G1 X79.969 Y126.017 E704.64035
G1 X79.42 Y126.004 E704.65861
G1 X78.762 Y126.122 E704.68085
G1 X78.234 Y126.37 E704.70025
G1 X77.777 Y126.711 E704.71922
G1 X77.445 Y127.067 E704.73541
G1 X77.117 Y127.59 E704.75594
G1 F1751.8 X76.905 Y128.246 E704.7795
G1 F1747.6 X76.875 Y128.723 E704.79587
G1 F1739.1 X76.909 Y129.269 E704.8147
G1 X77.087 Y129.84 E704.83529
G1 F1800 X77.425 Y130.402 E704.85711
G1 X77.82 Y130.819 E704.87621
G1 X78.193 Y131.107 E704.89188
G1 X78.685 Y131.335 E704.90992
G1 X79.28 Y131.483 E704.93031
G1 X79.939 Y131.478 E704.95223
G1 X80.436 Y131.377 E704.9691
M204 S2000
G1 F2400 E704.1691
G0 F9000 X80.382 Y131.122
G0 X81.445 Y130.034
G0 X81.658 Y129.661
G0 X81.796 Y129.256
G0 X81.861 Y128.754
G0 X81.795 Y128.247
G0 X81.659 Y127.84
G0 X81.447 Y127.466
G0 X79.928 Y126.192
G0 X79.919 Y94.551
G0 X80.435 Y94.62
M204 S500
G1 F2400 E704.9691
G1 F1800 X80.946 Y94.407 E704.98751
G1 X81.482 Y94.038 E705.00916
G1 X81.876 Y93.576 E705.02935
G1 X82.132 Y93.113 E705.04695
G1 X82.299 Y92.612 E705.06451
G1 X82.383 Y92.006 E705.08486
G1 X82.298 Y91.354 E705.10673
G1 X82.138 Y90.89 E705.12305
G1 X81.888 Y90.431 E705.14044
G1 X81.51 Y89.992 E705.15971
G1 X81.042 Y89.636 E705.17926
G1 X80.468 Y89.38 E705.20017
G1 X79.967 Y89.268 E705.21724
G1 X79.377 Y89.255 E705.23687
G1 X78.765 Y89.377 E705.25763
G1 X78.237 Y89.617 E705.27692
G1 X77.805 Y89.93 E705.29466
G1 X77.449 Y90.307 E705.31191
G1 X77.117 Y90.839 E705.33276
G1 F1751.8 X76.905 Y91.494 E705.35629
G1 F1747.6 X76.875 Y91.975 E705.3728
G1 F1739.1 X76.909 Y92.517 E705.3915
G1 X77.095 Y93.118 E705.41315
G1 F1800 X77.422 Y93.642 E705.4337
G1 X77.804 Y94.061 E705.45256
G1 X78.2 Y94.357 E705.469
G1 X78.677 Y94.579 E705.4865
G1 X79.309 Y94.741 E705.5082
G1 X79.921 Y94.728 E705.52856
G1 X80.435 Y94.62 E705.54603
M204 S2000
G1 F2400 E704.74603
G0 F9000 X80.379 Y94.367
G0 X79.919 Y94.551
G0 X76.312 Y94.551
G0 X76.672 Y131.544
M204 S500
G1 F2400 E705.54603
G1 F1800 X77.208 Y132.08 E705.57124
M204 S2000
G0 F9000 X77.774 Y132.08
M204 S500
G1 F1800 X76.672 Y130.978 E705.62307
M204 S2000
G0 F9000 X76.672 Y130.412
M204 S500
G1 F1800 X78.34 Y132.08 E705.70153
M204 S2000
G0 F9000 X78.905 Y132.08
M204 S500
G1 F1800 X78.13 Y131.304 E705.73801
M204 S2000
G0 F9000 X79.016 Y131.624
M204 S500
G1 F1800 X79.471 Y132.08 E705.75943
M204 S2000
G0 F9000 X79.639 Y131.682
M204 S500
G1 F1800 X80.037 Y132.08 E705.77815
M204 S2000
G0 F9000 X80.16 Y131.638
M204 S500
G1 F1800 X80.602 Y132.08 E705.79894
M204 S2000
G0 F9000 X80.612 Y131.523
M204 S500
G1 F1800 X81.167 Y132.079 E705.82507
M204 S2000
G0 F9000 X81.733 Y132.079
M204 S500
G1 F1800 X81.008 Y131.354 E705.85918
M204 S2000
G0 F9000 X81.348 Y131.128
M204 S500
G1 F1800 X82.299 Y132.079 E705.90391
M204 S2000
G0 F9000 X82.864 Y132.079
M204 S500
G1 F1800 X81.664 Y130.878 E705.96038
M204 S2000
G0 F9000 X81.927 Y130.576
M204 S500
G1 F1800 X83.43 Y132.079 E706.03107
M204 S2000
G0 F9000 X83.996 Y132.079
M204 S500
G1 F1800 X82.154 Y130.237 E706.11771
M204 S2000
G0 F9000 X82.343 Y129.86
M204 S500
G1 F1800 X84.561 Y132.079 E706.22207
M204 S2000
G0 F9000 X85.127 Y132.079
M204 S500
G1 F1800 X82.492 Y129.444 E706.34601
M204 S2000
G0 F9000 X82.558 Y128.944
M204 S500
G1 F1800 X85.693 Y132.079 E706.49347
M204 S2000
G0 F9000 X86.259 Y132.079
M204 S500
G1 F1800 X82.529 Y128.349 E706.66892
M204 S2000
G0 F9000 X82.321 Y127.575
M204 S500
G1 F1800 X86.824 Y132.079 E706.88075
M204 S2000
G0 F9000 X87.39 Y132.079
M204 S500
G1 F1800 X76.672 Y121.361 E707.38489
M204 S2000
G0 F9000 X76.672 Y121.926
M204 S500
G1 F1800 X80.808 Y126.063 E707.57946
M204 S2000
G0 F9000 X79.997 Y125.818
M204 S500
G1 F1800 X76.672 Y122.492 E707.73588
M204 S2000
G0 F9000 X76.672 Y123.058
M204 S500
G1 F1800 X79.417 Y125.803 E707.86499
M204 S2000
G0 F9000 X78.931 Y125.883
M204 S500
G1 F1800 X76.672 Y123.623 E707.97127
M204 S2000
G0 F9000 X76.672 Y124.189
M204 S500
G1 F1800 X78.504 Y126.022 E708.05747
M204 S2000
G0 F9000 X78.119 Y126.202
M204 S500
G1 F1800 X76.672 Y124.755 E708.12553
M204 S2000
G0 F9000 X76.672 Y125.321
M204 S500
G1 F1800 X77.794 Y126.443 E708.17831
M204 S2000
G0 F9000 X77.503 Y126.718
M204 S500
G1 F1800 X76.672 Y125.886 E708.21742
M204 S2000
G0 F9000 X76.672 Y126.452
M204 S500
G1 F1800 X77.237 Y127.017 E708.24399
M204 S2000
G0 F9000 X77.021 Y127.367
M204 S500
G1 F1800 X76.672 Y127.018 E708.26041
M204 S2000
G0 F9000 X76.673 Y127.585
M204 S500
G1 F1800 X76.847 Y127.759 E708.2686
M204 S2000
G0 F9000 X77.29 Y127.893
G0 X77.311 Y129.67
G0 X76.675 Y129.85
M204 S500
G1 F1800 X77.131 Y130.306 E708.29004
M204 S2000
G1 F2400 E707.49004
G0 F9000 X77.524 Y130.065
G0 X77.396 Y128.749
G0 X77.913 Y126.83
G0 X76.312 Y126.83
G0 X76.672 Y120.795
M204 S500
G1 F2400 E708.29004
G1 F1800 X87.956 Y132.079 E708.82081
M204 S2000
G0 F9000 X88.521 Y132.079
M204 S500
G1 F1800 X76.672 Y120.229 E709.37817
M204 S2000
G0 F9000 X76.672 Y119.664
M204 S500
G1 F1800 X89.087 Y132.079 E709.96214
M204 S2000
G0 F9000 X89.652 Y132.078
M204 S500
G1 F1800 X76.672 Y119.098 E710.57268
M204 S2000
G0 F9000 X76.672 Y118.532
M204 S500
G1 F1800 X90.218 Y132.078 E711.20984
M204 S2000
G0 F9000 X90.783 Y132.078
M204 S500
G1 F1800 X76.672 Y117.967 E711.87358
M204 S2000
G0 F9000 X76.672 Y117.401
M204 S500
G1 F1800 X91.349 Y132.078 E712.56394
M204 S2000
G0 F9000 X91.915 Y132.078
M204 S500
G1 F1800 X76.672 Y116.835 E713.28092
M204 S2000
G0 F9000 X76.672 Y116.27
M204 S500
G1 F1800 X92.48 Y132.078 E714.02448
M204 S2000
G0 F9000 X93.046 Y132.078
M204 S500
G1 F1800 X76.672 Y115.704 E714.79466
M204 S2000
G0 F9000 X76.672 Y115.138
M204 S500
G1 F1800 X93.612 Y132.078 E715.59147
M204 S2000
G0 F9000 X94.177 Y132.078
M204 S500
G1 F1800 X76.672 Y114.573 E716.41485
M204 S2000
G0 F9000 X76.672 Y114.007
M204 S500
G1 F1800 X94.743 Y132.078 E717.26486
M204 S2000
G0 F9000 X95.309 Y132.078
M204 S500
G1 F1800 X76.672 Y113.441 E718.14148
M204 S2000
G0 F9000 X76.672 Y112.875
M204 S500
G1 F1800 X95.874 Y132.078 E719.04471
M204 S2000
G0 F9000 X96.44 Y132.078
M204 S500
G1 F1800 X76.672 Y112.31 E719.97454
M204 S2000
G0 F9000 X76.672 Y111.744
M204 S500
G1 F1800 X97.006 Y132.078 E720.93098
M204 S2000
G0 F9000 X97.571 Y132.078
M204 S500
G1 F1800 X76.672 Y111.178 E721.91403
M204 S2000
G0 F9000 X76.672 Y110.613
M204 S500
G1 F1800 X98.137 Y132.078 E722.92368
M204 S2000
G0 F9000 X98.702 Y132.078
M204 S500
G1 F1800 X76.672 Y110.047 E723.95993
M204 S2000
G0 F9000 X76.672 Y109.481
M204 S500
G1 F1800 X99.268 Y132.078 E725.0228
M204 S2000
G0 F9000 X99.834 Y132.078
M204 S500
G1 F1800 X76.672 Y108.916 E726.11227
M204 S2000
G0 F9000 X76.672 Y108.35
M204 S500
G1 F1800 X100.399 Y132.078 E727.22834
M204 S2000
G0 F9000 X100.965 Y132.078
M204 S500
G1 F1800 X76.672 Y107.784 E728.37103
M204 S2000
G0 F9000 X76.672 Y107.219
M204 S500
G1 F1800 X101.531 Y132.078 E729.54032
M204 S2000
G0 F9000 X102.096 Y132.078
M204 S500
G1 F1800 X76.672 Y106.653 E730.73621
M204 S2000
G0 F9000 X76.672 Y106.087
M204 S500
G1 F1800 X102.662 Y132.078 E731.95872
M204 S2000
G0 F9000 X103.228 Y132.078
M204 S500
G1 F1800 X76.672 Y105.522 E733.20784
M204 S2000
G0 F9000 X76.672 Y104.956
M204 S500
G1 F1800 X103.793 Y132.078 E734.48355
M204 S2000
G0 F9000 X104.359 Y132.078
M204 S500
G1 F1800 X76.672 Y104.39 E735.78588
M204 S2000
G0 F9000 X76.672 Y103.824
M204 S500
G1 F1800 X104.925 Y132.078 E737.11484
M204 S2000
G0 F9000 X105.49 Y132.077
M204 S500
G1 F1800 X76.672 Y103.259 E738.47035
M204 S2000
G0 F9000 X76.672 Y102.693
M204 S500
G1 F1800 X106.055 Y132.077 E739.85246
M204 S2000
G0 F9000 X106.621 Y132.077
M204 S500
G1 F1800 X76.672 Y102.127 E741.26119
M204 S2000
G0 F9000 X76.672 Y101.562
M204 S500
G1 F1800 X107.187 Y132.077 E742.69653
M204 S2000
G0 F9000 X107.752 Y132.077
M204 S500
G1 F1800 X76.672 Y100.996 E744.15846
M204 S2000
G0 F9000 X76.672 Y100.43
M204 S500
G1 F1800 X108.318 Y132.077 E745.64701
M204 S2000
G0 F9000 X108.884 Y132.077
M204 S500
G1 F1800 X76.672 Y99.865 E747.16217
M204 S2000
G0 F9000 X76.672 Y99.299
M204 S500
G1 F1800 X109.45 Y132.077 E748.70394
M204 S2000
G0 F9000 X110.015 Y132.077
M204 S500
G1 F1800 X76.672 Y98.733 E750.27232
M204 S2000
G0 F9000 X76.672 Y98.168
M204 S500
G1 F1800 X110.581 Y132.077 E751.86729
M204 S2000
G0 F9000 X111.147 Y132.077
M204 S500
G1 F1800 X76.672 Y97.602 E753.48889
M204 S2000
G0 F9000 X76.672 Y97.036
M204 S500
G1 F1800 X111.712 Y132.077 E755.13709
M204 S2000
G0 F9000 X112.278 Y132.077
M204 S500
G1 F1800 X76.672 Y96.471 E756.81189
M204 S2000
G0 F9000 X76.672 Y95.905
M204 S500
G1 F1800 X112.844 Y132.077 E758.51331
M204 S2000
G0 F9000 X113.409 Y132.077
M204 S500
G1 F1800 X76.672 Y95.339 E760.24133
M204 S2000
G0 F9000 X76.672 Y94.774
M204 S500
G1 F1800 X113.974 Y132.076 E761.9959
M204 S2000
G0 F9000 X114.54 Y132.076
M204 S500
G1 F1800 X76.672 Y94.208 E763.77709
M204 S2000
G0 F9000 X76.672 Y93.642
M204 S500
G1 F1800 X115.106 Y132.076 E765.58491
M204 S2000
G0 F9000 X115.671 Y132.076
M204 S500
G1 F1800 X78.157 Y94.562 E767.34945
M204 S2000
G0 F9000 X79.038 Y94.877
M204 S500
G1 F1800 X116.237 Y132.076 E769.09918
M204 S2000
G0 F9000 X116.803 Y132.076
M204 S500
G1 F1800 X79.661 Y94.934 E770.84623
M204 S2000
G0 F9000 X80.172 Y94.88
M204 S500
G1 F1800 X117.368 Y132.076 E772.59581
M204 S2000
G0 F9000 X117.934 Y132.076
M204 S500
G1 F1800 X80.621 Y94.763 E774.3509
M204 S2000
G0 F9000 X81.017 Y94.594
M204 S500
G1 F1800 X118.5 Y132.076 E776.11396
M204 S2000
G0 F9000 X119.065 Y132.076
M204 S500
G1 F1800 X81.357 Y94.368 E777.88763
M204 S2000
G0 F9000 X81.672 Y94.117
M204 S500
G1 F1800 X119.631 Y132.076 E779.67311
M204 S2000
G0 F9000 X120.197 Y132.076
M204 S500
G1 F1800 X81.932 Y93.812 E781.47295
M204 S2000
G0 F9000 X82.16 Y93.474
M204 S500
G1 F1800 X120.763 Y132.076 E783.2887
M204 S2000
G0 F9000 X121.328 Y132.076
M204 S500
G1 F1800 X82.349 Y93.097 E785.12215
M204 S2000
G0 F9000 X82.49 Y92.672
M204 S500
G1 F1800 X121.894 Y132.076 E786.97559
M204 S2000
G0 F9000 X122.46 Y132.076
M204 S500
G1 F1800 X121.728 Y131.344 E787.01002
M204 S2000
G0 F9000 X122.59 Y131.641
M204 S500
G1 F1800 X123.025 Y132.076 E787.03048
M204 S2000
G0 F9000 X123.196 Y131.681
M204 S500
G1 F1800 X123.591 Y132.076 E787.04906
M204 S2000
G0 F9000 X123.708 Y131.627
M204 S500
G1 F1800 X124.157 Y132.076 E787.07018
M204 S2000
G0 F9000 X124.722 Y132.076
M204 S500
G1 F1800 X124.151 Y131.505 E787.09704
M204 S2000
G0 F9000 X124.547 Y131.335
M204 S500
G1 F1800 X125.287 Y132.076 E787.13187
M204 S2000
G0 F9000 X125.853 Y132.076
M204 S500
G1 F1800 X124.884 Y131.106 E787.17747
M204 S2000
G0 F9000 X125.193 Y130.85
M204 S500
G1 F1800 X126.419 Y132.076 E787.23514
M204 S2000
G0 F9000 X126.984 Y132.076
M204 S500
G1 F1800 X125.454 Y130.545 E787.30713
M204 S2000
G0 F9000 X125.674 Y130.2
M204 S500
G1 F1800 X127.55 Y132.076 E787.39537
M204 S2000
G0 F9000 X128.116 Y132.076
M204 S500
G1 F1800 X125.861 Y129.821 E787.50144
M204 S2000
G0 F9000 X126.003 Y129.397
M204 S500
G1 F1800 X128.681 Y132.076 E787.62743
M204 S2000
G0 F9000 X129.247 Y132.076
M204 S500
G1 F1800 X126.065 Y128.894 E787.7771
M204 S2000
G0 F9000 X126.02 Y128.283
M204 S500
G1 F1800 X129.813 Y132.076 E787.95551
M204 S2000
G0 F9000 X130.378 Y132.076
M204 S500
G1 F1800 X125.772 Y127.469 E788.17219
M204 S2000
G0 F9000 X125.371 Y127.692
G0 X123.764 Y126.349
G0 X124.41 Y126.107
M204 S500
G1 F1800 X86.222 Y87.919 E789.96843
M204 S2000
G0 F9000 X86.787 Y87.919
M204 S500
G1 F1800 X130.943 Y132.075 E792.0454
M204 S2000
G0 F9000 X131.509 Y132.075
M204 S500
G1 F1800 X87.353 Y87.919 E794.12236
M204 S2000
G0 F9000 X87.919 Y87.919
M204 S500
G1 F1800 X132.075 Y132.075 E796.19932
M204 S2000
G0 F9000 X132.641 Y132.075
M204 S500
G1 F1800 X88.485 Y87.919 E798.27629
M204 S2000
G0 F9000 X89.05 Y87.919
M204 S500
G1 F1800 X133.206 Y132.075 E800.35325
M204 S2000
G0 F9000 X133.772 Y132.075
M204 S500
G1 F1800 X89.617 Y87.92 E802.43016
M204 S2000
G0 F9000 X90.182 Y87.92
M204 S500
G1 F1800 X134.338 Y132.075 E804.5071
M204 S2000
G0 F9000 X134.903 Y132.075
M204 S500
G1 F1800 X90.748 Y87.92 E806.58402
M204 S2000
G0 F9000 X91.314 Y87.92
M204 S500
G1 F1800 X135.469 Y132.075 E808.66093
M204 S2000
G0 F9000 X136.035 Y132.075
M204 S500
G1 F1800 X91.879 Y87.92 E810.73787
M204 S2000
G0 F9000 X92.445 Y87.92
M204 S500
G1 F1800 X136.6 Y132.075 E812.81479
M204 S2000
G0 F9000 X137.165 Y132.074
M204 S500
G1 F1800 X93.011 Y87.92 E814.89166
M204 S2000
G0 F9000 X93.577 Y87.92
M204 S500
G1 F1800 X137.731 Y132.074 E816.96853
M204 S2000
G0 F9000 X138.297 Y132.074
M204 S500
G1 F1800 X94.143 Y87.92 E819.0454
M204 S2000
G0 F9000 X94.708 Y87.92
M204 S500
G1 F1800 X138.862 Y132.074 E821.12227
M204 S2000
G0 F9000 X139.428 Y132.074
M204 S500
G1 F1800 X95.274 Y87.92 E823.19913
M204 S2000
G0 F9000 X95.84 Y87.92
M204 S500
G1 F1800 X139.994 Y132.074 E825.276
M204 S2000
G0 F9000 X140.559 Y132.074
M204 S500
G1 F1800 X96.406 Y87.92 E827.35285
M204 S2000
G0 F9000 X96.971 Y87.92
M204 S500
G1 F1800 X141.125 Y132.074 E829.42972
M204 S2000
G0 F9000 X141.691 Y132.074
M204 S500
G1 F1800 X97.538 Y87.921 E831.50654
M204 S2000
G0 F9000 X98.103 Y87.921
M204 S500
G1 F1800 X142.256 Y132.074 E833.58336
M204 S2000
G0 F9000 X142.822 Y132.074
M204 S500
G1 F1800 X98.669 Y87.921 E835.66018
M204 S2000
G0 F9000 X99.235 Y87.921
M204 S500
G1 F1800 X143.328 Y132.015 E837.73421
M204 S2000
G0 F9000 X143.328 Y131.449
M204 S500
G1 F1800 X99.8 Y87.921 E839.78163
M204 S2000
G0 F9000 X100.366 Y87.921
M204 S500
G1 F1800 X143.328 Y130.883 E841.80243
M204 S2000
G0 F9000 X143.328 Y130.318
M204 S500
G1 F1800 X100.932 Y87.921 E843.79663
M204 S2000
G0 F9000 X101.497 Y87.921
M204 S500
G1 F1800 X143.328 Y129.752 E845.76423
M204 S2000
G0 F9000 X143.328 Y129.186
M204 S500
G1 F1800 X102.064 Y87.922 E847.70516
M204 S2000
G0 F9000 X102.629 Y87.922
M204 S500
G1 F1800 X143.328 Y128.621 E849.61952
M204 S2000
G0 F9000 X143.328 Y128.055
M204 S500
G1 F1800 X103.195 Y87.922 E851.50725
M204 S2000
G0 F9000 X103.761 Y87.922
M204 S500
G1 F1800 X143.328 Y127.489 E853.36836
M204 S2000
G0 F9000 X143.328 Y126.924
M204 S500
G1 F1800 X104.327 Y87.922 E855.20288
M204 S2000
G0 F9000 X104.892 Y87.922
M204 S500
G1 F1800 X143.328 Y126.358 E857.01079
M204 S2000
G0 F9000 X143.328 Y125.792
M204 S500
G1 F1800 X105.458 Y87.922 E858.79208
M204 S2000
G0 F9000 X106.024 Y87.922
M204 S500
G1 F1800 X143.328 Y125.226 E860.54674
M204 S2000
G0 F9000 X143.328 Y124.661
M204 S500
G1 F1800 X106.59 Y87.922 E862.27481
M204 S2000
G0 F9000 X107.156 Y87.922
M204 S500
G1 F1800 X143.328 Y124.095 E863.97625
M204 S2000
G0 F9000 X143.328 Y123.529
M204 S500
G1 F1800 X107.721 Y87.922 E865.6511
M204 S2000
G0 F9000 X108.287 Y87.922
M204 S500
G1 F1800 X143.328 Y122.964 E867.29934
M204 S2000
G0 F9000 X143.328 Y122.398
M204 S500
G1 F1800 X108.853 Y87.922 E868.92096
M204 S2000
G0 F9000 X109.418 Y87.922
M204 S500
G1 F1800 X143.328 Y121.832 E870.51598
M204 S2000
G0 F9000 X143.328 Y121.267
M204 S500
G1 F1800 X109.984 Y87.922 E872.08441
M204 S2000
G0 F9000 X110.55 Y87.923
M204 S500
G1 F1800 X143.328 Y120.7 E873.62616
M204 S2000
G0 F9000 X143.328 Y120.135
M204 S500
G1 F1800 X111.116 Y87.923 E875.14131
M204 S2000
G0 F9000 X111.682 Y87.923
M204 S500
G1 F1800 X143.328 Y119.569 E876.62985
M204 S2000
G0 F9000 X143.328 Y119.003
M204 S500
G1 F1800 X112.248 Y87.923 E878.09175
M204 S2000
G0 F9000 X112.813 Y87.923
M204 S500
G1 F1800 X143.328 Y118.438 E879.52709
M204 S2000
G0 F9000 X143.328 Y117.872
M204 S500
G1 F1800 X113.379 Y87.923 E880.93579
M204 S2000
G0 F9000 X113.945 Y87.923
M204 S500
G1 F1800 X143.328 Y117.306 E882.31788
M204 S2000
G0 F9000 X143.328 Y116.741
M204 S500
G1 F1800 X114.511 Y87.924 E883.67334
M204 S2000
G0 F9000 X115.077 Y87.924
M204 S500
G1 F1800 X120.519 Y93.366 E883.92932
M204 S2000
G0 F9000 X120.217 Y92.499
M204 S500
G1 F1800 X115.642 Y87.924 E884.14451
M204 S2000
G0 F9000 X116.208 Y87.924
M204 S500
G1 F1800 X120.184 Y91.9 E884.33153
M204 S2000
G0 F9000 X120.232 Y91.382
M204 S500
G1 F1800 X116.774 Y87.924 E884.49419
M204 S2000
G0 F9000 X117.339 Y87.924
M204 S500
G1 F1800 X120.367 Y90.951 E884.63659
M204 S2000
G0 F9000 X120.549 Y90.568
M204 S500
G1 F1800 X117.905 Y87.924 E884.76096
M204 S2000
G0 F9000 X118.471 Y87.924
M204 S500
G1 F1800 X120.763 Y90.216 E884.86876
M204 S2000
G0 F9000 X121.035 Y89.922
M204 S500
G1 F1800 X119.037 Y87.924 E884.96274
M204 S2000
G0 F9000 X119.603 Y87.924
M204 S500
G1 F1800 X121.339 Y89.66 E885.0444
M204 S2000
G0 F9000 X121.671 Y89.427
M204 S500
G1 F1800 X120.169 Y87.924 E885.11507
M204 S2000
G0 F9000 X120.734 Y87.924
M204 S500
G1 F1800 X122.06 Y89.25 E885.17744
M204 S2000
G0 F9000 X122.498 Y89.123
M204 S500
G1 F1800 X121.3 Y87.924 E885.23382
M204 S2000
G0 F9000 X121.866 Y87.924
M204 S500
G1 F1800 X122.995 Y89.054 E885.28695
M204 S2000
G0 F9000 X123.597 Y89.091
M204 S500
G1 F1800 X122.431 Y87.924 E885.34181
M204 S2000
G0 F9000 X122.998 Y87.925
M204 S500
G1 F1800 X124.44 Y89.368 E885.40967
M204 S2000
G0 F9000 X124.258 Y89.789
G0 X123.899 Y89.549
G0 X123.901 Y87.542
G0 X124.695 Y87.925
M204 S500
G1 F1800 X143.327 Y106.557 E886.28606
M204 S2000
G0 F9000 X143.327 Y105.992
M204 S500
G1 F1800 X125.26 Y87.925 E887.13587
M204 S2000
G0 F9000 X125.826 Y87.925
M204 S500
G1 F1800 X143.327 Y105.426 E887.95907
M204 S2000
G0 F9000 X143.327 Y104.86
M204 S500
G1 F1800 X126.392 Y87.925 E888.75564
M204 S2000
G0 F9000 X126.958 Y87.926
M204 S500
G1 F1800 X143.327 Y104.295 E889.52559
M204 S2000
G0 F9000 X143.327 Y103.729
M204 S500
G1 F1800 X127.524 Y87.926 E890.26891
M204 S2000
G0 F9000 X128.09 Y87.926
M204 S500
G1 F1800 X143.327 Y103.163 E890.98561
M204 S2000
G0 F9000 X143.327 Y102.598
M204 S500
G1 F1800 X128.655 Y87.926 E891.67574
M204 S2000
G0 F9000 X129.221 Y87.926
M204 S500
G1 F1800 X143.327 Y102.032 E892.33924
M204 S2000
G0 F9000 X143.327 Y101.466
M204 S500
G1 F1800 X129.787 Y87.926 E892.97612
M204 S2000
G0 F9000 X130.352 Y87.926
M204 S500
G1 F1800 X143.327 Y100.901 E893.58643
M204 S2000
G0 F9000 X143.327 Y100.335
M204 S500
G1 F1800 X130.919 Y87.927 E894.17006
M204 S2000
G0 F9000 X131.484 Y87.927
M204 S500
G1 F1800 X143.327 Y99.769 E894.72709
M204 S2000
G0 F9000 X143.327 Y99.204
M204 S500
G1 F1800 X132.05 Y87.927 E895.25753
M204 S2000
G0 F9000 X132.616 Y87.927
M204 S500
G1 F1800 X143.326 Y98.637 E895.7613
M204 S2000
G0 F9000 X143.326 Y98.071
M204 S500
G1 F1800 X133.181 Y87.927 E896.23846
M204 S2000
G0 F9000 X133.747 Y87.927
M204 S500
G1 F1800 X143.326 Y97.506 E896.68903
M204 S2000
G0 F9000 X143.326 Y96.94
M204 S500
G1 F1800 X134.313 Y87.927 E897.11297
M204 S2000
G0 F9000 X134.878 Y87.927
M204 S500
G1 F1800 X143.326 Y96.374 E897.51032
M204 S2000
G0 F9000 X143.326 Y95.809
M204 S500
G1 F1800 X135.445 Y87.927 E897.88104
M204 S2000
G0 F9000 X136.011 Y87.927
M204 S500
G1 F1800 X143.326 Y95.243 E898.22514
M204 S2000
G0 F9000 X143.326 Y94.677
M204 S500
G1 F1800 X136.576 Y87.927 E898.54264
M204 S2000
G0 F9000 X137.142 Y87.927
M204 S500
G1 F1800 X143.326 Y94.112 E898.83354
M204 S2000
G0 F9000 X143.326 Y93.546
M204 S500
G1 F1800 X137.708 Y87.927 E899.09781
M204 S2000
G0 F9000 X138.273 Y87.927
M204 S500
G1 F1800 X143.326 Y92.98 E899.33549
M204 S2000
G0 F9000 X143.326 Y92.415
M204 S500
G1 F1800 X138.839 Y87.927 E899.54657
M204 S2000
G0 F9000 X139.405 Y87.928
M204 S500
G1 F1800 X143.326 Y91.849 E899.731
M204 S2000
G0 F9000 X143.326 Y91.283
M204 S500
G1 F1800 X139.971 Y87.928 E899.88881
M204 S2000
G0 F9000 X140.537 Y87.928
M204 S500
G1 F1800 X143.326 Y90.718 E900.02002
M204 S2000
G0 F9000 X143.326 Y90.152
M204 S500
G1 F1800 X141.102 Y87.928 E900.12463
M204 S2000
G0 F9000 X141.668 Y87.928
M204 S500
G1 F1800 X143.326 Y89.586 E900.20262
M204 S2000
G0 F9000 X143.326 Y89.021
M204 S500
G1 F1800 X142.234 Y87.928 E900.254
M204 S2000
G0 F9000 X142.8 Y87.928
M204 S500
G1 F1800 X143.326 Y88.455 E900.27877
M204 S2000
G1 F2400 E899.47877
G0 F9000 X143.785 Y88.455
G0 X143.685 Y91.353
G0 X125.704 Y92.008
G0 X126.024 Y91.517
M204 S500
G1 F2400 E900.27877
G1 F1800 X143.327 Y108.82 E901.09265
M204 S2000
G0 F9000 X143.327 Y108.255
M204 S500
G1 F1800 X125.744 Y90.672 E901.9197
M204 S2000
G0 F9000 X125.347 Y90.892
G0 X125.617 Y92.063
G0 X126.067 Y92.126
M204 S500
G1 F1800 X143.327 Y109.386 E902.73156
M204 S2000
G0 F9000 X143.327 Y109.952
M204 S500
G1 F1800 X125.997 Y92.622 E903.54671
M204 S2000
G0 F9000 X125.862 Y93.052
M204 S500
G1 F1800 X143.328 Y110.518 E904.36825
M204 S2000
G0 F9000 X143.328 Y111.084
M204 S500
G1 F1800 X125.68 Y93.436 E905.19836
M204 S2000
G0 F9000 X125.456 Y93.778
M204 S500
G1 F1800 X143.328 Y111.649 E906.03898
M204 S2000
G0 F9000 X143.328 Y112.215
M204 S500
G1 F1800 X125.199 Y94.086 E906.89172
M204 S2000
G0 F9000 X124.893 Y94.346
M204 S500
G1 F1800 X143.328 Y112.781 E907.75884
M204 S2000
G0 F9000 X143.328 Y113.346
M204 S500
G1 F1800 X124.55 Y94.569 E908.64208
M204 S2000
G0 F9000 X124.159 Y94.744
M204 S500
G1 F1800 X143.328 Y113.912 E909.5437
M204 S2000
G0 F9000 X143.328 Y114.478
M204 S500
G1 F1800 X123.715 Y94.865 E910.46624
M204 S2000
G0 F9000 X123.213 Y94.929
M204 S500
G1 F1800 X143.328 Y115.043 E911.41236
M204 S2000
G0 F9000 X143.328 Y115.609
M204 S500
G1 F1800 X122.613 Y94.894 E912.38673
M204 S2000
G0 F9000 X121.756 Y94.603
M204 S500
G1 F1800 X143.328 Y116.175 E913.40142
M204 S2000
G0 F9000 X143.787 Y116.175
G0 X143.786 Y107.689
G0 X143.327 Y107.689
M204 S500
G1 F1800 X123.563 Y87.925 E914.33105
M204 S2000
G0 F9000 X124.129 Y87.925
M204 S500
G1 F1800 X143.327 Y107.123 E915.23407
M204 S2000
G1 F2400 E914.43407
G0 F9000 X143.786 Y107.123
G0 X143.688 Y126.285
G0 X124.427 Y126.524
G0 X123.578 Y125.84
M204 S500
G1 F2400 E915.23407
G1 F1800 X85.656 Y87.919 E917.01778
M204 S2000
G0 F9000 X85.09 Y87.919
M204 S500
G1 F1800 X122.984 Y125.813 E918.8002
M204 S2000
G0 F9000 X122.482 Y125.876
M204 S500
G1 F1800 X84.524 Y87.918 E920.58563
M204 S2000
G0 F9000 X83.958 Y87.918
M204 S500
G1 F1800 X122.048 Y126.008 E922.37726
M204 S2000
G0 F9000 X121.665 Y126.191
M204 S500
G1 F1800 X83.393 Y87.918 E924.17748
M204 S2000
G0 F9000 X82.827 Y87.918
M204 S500
G1 F1800 X121.33 Y126.422 E925.98857
M204 S2000
G0 F9000 X121.031 Y126.687
M204 S500
G1 F1800 X82.261 Y87.918 E927.81217
M204 S2000
G0 F9000 X81.696 Y87.918
M204 S500
G1 F1800 X120.76 Y126.983 E929.64964
M204 S2000
G0 F9000 X120.543 Y127.332
M204 S500
G1 F1800 X81.13 Y87.918 E931.50353
M204 S2000
G0 F9000 X80.564 Y87.917
M204 S500
G1 F1800 X120.362 Y127.716 E933.37553
M204 S2000
G0 F9000 X120.23 Y128.15
M204 S500
G1 F1800 X79.998 Y87.917 E935.26795
M204 S2000
G0 F9000 X79.432 Y87.917
M204 S500
G1 F1800 X80.839 Y89.324 E935.33413
M204 S2000
G0 F9000 X80.024 Y89.075
M204 S500
G1 F1800 X78.866 Y87.917 E935.3886
M204 S2000
G0 F9000 X78.301 Y87.917
M204 S500
G1 F1800 X79.435 Y89.052 E935.44196
M204 S2000
G0 F9000 X78.95 Y89.132
M204 S500
G1 F1800 X77.735 Y87.917 E935.49911
M204 S2000
G0 F9000 X77.169 Y87.917
M204 S500
G1 F1800 X78.521 Y89.269 E935.5627
M204 S2000
G0 F9000 X78.131 Y89.445
M204 S500
G1 F1800 X76.672 Y87.985 E935.63135
M204 S2000
G0 F9000 X76.672 Y88.551
M204 S500
G1 F1800 X77.803 Y89.682 E935.68455
M204 S2000
G0 F9000 X77.51 Y89.955
M204 S500
G1 F1800 X76.672 Y89.117 E935.72397
M204 S2000
G0 F9000 X76.672 Y89.682
M204 S500
G1 F1800 X77.243 Y90.254 E935.75085
M204 S2000
G0 F9000 X77.027 Y90.604
M204 S500
G1 F1800 X76.672 Y90.248 E935.76757
M204 S2000
G0 F9000 X76.672 Y90.814
M204 S500
G1 F1800 X76.851 Y90.993 E935.77599
M204 S2000
G0 F9000 X77.295 Y91.127
G0 X77.306 Y92.903
G0 X76.676 Y93.081
M204 S500
G1 F1800 X77.102 Y93.506 E935.79601
M204 S2000
G0 F9000 X77.491 Y93.263
G0 X78.487 Y93.918
G0 X78.878 Y94.099
G0 X79.372 Y94.221
G0 X79.878 Y94.213
G0 X80.297 Y94.124
G0 X80.693 Y93.957
G0 X81.113 Y93.669
G0 X81.301 Y93.451
G0 X82.11 Y92.113
G0 X82.56 Y92.176
M204 S500
G1 F1800 X120.54 Y130.157 E937.58249
M204 S2000
G0 F9000 X120.217 Y129.268
M204 S500
G1 F1800 X82.531 Y91.582 E939.35513
M204 S2000
G0 F9000 X82.312 Y90.797
M204 S500
G1 F1800 X120.178 Y128.663 E941.13623
M204 S2000
G1 F2400 E940.33623
;MESH:NONMESH
G0 F300 X120.178 Y128.663 Z0.8
G0 F9000 X120.635 Y128.707
G0 X120.769 Y127.693
G0 X80.854 Y94.252
G0 X80.299 Y94.079
;TIME_ELAPSED:1164.883014
;LAYER:3
M106 S255
M204 S500
;TYPE:WALL-INNER
;MESH:raspberry pi 4 B bottom part case.stl
G1 F2400 E941.13623
G1 F1800 X79.858 Y94.176 E941.15124
G1 X79.402 Y94.176 E941.16641
G1 X78.939 Y94.079 E941.18215
G1 X78.522 Y93.896 E941.19729
G1 X78.16 Y93.624 E941.21235
G1 X77.855 Y93.292 E941.22735
G1 X77.611 Y92.863 E941.24376
G1 X77.48 Y92.428 E941.25887
G1 X77.436 Y92.001 E941.27315
G1 X77.485 Y91.521 E941.2892
G1 X77.63 Y91.093 E941.30423
G1 X77.856 Y90.699 E941.31933
G1 X78.161 Y90.366 E941.33435
G1 X78.53 Y90.103 E941.34942
G1 X78.962 Y89.908 E941.36519
G1 X79.41 Y89.82 E941.38037
G1 X79.864 Y89.82 E941.39547
G1 X80.295 Y89.914 E941.41015
G1 X80.711 Y90.095 E941.42524
G1 X81.096 Y90.375 E941.44107
G1 X81.403 Y90.716 E941.45633
G1 X81.624 Y91.109 E941.47133
G1 X81.766 Y91.534 E941.48623
G1 X81.816 Y92.014 E941.50228
G1 X81.761 Y92.47 E941.51756
G1 X81.609 Y92.913 E941.53313
G1 X81.391 Y93.285 E941.54748
G1 X81.07 Y93.646 E941.56354
G1 X80.736 Y93.885 E941.5772
G1 X80.299 Y94.079 E941.59311
M204 S2000
G1 F2400 E940.79311
G0 F9000 X79.881 Y94.357
G0 X79.886 Y126.387
G0 X80.299 Y130.834
M204 S500
G1 F2400 E941.59311
G1 F1800 X79.859 Y130.928 E941.60807
G1 X79.402 Y130.928 E941.62327
G1 X78.937 Y130.831 E941.63907
G1 X78.517 Y130.64 E941.65441
G1 X78.184 Y130.394 E941.66818
G1 X77.855 Y130.044 E941.68416
G1 X77.611 Y129.615 E941.70058
G1 X77.48 Y129.18 E941.71569
G1 X77.436 Y128.749 E941.7301
G1 X77.485 Y128.272 E941.74604
G1 X77.63 Y127.843 E941.76111
G1 X77.857 Y127.45 E941.7762
G1 X78.161 Y127.118 E941.79117
G1 X78.527 Y126.852 E941.80622
G1 X78.962 Y126.662 E941.82201
G1 X79.404 Y126.568 E941.83704
G1 X79.867 Y126.568 E941.85244
G1 X80.3 Y126.667 E941.86721
G1 X80.732 Y126.863 E941.88299
G1 X81.108 Y127.138 E941.89848
G1 X81.416 Y127.493 E941.91412
G1 X81.619 Y127.856 E941.92795
G1 X81.762 Y128.284 E941.94296
G1 X81.816 Y128.761 E941.95892
G1 X81.766 Y129.214 E941.97408
G1 X81.622 Y129.64 E941.98904
G1 X81.396 Y130.031 E942.00406
G1 X81.075 Y130.391 E942.0201
G1 X80.719 Y130.647 E942.03469
G1 X80.299 Y130.834 E942.04998
M204 S2000
G1 F2400 E941.24998
G0 F9000 X80.338 Y130.927
G0 X81.541 Y130.14
G0 X81.541 Y132.588
G0 X110 Y132.786
M204 S500
G1 F2400 E942.04998
G1 F1800 X143.461 Y132.784 E943.1629
G1 X143.8 Y132.624 E943.17536
G1 X143.944 Y132.458 E943.18267
G1 X144.04 Y132.104 E943.19487
G1 X144.04 Y87.81 E944.6681
G1 X143.895 Y87.466 E944.68051
G1 X143.654 Y87.272 E944.6908
G1 X143.438 Y87.208 E944.6983
G1 X76.644 Y87.208 E946.91987
G1 X76.285 Y87.304 E946.93223
G1 X76.122 Y87.446 E946.93942
G1 X75.96 Y87.794 E946.95219
G1 X75.964 Y132.209 E948.42944
G1 X76.122 Y132.55 E948.44194
G1 X76.288 Y132.694 E948.44925
G1 X76.644 Y132.788 E948.46149
G1 X110 Y132.786 E949.57092
M204 S2000
G1 F2400 E948.77092
G0 F9000 X109.999 Y132.687
G0 X122.38 Y132.586
G0 X122.701 Y131.07
G0 X122.901 Y130.928
M204 S500
G1 F2400 E949.57092
G1 F1800 X122.437 Y130.831 E949.58669
G1 X122.018 Y130.641 E949.60199
G1 X121.664 Y130.381 E949.6166
G1 X121.356 Y130.043 E949.63181
G1 X121.114 Y129.621 E949.64799
G1 X120.981 Y129.193 E949.66289
G1 X120.931 Y128.746 E949.67785
G1 X120.986 Y128.271 E949.69376
G1 X121.131 Y127.84 E949.70888
G1 X121.346 Y127.471 E949.72309
G1 X121.661 Y127.118 E949.73882
G1 X122.025 Y126.857 E949.75372
G1 X122.443 Y126.671 E949.76894
G1 X122.898 Y126.568 E949.78445
G1 X123.328 Y126.568 E949.79875
G1 X123.795 Y126.665 E949.81462
G1 X124.227 Y126.86 E949.83038
G1 X124.604 Y127.13 E949.84581
G1 X124.913 Y127.488 E949.86153
G1 X125.119 Y127.855 E949.87553
G1 X125.262 Y128.279 E949.89042
G1 X125.316 Y128.762 E949.90658
G1 X125.266 Y129.214 E949.92171
G1 X125.122 Y129.64 E949.93666
G1 X124.896 Y130.031 E949.95168
G1 X124.574 Y130.391 E949.96775
G1 X124.221 Y130.645 E949.98221
G1 X123.797 Y130.835 E949.99766
G1 X123.358 Y130.928 E950.01259
G1 X122.901 Y130.928 E950.02779
M204 S2000
G1 F2400 E949.22779
G0 F9000 X122.38 Y130.915
G0 X121.489 Y129.949
G0 X121.266 Y129.563
G0 X121.138 Y129.165
G0 X121.097 Y128.748
G0 X121.145 Y128.306
G0 X121.278 Y127.91
G0 X121.489 Y127.549
G0 X122.88 Y126.388
G0 X122.889 Y94.357
G0 X122.936 Y94.176
M204 S500
G1 F2400 E950.02779
G1 F1800 X122.441 Y94.08 E950.04456
G1 X122.019 Y93.894 E950.0599
G1 X121.669 Y93.629 E950.0745
G1 X121.343 Y93.268 E950.09068
G1 X121.111 Y92.854 E950.10646
G1 X120.985 Y92.452 E950.12047
G1 X120.936 Y92.003 E950.1355
G1 X120.985 Y91.525 E950.15148
G1 X121.126 Y91.091 E950.16666
G1 X121.359 Y90.696 E950.18191
G1 X121.661 Y90.366 E950.19679
G1 X122.032 Y90.102 E950.21193
G1 X122.463 Y89.908 E950.22765
G1 X122.91 Y89.82 E950.24281
G1 X123.364 Y89.82 E950.25791
G1 X123.795 Y89.914 E950.27258
G1 X124.211 Y90.095 E950.28767
G1 X124.596 Y90.375 E950.3035
G1 X124.903 Y90.716 E950.31876
G1 X125.124 Y91.109 E950.33376
G1 X125.266 Y91.534 E950.34866
G1 X125.316 Y92.014 E950.36471
G1 X125.261 Y92.47 E950.37999
G1 X125.115 Y92.901 E950.39512
G1 X124.882 Y93.298 E950.41043
G1 X124.589 Y93.625 E950.42504
G1 X124.215 Y93.9 E950.44048
G1 X123.769 Y94.088 E950.45658
G1 X123.324 Y94.176 E950.47166
G1 X122.936 Y94.176 E950.48457
M204 S2000
G0 F9000 X122.95 Y93.776
M204 S500
;TYPE:WALL-OUTER
G1 F1800 X122.556 Y93.693 E950.49796
G1 X122.229 Y93.549 E950.50984
G1 X121.935 Y93.33 E950.52204
G1 X121.683 Y93.056 E950.53442
G1 X121.482 Y92.704 E950.5479
G1 X121.376 Y92.367 E950.55965
G1 X121.336 Y92.001 E950.5719
G1 X121.385 Y91.586 E950.5858
G1 X121.503 Y91.238 E950.59802
G1 X121.696 Y90.92 E950.61039
G1 X121.916 Y90.68 E950.62122
G1 X122.245 Y90.445 E950.63467
G1 X122.608 Y90.287 E950.64783
G1 X122.933 Y90.223 E950.65885
G1 X123.339 Y90.224 E950.67235
G1 X123.688 Y90.304 E950.68426
G1 X124.03 Y90.458 E950.69674
G1 X124.341 Y90.69 E950.70964
G1 X124.587 Y90.969 E950.72201
G1 X124.747 Y91.253 E950.73286
G1 X124.866 Y91.6 E950.74506
G1 X124.911 Y92.03 E950.75944
G1 X124.866 Y92.4 E950.77183
G1 X124.746 Y92.745 E950.78398
G1 X124.558 Y93.062 E950.79624
G1 X124.311 Y93.337 E950.80854
G1 X124.015 Y93.551 E950.82068
G1 X123.665 Y93.702 E950.83336
G1 X123.324 Y93.774 E950.84495
G1 X122.95 Y93.776 E950.85739
M204 S2000
G1 F2400 E950.05739
G0 F9000 X122.887 Y94.071
G0 X122.889 Y94.357
G0 X122.88 Y126.388
G0 X122.926 Y130.524
M204 S500
G1 F2400 E950.85739
G1 F1800 X122.541 Y130.439 E950.87051
G1 X122.205 Y130.282 E950.88284
G1 X121.92 Y130.068 E950.8947
G1 X121.67 Y129.788 E950.90718
G1 X121.494 Y129.48 E950.91898
G1 X121.373 Y129.095 E950.9324
G1 X121.337 Y128.725 E950.94477
G1 X121.38 Y128.356 E950.95712
G1 X121.503 Y127.99 E950.96997
G1 X121.678 Y127.695 E950.98137
G1 X121.946 Y127.406 E950.99448
G1 X122.233 Y127.199 E951.00625
G1 X122.599 Y127.041 E951.01951
G1 X122.936 Y126.97 E951.03097
G1 X123.328 Y126.97 E951.044
G1 X123.671 Y127.045 E951.05568
G1 X124.017 Y127.201 E951.06831
G1 X124.32 Y127.418 E951.0807
G1 X124.571 Y127.697 E951.09318
G1 X124.755 Y128.021 E951.10558
G1 X124.872 Y128.367 E951.11772
G1 X124.911 Y128.783 E951.13162
G1 X124.866 Y129.148 E951.14385
G1 X124.746 Y129.492 E951.15597
G1 X124.558 Y129.81 E951.16826
G1 X124.322 Y130.074 E951.18004
G1 X124.033 Y130.287 E951.19198
G1 X123.694 Y130.443 E951.20439
G1 X123.327 Y130.526 E951.2169
G1 X122.926 Y130.524 E951.23024
M204 S2000
G1 F2400 E950.43024
G0 F9000 X122.864 Y130.816
G0 X121.212 Y130.156
G0 X121.212 Y132.586
G0 X110 Y133.186
M204 S500
G1 F2400 E951.23024
G1 F1800 X143.529 Y133.184 E952.34542
G1 X143.85 Y133.071 E952.35674
G1 X144.066 Y132.928 E952.36535
G1 X144.29 Y132.67 E952.37672
G1 X144.401 Y132.395 E952.38658
G1 X144.44 Y132.133 E952.39539
G1 X144.44 Y87.75 E953.87158
G1 X144.34 Y87.424 E953.88292
G1 X144.21 Y87.214 E953.89113
G1 X144.034 Y87.041 E953.89934
G1 X143.823 Y86.904 E953.90771
G1 X143.495 Y86.808 E953.91907
G1 X76.615 Y86.808 E956.14351
G1 X76.353 Y86.847 E956.15232
G1 X76.074 Y86.958 E956.16231
G1 X75.817 Y87.181 E956.17363
G1 X75.677 Y87.398 E956.18222
G1 X75.56 Y87.724 E956.19374
G1 X75.564 Y132.277 E957.67557
G1 X75.677 Y132.599 E957.68692
G1 X75.817 Y132.815 E957.69549
G1 X76.078 Y133.042 E957.70699
G1 X76.352 Y133.149 E957.71677
G1 X76.615 Y133.188 E957.72562
G1 X110 Y133.186 E958.83601
M204 S2000
G1 F2400 E958.03601
G0 F9000 X109.999 Y132.687
G0 X80.312 Y132.588
G0 X79.996 Y131.103
G0 X80.194 Y130.443
M204 S500
G1 F2400 E958.83601
G1 F1800 X79.827 Y130.526 E958.84852
G1 X79.427 Y130.524 E958.86183
G1 X79.041 Y130.439 E958.87497
G1 X78.705 Y130.282 E958.88731
G1 X78.42 Y130.068 E958.89916
G1 X78.17 Y129.788 E958.91165
G1 X77.977 Y129.441 E958.92485
G1 X77.874 Y129.111 E958.93635
G1 X77.836 Y128.749 E958.94846
G1 X77.886 Y128.335 E958.96233
G1 X78.006 Y127.991 E958.97444
G1 X78.17 Y127.707 E958.98535
G1 X78.416 Y127.432 E958.99762
G1 X78.747 Y127.192 E959.01122
G1 X79.067 Y127.052 E959.02284
G1 X79.426 Y126.972 E959.03507
G1 X79.839 Y126.972 E959.04881
G1 X80.19 Y127.053 E959.06079
G1 X80.507 Y127.195 E959.07234
G1 X80.825 Y127.421 E959.08532
G1 X81.074 Y127.702 E959.09781
G1 X81.255 Y128.021 E959.11001
G1 X81.372 Y128.372 E959.12231
G1 X81.411 Y128.783 E959.13604
G1 X81.366 Y129.148 E959.14827
G1 X81.246 Y129.492 E959.16039
G1 X81.058 Y129.81 E959.17268
G1 X80.822 Y130.074 E959.18446
G1 X80.533 Y130.287 E959.1964
G1 X80.194 Y130.443 E959.20881
M204 S2000
G1 F2400 E958.40881
G0 F9000 X80.312 Y130.718
G0 X80.97 Y130.269
G0 X81.27 Y129.937
G0 X81.478 Y129.575
G0 X81.609 Y129.18
G0 X81.654 Y128.764
G0 X81.608 Y128.322
G0 X81.479 Y127.926
G0 X81.272 Y127.563
G0 X79.886 Y126.387
G0 X79.881 Y94.357
G0 X80.175 Y93.699
M204 S500
G1 F2400 E959.20881
G1 F1800 X79.834 Y93.772 E959.22041
G1 X79.427 Y93.772 E959.23394
G1 X79.043 Y93.688 E959.24702
G1 X78.743 Y93.556 E959.25792
G1 X78.42 Y93.316 E959.2713
G1 X78.17 Y93.036 E959.28379
G1 X77.977 Y92.689 E959.29699
G1 X77.874 Y92.359 E959.30849
G1 X77.836 Y92.001 E959.32047
G1 X77.886 Y91.584 E959.33444
G1 X78.006 Y91.24 E959.34655
G1 X78.17 Y90.955 E959.35749
G1 X78.416 Y90.68 E959.36976
G1 X78.713 Y90.463 E959.382
G1 X79.108 Y90.287 E959.39638
G1 X79.433 Y90.223 E959.4074
G1 X79.839 Y90.224 E959.4209
G1 X80.188 Y90.304 E959.43281
G1 X80.53 Y90.458 E959.44528
G1 X80.841 Y90.69 E959.45819
G1 X81.087 Y90.969 E959.47056
G1 X81.247 Y91.253 E959.4814
G1 X81.366 Y91.6 E959.4936
G1 X81.411 Y91.987 E959.50656
G1 X81.366 Y92.4 E959.52038
G1 X81.257 Y92.722 E959.53169
G1 X81.082 Y93.029 E959.54344
G1 X80.814 Y93.334 E959.55694
G1 X80.523 Y93.546 E959.56892
G1 X80.175 Y93.699 E959.58156
M204 S2000
G1 F2400 E958.78156
G0 F9000 X80.237 Y93.994
G0 X81.536 Y93.393
G0 X121.216 Y93.41
G0 X122.87 Y94.536
M204 S500
;TYPE:SKIN
G1 F2400 E959.58156
G1 F1800 X123.409 Y94.53 E959.59949
G1 X123.869 Y94.43 E959.61515
G1 X124.389 Y94.216 E959.63385
G1 X124.833 Y93.895 E959.65207
G1 X125.199 Y93.469 E959.67075
G1 X125.454 Y93.025 E959.68778
G1 X125.61 Y92.569 E959.70381
G1 X125.675 Y91.986 E959.72332
G1 X125.611 Y91.437 E959.74171
G1 X125.463 Y90.985 E959.75753
G1 X125.207 Y90.522 E959.77512
G1 X124.82 Y90.095 E959.79429
G1 X124.416 Y89.795 E959.81103
G1 X123.912 Y89.572 E959.82936
G1 X123.426 Y89.464 E959.84591
G1 X122.861 Y89.462 E959.86471
G1 X122.369 Y89.559 E959.88139
G1 X121.87 Y89.777 E959.8995
G1 X121.44 Y90.076 E959.91692
G1 X121.051 Y90.502 E959.9361
G1 X120.789 Y90.957 E959.95357
G1 X120.637 Y91.421 E959.96981
G1 X120.573 Y91.982 E959.98859
G1 X120.632 Y92.532 E960.00698
G1 X120.773 Y92.977 E960.02251
G1 X121.075 Y93.521 E960.04321
G1 X121.438 Y93.906 E960.06081
G1 X121.835 Y94.203 E960.0773
G1 X122.343 Y94.424 E960.09572
G1 X122.87 Y94.536 E960.11364
M204 S2000
G1 F2400 E959.31364
G0 F9000 X122.897 Y94.277
G0 X122.88 Y126.388
G0 X122.846 Y131.284
M204 S500
G1 F2400 E960.11364
G1 F1800 X123.407 Y131.286 E960.1323
G1 X123.888 Y131.18 E960.14868
G1 X124.381 Y130.968 E960.16653
G1 X124.798 Y130.67 E960.18358
G1 X125.173 Y130.258 E960.20211
G1 X125.441 Y129.805 E960.21961
G1 X125.61 Y129.316 E960.23682
G1 X125.675 Y128.783 E960.25468
G1 X125.606 Y128.171 E960.27516
G1 X125.447 Y127.705 E960.29154
G1 X125.195 Y127.263 E960.30846
G1 X124.846 Y126.871 E960.32592
G1 X124.407 Y126.547 E960.34407
G1 X123.917 Y126.325 E960.36196
G1 X123.409 Y126.21 E960.37928
G1 X122.848 Y126.21 E960.39794
G1 X122.324 Y126.33 E960.41582
G1 X121.862 Y126.533 E960.43261
G1 X121.468 Y126.812 E960.44866
G1 X121.073 Y127.221 E960.46757
G1 X120.81 Y127.676 E960.48505
G1 X120.637 Y128.198 E960.50334
G1 X120.569 Y128.722 E960.52092
G1 X120.625 Y129.252 E960.53865
G1 X120.773 Y129.736 E960.55548
G1 X121.084 Y130.284 E960.57644
G1 X121.408 Y130.636 E960.59235
G1 X121.822 Y130.942 E960.60947
G1 X122.297 Y131.163 E960.6269
G1 X122.846 Y131.284 E960.64559
M204 S2000
G1 F2400 E959.84559
G0 F9000 X122.38 Y130.915
G0 X121.212 Y130.156
G0 X121.212 Y132.586
G0 X110 Y132.426
M204 S500
G1 F2400 E960.64559
G1 F1800 X76.679 Y132.428 E961.75385
G1 X76.464 Y132.37 E961.76126
G1 X76.325 Y132.141 E961.77017
G1 X76.32 Y87.853 E963.2432
G1 X76.467 Y87.623 E963.25228
G1 X76.681 Y87.568 E963.25962
G1 X143.388 Y87.568 E965.47831
G1 X143.603 Y87.689 E965.48651
G1 X143.68 Y87.872 E965.49312
G1 X143.68 Y132.061 E966.96285
G1 X143.621 Y132.276 E966.97026
G1 X143.387 Y132.424 E966.97947
G1 X110 Y132.426 E968.08993
M204 S2000
G1 F2400 E967.28993
G0 F9000 X110 Y132.687
G0 X80.407 Y132.588
G0 X80.087 Y131.083
G0 X80.388 Y131.18
M204 S500
G1 F2400 E968.08993
G1 F1800 X80.881 Y130.968 E968.10778
G1 X81.33 Y130.642 E968.12623
G1 X81.698 Y130.224 E968.14476
G1 X81.942 Y129.8 E968.16103
G1 X82.11 Y129.308 E968.17832
G1 X82.175 Y128.784 E968.19588
G1 X82.115 Y128.22 E968.21475
G1 X81.947 Y127.701 E968.23289
G1 X81.69 Y127.252 E968.2501
G1 X81.316 Y126.834 E968.26875
G1 X80.887 Y126.535 E968.28614
G1 X80.433 Y126.332 E968.30268
G1 X79.925 Y126.213 E968.32004
G1 X79.343 Y126.212 E968.3394
G1 X78.839 Y126.32 E968.35654
G1 X78.363 Y126.528 E968.37382
G1 X77.904 Y126.86 E968.39266
G1 X77.58 Y127.212 E968.40857
G1 X77.306 Y127.675 E968.42646
G1 X77.138 Y128.164 E968.44366
G1 X77.072 Y128.749 E968.46324
G1 X77.122 Y129.243 E968.47976
G1 X77.268 Y129.737 E968.49689
G1 X77.555 Y130.241 E968.51618
G1 X77.925 Y130.651 E968.53455
G1 X78.316 Y130.941 E968.55074
G1 X78.797 Y131.163 E968.56836
G1 X79.346 Y131.284 E968.58706
G1 X79.907 Y131.286 E968.60572
G1 X80.388 Y131.18 E968.6221
M204 S2000
G0 F9000 X80.407 Y130.896
G0 X78.988 Y130.676
G0 X78.678 Y130.537
G0 X77.515 Y129.644
G0 X76.782 Y129.709
M204 S500
G1 F1561.8 X76.725 Y129.306 E968.6377
G1 F1920 X76.696 Y128.73 E968.65568
G1 F1884.8 X76.734 Y128.072 E968.67662
G1 F1541.8 X76.782 Y127.779 E968.68815
M204 S2000
G1 F2400 E967.88815
G0 F9000 X77.466 Y128.013
G0 X77.71 Y127.343
G0 X77.712 Y93.404
G0 X76.779 Y91.038
M204 S500
G1 F2400 E968.68815
G1 F1548.4 X76.727 Y91.374 E968.70129
G1 F1889.8 X76.694 Y91.982 E968.72058
G1 F1899.7 X76.723 Y92.559 E968.73879
G1 F1555.1 X76.778 Y92.946 E968.75384
M204 S2000
G0 F9000 X77.512 Y92.88
G0 X78.605 Y93.755
G0 X80.327 Y94.176
G0 X80.427 Y94.412
M204 S500
G1 F1800 X80.883 Y94.217 E968.77033
G1 X81.316 Y93.9 E968.78818
G1 X81.687 Y93.488 E968.80662
G1 X81.937 Y93.055 E968.82325
G1 X82.115 Y92.551 E968.84103
G1 X82.175 Y92.031 E968.85844
G1 X82.111 Y91.437 E968.87831
G1 X81.963 Y90.985 E968.89413
G1 X81.707 Y90.522 E968.91173
G1 X81.32 Y90.095 E968.93089
G1 X80.916 Y89.795 E968.94763
G1 X80.412 Y89.572 E968.96596
G1 X79.926 Y89.464 E968.98252
G1 X79.361 Y89.462 E969.00131
G1 X78.869 Y89.559 E969.01799
G1 X78.37 Y89.777 E969.0361
G1 X77.936 Y90.08 E969.05371
G1 X77.576 Y90.469 E969.07134
G1 X77.306 Y90.928 E969.08905
G1 X77.128 Y91.458 E969.10764
G1 X77.072 Y92.001 E969.1258
G1 X77.122 Y92.491 E969.14218
G1 X77.268 Y92.978 E969.15909
G1 X77.58 Y93.528 E969.18012
G1 X77.904 Y93.88 E969.19604
G1 X78.32 Y94.193 E969.21335
G1 X78.85 Y94.428 E969.23263
G1 X79.342 Y94.532 E969.24936
G1 X79.921 Y94.531 E969.26862
G1 X80.427 Y94.412 E969.28591
M204 S2000
G1 F2400 E968.48591
G0 F9000 X80.327 Y94.176
G0 X78.988 Y93.926
G0 X78.605 Y93.755
G0 X78.27 Y93.509
G0 X77.989 Y93.199
G0 X77.766 Y92.813
G0 X77.638 Y92.415
G0 X77.596 Y91.998
G0 X77.624 Y91.747
G0 X78.04 Y90.23
G0 X76.16 Y90.23
G0 X76.13 Y87.651
G0 X76.52 Y88.094
M204 S500
G1 F2400 E969.28591
G1 F1800 X76.846 Y87.768 E969.30124
M204 S2000
G0 F9000 X77.412 Y87.768
M204 S500
G1 F1800 X76.52 Y88.66 E969.3432
M204 S2000
G0 F9000 X76.52 Y89.226
M204 S500
G1 F1800 X77.978 Y87.768 E969.41178
M204 S2000
G0 F9000 X78.543 Y87.768
M204 S500
G1 F1800 X76.52 Y89.791 E969.50693
M204 S2000
G0 F9000 X76.52 Y90.357
M204 S500
G1 F1800 X79.109 Y87.768 E969.62871
M204 S2000
G0 F9000 X79.675 Y87.768
M204 S500
G1 F1800 X76.694 Y90.749 E969.76893
M204 S2000
G0 F9000 X77.535 Y91.055
G0 X78.708 Y89.914
G0 X78.517 Y89.491
M204 S500
G1 F1800 X80.24 Y87.768 E969.84997
M204 S2000
G0 F9000 X80.806 Y87.768
M204 S500
G1 F1800 X79.304 Y89.27 E969.92062
M204 S2000
G0 F9000 X79.879 Y89.261
M204 S500
G1 F1800 X81.372 Y87.768 E969.99085
M204 S2000
G0 F9000 X81.937 Y87.768
M204 S500
G1 F1800 X80.354 Y89.351 E970.06531
M204 S2000
G0 F9000 X80.765 Y89.506
M204 S500
G1 F1800 X82.503 Y87.768 E970.14706
M204 S2000
G0 F9000 X83.069 Y87.768
M204 S500
G1 F1800 X81.131 Y89.706 E970.23822
M204 S2000
G0 F9000 X81.456 Y89.947
M204 S500
G1 F1800 X83.634 Y87.768 E970.34069
M204 S2000
G0 F9000 X84.2 Y87.768
M204 S500
G1 F1800 X81.729 Y90.24 E970.45694
M204 S2000
G0 F9000 X81.962 Y90.572
M204 S500
G1 F1800 X84.766 Y87.768 E970.58883
M204 S2000
G0 F9000 X85.332 Y87.768
M204 S500
G1 F1800 X82.159 Y90.94 E970.73805
M204 S2000
G0 F9000 X82.299 Y91.367
M204 S500
G1 F1800 X85.897 Y87.768 E970.90732
M204 S2000
G0 F9000 X86.463 Y87.768
M204 S500
G1 F1800 X82.364 Y91.867 E971.10012
M204 S2000
G0 F9000 X82.325 Y92.472
M204 S500
G1 F1800 X87.029 Y87.768 E971.32138
M204 S2000
G0 F9000 X87.594 Y87.768
M204 S500
G1 F1800 X81.975 Y93.388 E971.58571
M204 S2000
G0 F9000 X81.864 Y92.5
G0 X80.759 Y93.993
G0 X80.972 Y94.391
M204 S500
G1 F1800 X76.522 Y98.841 E971.79502
M204 S2000
G0 F9000 X76.522 Y99.406
M204 S500
G1 F1800 X88.16 Y87.768 E972.34244
M204 S2000
G0 F9000 X88.726 Y87.768
M204 S500
G1 F1800 X76.522 Y99.972 E972.91647
M204 S2000
G0 F9000 X76.522 Y100.538
M204 S500
G1 F1800 X89.291 Y87.768 E973.51711
M204 S2000
G0 F9000 X89.857 Y87.768
M204 S500
G1 F1800 X76.522 Y101.104 E974.14437
M204 S2000
G0 F9000 X76.522 Y101.669
M204 S500
G1 F1800 X90.423 Y87.768 E974.79823
M204 S2000
G0 F9000 X90.988 Y87.768
M204 S500
G1 F1800 X76.522 Y102.234 E975.47867
M204 S2000
G0 F9000 X76.522 Y102.8
M204 S500
G1 F1800 X91.554 Y87.768 E976.18573
M204 S2000
G0 F9000 X92.12 Y87.768
M204 S500
G1 F1800 X76.522 Y103.366 E976.91941
M204 S2000
G0 F9000 X76.522 Y103.931
M204 S500
G1 F1800 X92.685 Y87.768 E977.67967
M204 S2000
G0 F9000 X93.251 Y87.768
M204 S500
G1 F1800 X76.522 Y104.497 E978.46655
M204 S2000
G0 F9000 X76.522 Y105.063
M204 S500
G1 F1800 X93.817 Y87.768 E979.28005
M204 S2000
G0 F9000 X94.382 Y87.768
M204 S500
G1 F1800 X76.522 Y105.628 E980.12013
M204 S2000
G0 F9000 X76.522 Y106.194
M204 S500
G1 F1800 X94.948 Y87.768 E980.98684
M204 S2000
G0 F9000 X95.514 Y87.768
M204 S500
G1 F1800 X76.522 Y106.76 E981.88016
M204 S2000
G0 F9000 X76.522 Y107.325
M204 S500
G1 F1800 X96.08 Y87.768 E982.80009
M204 S2000
G0 F9000 X96.645 Y87.768
M204 S500
G1 F1800 X76.522 Y107.891 E983.74661
M204 S2000
G0 F9000 X76.522 Y108.457
M204 S500
G1 F1800 X97.211 Y87.768 E984.71976
M204 S2000
G0 F9000 X97.777 Y87.768
M204 S500
G1 F1800 X76.522 Y109.022 E985.7195
M204 S2000
G0 F9000 X76.522 Y109.588
M204 S500
G1 F1800 X98.342 Y87.768 E986.74585
M204 S2000
G0 F9000 X98.908 Y87.768
M204 S500
G1 F1800 X76.522 Y110.154 E987.79882
M204 S2000
G0 F9000 X76.523 Y110.719
M204 S500
G1 F1800 X99.474 Y87.768 E988.87836
M204 S2000
G0 F9000 X100.039 Y87.768
M204 S500
G1 F1800 X76.523 Y111.284 E989.98448
M204 S2000
G0 F9000 X76.523 Y111.85
M204 S500
G1 F1800 X100.605 Y87.768 E991.11723
M204 S2000
G0 F9000 X101.171 Y87.768
M204 S500
G1 F1800 X76.523 Y112.416 E992.27659
M204 S2000
G0 F9000 X76.523 Y112.982
M204 S500
G1 F1800 X101.736 Y87.768 E993.46256
M204 S2000
G0 F9000 X102.302 Y87.768
M204 S500
G1 F1800 X76.523 Y113.547 E994.67513
M204 S2000
G0 F9000 X76.523 Y114.113
M204 S500
G1 F1800 X102.868 Y87.768 E995.91431
M204 S2000
G0 F9000 X103.433 Y87.768
M204 S500
G1 F1800 X76.523 Y114.679 E997.1801
M204 S2000
G0 F9000 X76.523 Y115.244
M204 S500
G1 F1800 X103.999 Y87.768 E998.47249
M204 S2000
G0 F9000 X104.565 Y87.768
M204 S500
G1 F1800 X76.523 Y115.81 E999.7915
M204 S2000
G0 F9000 X76.523 Y116.376
M204 S500
G1 F1800 X105.131 Y87.768 E1001.13713
M204 S2000
G0 F9000 X105.696 Y87.768
M204 S500
G1 F1800 X76.523 Y116.941 E1002.50934
M204 S2000
G0 F9000 X76.523 Y117.507
M204 S500
G1 F1800 X106.262 Y87.768 E1003.90817
M204 S2000
G0 F9000 X106.828 Y87.768
M204 S500
G1 F1800 X76.523 Y118.073 E1005.33362
M204 S2000
G0 F9000 X76.523 Y118.638
M204 S500
G1 F1800 X107.393 Y87.768 E1006.78565
M204 S2000
G0 F9000 X107.959 Y87.768
M204 S500
G1 F1800 X76.524 Y119.203 E1008.26426
M204 S2000
G0 F9000 X76.524 Y119.769
M204 S500
G1 F1800 X108.525 Y87.768 E1009.76949
M204 S2000
G0 F9000 X109.09 Y87.768
M204 S500
G1 F1800 X76.524 Y120.335 E1011.30132
M204 S2000
G0 F9000 X76.524 Y120.9
M204 S500
G1 F1800 X109.656 Y87.768 E1012.85975
M204 S2000
G0 F9000 X110.222 Y87.768
M204 S500
G1 F1800 X76.524 Y121.466 E1014.4448
M204 S2000
G0 F9000 X76.524 Y122.032
M204 S500
G1 F1800 X110.787 Y87.768 E1016.05645
M204 S2000
G0 F9000 X111.353 Y87.768
M204 S500
G1 F1800 X76.524 Y122.597 E1017.6947
M204 S2000
G0 F9000 X76.524 Y123.163
M204 S500
G1 F1800 X111.919 Y87.768 E1019.35957
M204 S2000
G0 F9000 X112.484 Y87.768
M204 S500
G1 F1800 X76.524 Y123.729 E1021.05104
M204 S2000
G0 F9000 X76.524 Y124.295
M204 S500
G1 F1800 X113.05 Y87.768 E1022.76913
M204 S2000
G0 F9000 X113.616 Y87.768
M204 S500
G1 F1800 X76.524 Y124.86 E1024.51383
M204 S2000
G0 F9000 X76.524 Y125.426
M204 S500
G1 F1800 X114.181 Y87.768 E1026.28512
M204 S2000
G0 F9000 X114.747 Y87.768
M204 S500
G1 F1800 X76.524 Y125.992 E1028.08304
M204 S2000
G0 F9000 X76.524 Y126.557
M204 S500
G1 F1800 X115.313 Y87.768 E1029.90755
M204 S2000
G0 F9000 X115.879 Y87.768
M204 S500
G1 F1800 X76.524 Y127.123 E1031.75869
M204 S2000
G0 F9000 X76.715 Y127.497
M204 S500
G1 F1800 X116.444 Y87.768 E1033.62742
M204 S2000
G0 F9000 X117.01 Y87.768
M204 S500
G1 F1800 X78.549 Y126.229 E1035.43651
M204 S2000
G0 F9000 X79.333 Y126.011
M204 S500
G1 F1800 X117.576 Y87.768 E1037.23534
M204 S2000
G0 F9000 X118.141 Y87.768
M204 S500
G1 F1800 X79.901 Y126.009 E1039.03406
M204 S2000
G0 F9000 X80.362 Y126.113
M204 S500
G1 F1800 X118.707 Y87.768 E1040.83769
M204 S2000
G0 F9000 X119.273 Y87.768
M204 S500
G1 F1800 X80.775 Y126.266 E1042.64852
M204 S2000
G0 F9000 X81.138 Y126.468
M204 S500
G1 F1800 X119.838 Y87.768 E1044.46885
M204 S2000
G0 F9000 X120.404 Y87.768
M204 S500
G1 F1800 X81.471 Y126.701 E1046.30014
M204 S2000
G0 F9000 X81.735 Y127.003
M204 S500
G1 F1800 X120.97 Y87.768 E1048.14563
M204 S2000
G0 F9000 X121.535 Y87.768
M204 S500
G1 F1800 X81.969 Y127.335 E1050.00672
M204 S2000
G0 F9000 X82.16 Y127.709
M204 S500
G1 F1800 X122.101 Y87.768 E1051.88542
M204 S2000
G0 F9000 X122.667 Y87.768
M204 S500
G1 F1800 X82.302 Y128.133 E1053.78407
M204 S2000
G0 F9000 X82.365 Y128.635
M204 S500
G1 F1800 X123.232 Y87.768 E1055.70632
M204 S2000
G0 F9000 X123.798 Y87.768
M204 S500
G1 F1800 X122.122 Y89.445 E1055.78518
M204 S2000
G0 F9000 X122.867 Y89.265
M204 S500
G1 F1800 X124.364 Y87.768 E1055.8556
M204 S2000
G0 F9000 X124.93 Y87.768
M204 S500
G1 F1800 X123.435 Y89.262 E1055.92589
M204 S2000
G0 F9000 X123.902 Y89.361
M204 S500
G1 F1800 X125.495 Y87.768 E1056.00082
M204 S2000
G0 F9000 X126.061 Y87.768
M204 S500
G1 F1800 X124.305 Y89.524 E1056.08342
M204 S2000
G0 F9000 X124.664 Y89.73
M204 S500
G1 F1800 X126.627 Y87.768 E1056.17573
M204 S2000
G0 F9000 X127.192 Y87.768
M204 S500
G1 F1800 X124.986 Y89.974 E1056.27949
M204 S2000
G0 F9000 X125.256 Y90.27
M204 S500
G1 F1800 X127.758 Y87.768 E1056.39718
M204 S2000
G0 F9000 X128.324 Y87.768
M204 S500
G1 F1800 X125.482 Y90.609 E1056.53083
M204 S2000
G0 F9000 X125.673 Y90.984
M204 S500
G1 F1800 X128.889 Y87.768 E1056.6821
M204 S2000
G0 F9000 X129.455 Y87.768
M204 S500
G1 F1800 X125.813 Y91.411 E1056.85344
M204 S2000
G0 F9000 X125.869 Y91.92
M204 S500
G1 F1800 X130.021 Y87.768 E1057.04873
M204 S2000
G0 F9000 X130.586 Y87.768
M204 S500
G1 F1800 X125.818 Y92.537 E1057.27303
M204 S2000
G0 F9000 X125.364 Y92.504
G0 X125.006 Y93.293
G0 X125.4 Y93.52
M204 S500
G1 F1800 X131.152 Y87.768 E1057.54359
M204 S2000
G0 F9000 X131.718 Y87.768
M204 S500
G1 F1800 X87.258 Y132.228 E1059.63485
M204 S2000
G0 F9000 X87.823 Y132.228
M204 S500
G1 F1800 X132.283 Y87.768 E1061.72611
M204 S2000
G0 F9000 X132.849 Y87.768
M204 S500
G1 F1800 X88.389 Y132.228 E1063.81737
M204 S2000
G0 F9000 X88.955 Y132.228
M204 S500
G1 F1800 X133.415 Y87.768 E1065.90863
M204 S2000
G0 F9000 X133.98 Y87.768
M204 S500
G1 F1800 X89.521 Y132.228 E1067.99987
M204 S2000
G0 F9000 X90.087 Y132.228
M204 S500
G1 F1800 X134.546 Y87.768 E1070.09111
M204 S2000
G0 F9000 X135.112 Y87.768
M204 S500
G1 F1800 X90.653 Y132.228 E1072.18235
M204 S2000
G0 F9000 X91.218 Y132.228
M204 S500
G1 F1800 X135.678 Y87.768 E1074.27361
M204 S2000
G0 F9000 X136.243 Y87.768
M204 S500
G1 F1800 X91.784 Y132.228 E1076.36485
M204 S2000
G0 F9000 X92.35 Y132.228
M204 S500
G1 F1800 X136.809 Y87.768 E1078.45609
M204 S2000
G0 F9000 X137.375 Y87.768
M204 S500
G1 F1800 X92.915 Y132.228 E1080.54735
M204 S2000
G0 F9000 X93.481 Y132.228
M204 S500
G1 F1800 X137.94 Y87.768 E1082.63859
M204 S2000
G0 F9000 X138.506 Y87.768
M204 S500
G1 F1800 X94.047 Y132.228 E1084.72983
M204 S2000
G0 F9000 X94.612 Y132.228
M204 S500
G1 F1800 X139.072 Y87.768 E1086.82109
M204 S2000
G0 F9000 X139.637 Y87.768
M204 S500
G1 F1800 X95.178 Y132.228 E1088.91233
M204 S2000
G0 F9000 X95.744 Y132.228
M204 S500
G1 F1800 X140.203 Y87.768 E1091.00357
M204 S2000
G0 F9000 X140.769 Y87.768
M204 S500
G1 F1800 X96.309 Y132.228 E1093.09483
M204 S2000
G0 F9000 X96.875 Y132.228
M204 S500
G1 F1800 X141.334 Y87.768 E1095.18607
M204 S2000
G0 F9000 X141.9 Y87.768
M204 S500
G1 F1800 X97.441 Y132.227 E1097.27728
M204 S2000
G0 F9000 X98.007 Y132.227
M204 S500
G1 F1800 X142.466 Y87.768 E1099.3685
M204 S2000
G0 F9000 X143.031 Y87.768
M204 S500
G1 F1800 X98.573 Y132.227 E1101.45969
M204 S2000
G0 F9000 X99.138 Y132.227
M204 S500
G1 F1800 X143.472 Y87.893 E1103.54503
M204 S2000
G0 F9000 X143.48 Y88.451
M204 S500
G1 F1800 X99.705 Y132.226 E1105.60407
M204 S2000
G0 F9000 X100.271 Y132.226
M204 S500
G1 F1800 X143.48 Y89.016 E1107.63651
M204 S2000
G0 F9000 X143.48 Y89.582
M204 S500
G1 F1800 X100.836 Y132.226 E1109.64235
M204 S2000
G0 F9000 X101.402 Y132.226
M204 S500
G1 F1800 X143.48 Y90.148 E1111.62157
M204 S2000
G0 F9000 X143.48 Y90.713
M204 S500
G1 F1800 X101.968 Y132.226 E1113.57419
M204 S2000
G0 F9000 X102.533 Y132.226
M204 S500
G1 F1800 X143.48 Y91.279 E1115.50021
M204 S2000
G0 F9000 X143.48 Y91.845
M204 S500
G1 F1800 X103.099 Y132.226 E1117.39961
M204 S2000
G0 F9000 X103.665 Y132.226
M204 S500
G1 F1800 X143.48 Y92.41 E1119.27241
M204 S2000
G0 F9000 X143.48 Y92.976
M204 S500
G1 F1800 X104.23 Y132.226 E1121.11861
M204 S2000
G0 F9000 X104.796 Y132.226
M204 S500
G1 F1800 X143.48 Y93.542 E1122.93819
M204 S2000
G0 F9000 X143.48 Y94.107
M204 S500
G1 F1800 X105.362 Y132.226 E1124.73117
M204 S2000
G0 F9000 X105.927 Y132.226
M204 S500
G1 F1800 X143.48 Y94.673 E1126.49754
M204 S2000
G0 F9000 X143.48 Y95.239
M204 S500
G1 F1800 X106.493 Y132.226 E1128.2373
M204 S2000
G0 F9000 X107.059 Y132.226
M204 S500
G1 F1800 X143.48 Y95.804 E1129.95045
M204 S2000
G0 F9000 X143.48 Y96.37
M204 S500
G1 F1800 X107.625 Y132.225 E1131.63696
M204 S2000
G0 F9000 X108.191 Y132.225
M204 S500
G1 F1800 X143.48 Y96.936 E1133.29685
M204 S2000
G0 F9000 X143.48 Y97.502
M204 S500
G1 F1800 X108.757 Y132.225 E1134.93011
M204 S2000
G0 F9000 X109.322 Y132.225
M204 S500
G1 F1800 X143.48 Y98.067 E1136.5368
M204 S2000
G0 F9000 X143.48 Y98.633
M204 S500
G1 F1800 X109.888 Y132.225 E1138.11687
M204 S2000
G0 F9000 X110.454 Y132.225
M204 S500
G1 F1800 X143.48 Y99.199 E1139.67031
M204 S2000
G0 F9000 X143.48 Y99.764
M204 S500
G1 F1800 X111.019 Y132.225 E1141.19717
M204 S2000
G0 F9000 X111.585 Y132.225
M204 S500
G1 F1800 X143.48 Y100.33 E1142.69742
M204 S2000
G0 F9000 X143.48 Y100.896
M204 S500
G1 F1800 X112.151 Y132.225 E1144.17104
M204 S2000
G0 F9000 X112.716 Y132.225
M204 S500
G1 F1800 X143.48 Y101.461 E1145.61808
M204 S2000
G0 F9000 X143.48 Y102.027
M204 S500
G1 F1800 X113.282 Y132.225 E1147.0385
M204 S2000
G0 F9000 X113.848 Y132.225
M204 S500
G1 F1800 X143.48 Y102.593 E1148.4323
M204 S2000
G0 F9000 X143.48 Y103.158
M204 S500
G1 F1800 X114.413 Y132.225 E1149.79952
M204 S2000
G0 F9000 X114.979 Y132.225
M204 S500
G1 F1800 X143.48 Y103.724 E1151.14012
M204 S2000
G0 F9000 X143.48 Y104.29
M204 S500
G1 F1800 X115.545 Y132.225 E1152.4541
M204 S2000
G0 F9000 X116.111 Y132.225
M204 S500
G1 F1800 X120.564 Y127.772 E1152.66356
M204 S2000
G0 F9000 X120.396 Y128.506
M204 S500
G1 F1800 X116.677 Y132.225 E1152.83849
M204 S2000
G0 F9000 X117.243 Y132.225
M204 S500
G1 F1800 X120.4 Y129.067 E1152.98701
M204 S2000
G0 F9000 X120.502 Y129.531
M204 S500
G1 F1800 X117.808 Y132.225 E1153.11372
M204 S2000
G0 F9000 X118.374 Y132.225
M204 S500
G1 F1800 X120.655 Y129.944 E1153.22101
M204 S2000
G0 F9000 X120.86 Y130.304
M204 S500
G1 F1800 X118.94 Y132.225 E1153.31135
M204 S2000
G0 F9000 X119.505 Y132.225
M204 S500
G1 F1800 X121.116 Y130.614 E1153.38712
M204 S2000
G0 F9000 X121.408 Y130.888
M204 S500
G1 F1800 X120.071 Y132.225 E1153.45001
M204 S2000
G0 F9000 X120.637 Y132.225
M204 S500
G1 F1800 X121.736 Y131.126 E1153.50171
M204 S2000
G0 F9000 X122.124 Y131.303
M204 S500
G1 F1800 X121.202 Y132.225 E1153.54507
M204 S2000
G0 F9000 X121.768 Y132.225
M204 S500
G1 F1800 X122.565 Y131.428 E1153.58256
M204 S2000
G0 F9000 X123.073 Y131.486
M204 S500
G1 F1800 X122.334 Y132.225 E1153.61732
M204 S2000
G0 F9000 X122.899 Y132.225
M204 S500
G1 F1800 X123.698 Y131.426 E1153.65491
M204 S2000
G0 F9000 X123.464 Y132.225
M204 S500
G1 F1800 X124.705 Y130.985 E1153.71326
M204 S2000
G0 F9000 X125.377 Y130.313
M204 S500
G1 F1800 X143.48 Y112.209 E1154.56479
M204 S2000
G0 F9000 X143.48 Y111.644
M204 S500
G1 F1800 X125.817 Y129.307 E1155.3956
M204 S2000
G0 F9000 X125.871 Y128.687
M204 S500
G1 F1800 X143.48 Y111.078 E1156.22388
M204 S2000
G0 F9000 X143.48 Y110.512
M204 S500
G1 F1800 X125.811 Y128.182 E1157.05499
M204 S2000
G0 F9000 X125.674 Y127.753
M204 S500
G1 F1800 X143.48 Y109.947 E1157.89253
M204 S2000
G0 F9000 X143.48 Y109.381
M204 S500
G1 F1800 X125.488 Y127.373 E1158.73882
M204 S2000
G0 F9000 X125.26 Y127.035
M204 S500
G1 F1800 X143.48 Y108.815 E1159.59584
M204 S2000
G0 F9000 X143.48 Y108.25
M204 S500
G1 F1800 X124.996 Y126.734 E1160.46527
M204 S2000
G0 F9000 X124.67 Y126.494
M204 S500
G1 F1800 X143.48 Y107.684 E1161.35003
M204 S2000
G0 F9000 X143.48 Y107.118
M204 S500
G1 F1800 X124.311 Y126.287 E1162.25168
M204 S2000
G0 F9000 X123.914 Y126.119
M204 S500
G1 F1800 X143.48 Y106.553 E1163.17201
M204 S2000
G0 F9000 X143.48 Y105.987
M204 S500
G1 F1800 X123.45 Y126.017 E1164.11416
M204 S2000
G0 F9000 X122.893 Y126.009
M204 S500
G1 F1800 X143.48 Y105.421 E1165.08253
M204 S2000
G0 F9000 X143.48 Y104.855
M204 S500
G1 F1800 X122.146 Y126.19 E1166.08604
M204 S2000
G1 F2400 E1165.28604
G0 F9000 X122.33 Y126.611
G0 X121.489 Y127.549
G0 X121.278 Y127.91
G0 X121.145 Y128.306
G0 X121.097 Y128.748
G0 X121.138 Y129.165
G0 X121.266 Y129.563
G0 X121.489 Y129.949
G0 X121.77 Y130.259
G0 X122.105 Y130.505
G0 X123.684 Y131.062
G0 X123.684 Y132.586
G0 X124.03 Y132.225
M204 S500
G1 F2400 E1166.08604
G1 F1800 X143.48 Y112.775 E1167.00091
M204 S2000
G0 F9000 X143.48 Y113.341
M204 S500
G1 F1800 X124.596 Y132.225 E1167.88915
M204 S2000
G0 F9000 X125.161 Y132.225
M204 S500
G1 F1800 X143.48 Y113.906 E1168.75082
M204 S2000
G0 F9000 X143.48 Y114.472
M204 S500
G1 F1800 X125.727 Y132.225 E1169.58587
M204 S2000
G0 F9000 X126.293 Y132.225
M204 S500
G1 F1800 X143.48 Y115.038 E1170.39429
M204 S2000
G0 F9000 X143.48 Y115.603
M204 S500
G1 F1800 X126.858 Y132.225 E1171.17614
M204 S2000
G0 F9000 X127.424 Y132.225
M204 S500
G1 F1800 X143.48 Y116.169 E1171.93137
M204 S2000
G0 F9000 X143.48 Y116.735
M204 S500
G1 F1800 X127.99 Y132.225 E1172.65997
M204 S2000
G0 F9000 X128.556 Y132.225
M204 S500
G1 F1800 X143.48 Y117.301 E1173.36195
M204 S2000
G0 F9000 X143.48 Y117.866
M204 S500
G1 F1800 X129.121 Y132.225 E1174.03735
M204 S2000
G0 F9000 X129.687 Y132.225
M204 S500
G1 F1800 X143.48 Y118.432 E1174.68613
M204 S2000
G0 F9000 X143.48 Y118.998
M204 S500
G1 F1800 X130.253 Y132.225 E1175.30829
M204 S2000
G0 F9000 X130.818 Y132.225
M204 S500
G1 F1800 X143.48 Y119.563 E1175.90387
M204 S2000
G0 F9000 X143.48 Y120.129
M204 S500
G1 F1800 X131.384 Y132.225 E1176.47283
M204 S2000
G0 F9000 X131.95 Y132.225
M204 S500
G1 F1800 X143.48 Y120.695 E1177.01516
M204 S2000
G0 F9000 X143.48 Y121.26
M204 S500
G1 F1800 X132.516 Y132.225 E1177.5309
M204 S2000
G0 F9000 X133.082 Y132.225
M204 S500
G1 F1800 X143.48 Y121.826 E1178.02001
M204 S2000
G0 F9000 X143.48 Y122.392
M204 S500
G1 F1800 X133.647 Y132.225 E1178.48253
M204 S2000
G0 F9000 X134.213 Y132.225
M204 S500
G1 F1800 X143.48 Y122.957 E1178.91844
M204 S2000
G0 F9000 X143.48 Y123.523
M204 S500
G1 F1800 X134.779 Y132.225 E1179.32774
M204 S2000
G0 F9000 X135.344 Y132.225
M204 S500
G1 F1800 X143.48 Y124.089 E1179.71043
M204 S2000
G0 F9000 X143.48 Y124.654
M204 S500
G1 F1800 X135.91 Y132.225 E1180.06652
M204 S2000
G0 F9000 X136.476 Y132.225
M204 S500
G1 F1800 X143.48 Y125.22 E1180.39599
M204 S2000
G0 F9000 X143.48 Y125.786
M204 S500
G1 F1800 X137.042 Y132.225 E1180.69884
M204 S2000
G0 F9000 X137.607 Y132.225
M204 S500
G1 F1800 X143.48 Y126.351 E1180.97511
M204 S2000
G0 F9000 X143.48 Y126.917
M204 S500
G1 F1800 X138.173 Y132.225 E1181.22476
M204 S2000
G0 F9000 X138.739 Y132.225
M204 S500
G1 F1800 X143.48 Y127.483 E1181.44778
M204 S2000
G0 F9000 X143.48 Y128.049
M204 S500
G1 F1800 X139.304 Y132.225 E1181.64421
M204 S2000
G0 F9000 X139.87 Y132.225
M204 S500
G1 F1800 X143.48 Y128.614 E1181.81404
M204 S2000
G0 F9000 X143.48 Y129.18
M204 S500
G1 F1800 X140.436 Y132.225 E1181.95724
M204 S2000
G0 F9000 X141.001 Y132.225
M204 S500
G1 F1800 X143.48 Y129.746 E1182.07385
M204 S2000
G0 F9000 X143.48 Y130.311
M204 S500
G1 F1800 X141.567 Y132.225 E1182.16385
M204 S2000
G0 F9000 X142.133 Y132.225
M204 S500
G1 F1800 X143.48 Y130.877 E1182.22723
M204 S2000
G0 F9000 X143.48 Y131.443
M204 S500
G1 F1800 X142.698 Y132.225 E1182.26402
M204 S2000
G0 F9000 X143.264 Y132.225
M204 S500
G1 F1800 X143.48 Y132.008 E1182.2742
M204 S2000
G1 F2400 E1181.4742
G0 F9000 X143.94 Y132.007
G0 X143.84 Y93.896
G0 X125.056 Y93.365
G0 X124.655 Y94.265
M204 S500
G1 F2400 E1182.2742
G1 F1800 X86.692 Y132.228 E1184.05986
M204 S2000
G0 F9000 X86.126 Y132.228
M204 S500
G1 F1800 X123.683 Y94.672 E1185.82641
M204 S2000
G0 F9000 X123.054 Y94.735
M204 S500
G1 F1800 X85.561 Y132.228 E1187.58996
M204 S2000
G0 F9000 X84.995 Y132.228
M204 S500
G1 F1800 X122.553 Y94.67 E1189.35657
M204 S2000
G0 F9000 X122.115 Y94.542
M204 S500
G1 F1800 X84.429 Y132.228 E1191.12921
M204 S2000
G0 F9000 X83.864 Y132.228
M204 S500
G1 F1800 X121.722 Y94.37 E1192.90993
M204 S2000
G0 F9000 X121.4 Y94.126
M204 S500
G1 F1800 X83.298 Y132.228 E1194.70213
M204 S2000
G0 F9000 X82.732 Y132.228
M204 S500
G1 F1800 X121.11 Y93.85 E1196.50732
M204 S2000
G0 F9000 X120.857 Y93.538
M204 S500
G1 F1800 X82.167 Y132.228 E1198.32718
M204 S2000
G0 F9000 X81.601 Y132.228
M204 S500
G1 F1800 X120.652 Y93.177 E1200.16402
M204 S2000
G0 F9000 X120.497 Y92.766
M204 S500
G1 F1800 X81.035 Y132.228 E1202.02019
M204 S2000
G0 F9000 X80.469 Y132.228
M204 S500
G1 F1800 X120.403 Y92.295 E1203.89854
M204 S2000
G0 F9000 X120.398 Y91.734
M204 S500
G1 F1800 X81.958 Y130.174 E1205.70664
M204 S2000
G0 F9000 X82.323 Y129.243
M204 S500
G1 F1800 X120.565 Y91.002 E1207.5054
M204 S2000
G1 F2400 E1206.7054
G0 F9000 X121.002 Y91.145
G0 X120.75 Y92.007
G0 X81.536 Y93.393
G0 X80.105 Y94.692
M204 S500
G1 F2400 E1207.5054
G1 F1800 X76.522 Y98.275 E1207.67393
M204 S2000
G0 F9000 X76.522 Y97.709
M204 S500
G1 F1800 X79.495 Y94.736 E1207.81377
M204 S2000
G0 F9000 X79.001 Y94.665
M204 S500
G1 F1800 X76.522 Y97.144 E1207.93038
M204 S2000
G0 F9000 X76.522 Y96.578
M204 S500
G1 F1800 X78.572 Y94.527 E1208.02683
M204 S2000
G0 F9000 X78.189 Y94.345
M204 S500
G1 F1800 X76.522 Y96.012 E1208.10524
M204 S2000
G0 F9000 X76.522 Y95.447
M204 S500
G1 F1800 X77.864 Y94.104 E1208.16838
M204 S2000
G0 F9000 X77.582 Y93.821
M204 S500
G1 F1800 X76.522 Y94.881 E1208.21824
M204 S2000
G0 F9000 X76.522 Y94.315
M204 S500
G1 F1800 X77.332 Y93.505 E1208.25634
M204 S2000
G0 F9000 X77.126 Y93.145
M204 S500
G1 F1800 X76.522 Y93.75 E1208.28478
M204 S2000
G1 F2400 E1207.48478
G0 F9000 X76.06 Y93.75
G0 X76.163 Y129.681
G0 X77.32 Y129.336
G0 X77.13 Y129.911
M204 S500
G1 F2400 E1208.28478
G1 F1800 X76.525 Y130.516 E1208.31323
M204 S2000
G0 F9000 X76.525 Y131.081
M204 S500
G1 F1800 X77.338 Y130.268 E1208.35148
M204 S2000
G0 F9000 X77.591 Y130.581
M204 S500
G1 F1800 X76.525 Y131.647 E1208.40162
M204 S2000
G0 F9000 X76.561 Y132.177
M204 S500
G1 F1800 X77.875 Y130.863 E1208.46342
M204 S2000
G0 F9000 X78.2 Y131.103
M204 S500
G1 F1800 X77.075 Y132.228 E1208.51634
M204 S2000
G0 F9000 X77.641 Y132.228
M204 S500
G1 F1800 X78.584 Y131.285 E1208.5607
M204 S2000
G0 F9000 X79.016 Y131.419
M204 S500
G1 F1800 X78.207 Y132.228 E1208.59875
M204 S2000
G0 F9000 X78.772 Y132.228
M204 S500
G1 F1800 X79.514 Y131.487 E1208.63363
M204 S2000
G0 F9000 X80.124 Y131.442
M204 S500
G1 F1800 X79.338 Y132.228 E1208.6706
M204 S2000
G0 F9000 X79.904 Y132.228
M204 S500
G1 F1800 X80.996 Y131.136 E1208.72196
M204 S2000
G1 F2400 E1207.92196
;MESH:NONMESH
G0 F300 X80.996 Y131.136 Z1
G0 F9000 X80.332 Y130.93
G0 X81.27 Y129.937
G0 X81.478 Y129.575
G0 X81.609 Y129.18
G0 X81.654 Y128.764
G0 X81.608 Y128.322
G0 X81.479 Y127.926
G0 X81.272 Y127.563
G0 X79.886 Y126.387
G0 X79.881 Y94.357
G0 X80.289 Y94.03
;TIME_ELAPSED:1469.537735
;LAYER:4
M204 S500
;TYPE:WALL-INNER
;MESH:raspberry pi 4 B bottom part case.stl
G1 F2400 E1208.72196
G1 F1800 X79.853 Y94.128 E1208.73683
G1 X79.397 Y94.128 E1208.75199
G1 X78.963 Y94.034 E1208.76676
G1 X78.555 Y93.856 E1208.78157
G1 X78.19 Y93.592 E1208.79655
G1 X77.894 Y93.257 E1208.81142
G1 X77.664 Y92.871 E1208.82636
G1 X77.528 Y92.434 E1208.84158
G1 X77.484 Y92 E1208.85609
G1 X77.528 Y91.558 E1208.87087
G1 X77.663 Y91.132 E1208.88573
G1 X77.892 Y90.741 E1208.9008
G1 X78.191 Y90.404 E1208.91579
G1 X78.554 Y90.141 E1208.9307
G1 X78.961 Y89.962 E1208.94548
G1 X79.402 Y89.868 E1208.96048
G1 X79.851 Y89.868 E1208.97541
G1 X80.287 Y89.962 E1208.99025
G1 X80.695 Y90.141 E1209.00507
G1 X81.052 Y90.403 E1209.0198
G1 X81.356 Y90.741 E1209.03492
G1 X81.578 Y91.126 E1209.0497
G1 X81.72 Y91.559 E1209.06485
G1 X81.764 Y91.999 E1209.07956
G1 X81.714 Y92.446 E1209.09452
G1 X81.583 Y92.85 E1209.10865
G1 X81.351 Y93.258 E1209.12426
G1 X81.031 Y93.607 E1209.14001
G1 X80.689 Y93.858 E1209.15412
G1 X80.289 Y94.03 E1209.1686
M204 S2000
G1 F2400 E1208.3686
G0 F9000 X80.411 Y94.308
G0 X82.006 Y128.75
G0 X81.955 Y129.244
G0 X81.801 Y129.718
G0 X81.552 Y130.15
G0 X81.251 Y130.483
G0 X80.344 Y131.08
G0 X80.283 Y130.788
M204 S500
G1 F2400 E1209.1686
G1 F1800 X79.848 Y130.876 E1209.18336
G1 X79.398 Y130.876 E1209.19833
G1 X78.964 Y130.788 E1209.21306
G1 X78.549 Y130.6 E1209.22821
G1 X78.211 Y130.353 E1209.24213
G1 X77.896 Y130.014 E1209.25752
G1 X77.662 Y129.615 E1209.27291
G1 X77.528 Y129.185 E1209.28789
G1 X77.484 Y128.748 E1209.3025
G1 X77.528 Y128.306 E1209.31727
G1 X77.663 Y127.878 E1209.3322
G1 X77.894 Y127.491 E1209.34719
G1 X78.19 Y127.156 E1209.36206
G1 X78.555 Y126.892 E1209.37704
G1 X78.963 Y126.714 E1209.39184
G1 X79.397 Y126.62 E1209.40661
G1 X79.853 Y126.62 E1209.42178
G1 X80.289 Y126.718 E1209.43664
G1 X80.678 Y126.888 E1209.45076
G1 X81.059 Y127.166 E1209.46645
G1 X81.358 Y127.495 E1209.48124
G1 X81.574 Y127.873 E1209.49572
G1 X81.715 Y128.299 E1209.51064
G1 X81.764 Y128.745 E1209.52556
G1 X81.72 Y129.188 E1209.54037
G1 X81.58 Y129.617 E1209.55538
G1 X81.358 Y130.002 E1209.57016
G1 X81.052 Y130.341 E1209.58535
G1 X80.7 Y130.6 E1209.59989
G1 X80.283 Y130.788 E1209.6151
M204 S2000
G1 F2400 E1208.8151
G0 F9000 X80.344 Y131.08
G0 X110 Y131.853
G0 X110 Y132.696
G0 X110 Y132.896
M204 S500
G1 F2400 E1209.6151
G1 F1800 X143.43 Y132.896 E1210.72699
G1 X143.673 Y132.829 E1210.73537
G1 X143.975 Y132.6 E1210.74798
G1 X144.094 Y132.4 E1210.75572
G1 X144.148 Y132.165 E1210.76374
G1 X144.148 Y87.909 E1212.2357
G1 X144.055 Y87.524 E1212.24887
G1 X143.859 Y87.277 E1212.25936
G1 X143.554 Y87.13 E1212.27062
G1 X143.339 Y87.1 E1212.27784
G1 X76.58 Y87.1 E1214.49825
G1 X76.335 Y87.159 E1214.50663
G1 X76.148 Y87.269 E1214.51385
G1 X76.005 Y87.423 E1214.52084
G1 X75.852 Y87.807 E1214.53459
G1 X75.852 Y132.182 E1216.01051
G1 X75.919 Y132.42 E1216.01873
G1 X76.145 Y132.726 E1216.03138
G1 X76.345 Y132.842 E1216.03907
G1 X76.583 Y132.896 E1216.04719
G1 X110 Y132.896 E1217.15864
M204 S2000
G1 F2400 E1216.35864
G0 F9000 X110 Y132.796
G0 X122.835 Y132.696
G0 X122.835 Y131.853
G0 X122.835 Y131.17
G0 X122.898 Y130.876
M204 S500
G1 F2400 E1217.15864
G1 F1800 X122.464 Y130.788 E1217.17337
G1 X122.05 Y130.6 E1217.1885
G1 X121.691 Y130.34 E1217.20324
G1 X121.394 Y130.005 E1217.21813
G1 X121.163 Y129.617 E1217.23315
G1 X121.027 Y129.183 E1217.24827
G1 X120.985 Y128.742 E1217.26301
G1 X121.028 Y128.307 E1217.27755
G1 X121.162 Y127.883 E1217.29234
G1 X121.409 Y127.475 E1217.3082
G1 X121.688 Y127.159 E1217.32222
G1 X122.036 Y126.907 E1217.33651
G1 X122.442 Y126.724 E1217.35132
G1 X122.921 Y126.621 E1217.36762
G1 X123.349 Y126.623 E1217.38185
G1 X123.783 Y126.712 E1217.39659
G1 X124.192 Y126.892 E1217.41145
G1 X124.535 Y127.144 E1217.42561
G1 X124.84 Y127.477 E1217.44063
G1 X125.074 Y127.873 E1217.45593
G1 X125.215 Y128.299 E1217.47085
G1 X125.264 Y128.745 E1217.48577
G1 X125.22 Y129.188 E1217.50058
G1 X125.082 Y129.612 E1217.51541
G1 X124.854 Y130.011 E1217.5307
G1 X124.551 Y130.341 E1217.5456
G1 X124.2 Y130.599 E1217.56009
G1 X123.784 Y130.788 E1217.57528
G1 X123.348 Y130.876 E1217.59008
G1 X122.898 Y130.876 E1217.60504
M204 S2000
G1 F2400 E1216.80504
G0 F9000 X122.835 Y131.17
G0 X121.936 Y130.813
G0 X121.532 Y130.52
G0 X121.198 Y130.15
G0 X120.949 Y129.718
G0 X120.795 Y129.244
G0 X120.766 Y128.964
G0 X122.836 Y94.42
G0 X122.899 Y94.125
M204 S500
G1 F2400 E1217.60504
G1 F1800 X122.481 Y94.037 E1217.61925
G1 X122.036 Y93.841 E1217.63542
G1 X121.688 Y93.589 E1217.64972
G1 X121.388 Y93.249 E1217.6648
G1 X121.16 Y92.848 E1217.68014
G1 X121.03 Y92.443 E1217.69429
G1 X120.984 Y91.996 E1217.70923
G1 X121.028 Y91.558 E1217.72387
G1 X121.163 Y91.132 E1217.73874
G1 X121.392 Y90.741 E1217.75381
G1 X121.691 Y90.404 E1217.76879
G1 X122.054 Y90.141 E1217.7837
G1 X122.461 Y89.962 E1217.79849
G1 X122.902 Y89.868 E1217.81349
G1 X123.351 Y89.868 E1217.82842
G1 X123.787 Y89.962 E1217.84325
G1 X124.195 Y90.141 E1217.85807
G1 X124.552 Y90.403 E1217.8728
G1 X124.856 Y90.741 E1217.88792
G1 X125.078 Y91.126 E1217.9027
G1 X125.22 Y91.559 E1217.91786
G1 X125.264 Y91.999 E1217.93257
G1 X125.215 Y92.444 E1217.94746
G1 X125.08 Y92.871 E1217.96235
G1 X124.865 Y93.237 E1217.97647
G1 X124.535 Y93.604 E1217.99289
G1 X124.196 Y93.854 E1218.0069
G1 X123.786 Y94.031 E1218.02175
G1 X123.327 Y94.127 E1218.03735
G1 X122.899 Y94.125 E1218.05158
M204 S2000
G0 F9000 X122.921 Y93.724
M204 S500
;TYPE:WALL-OUTER
G1 F1800 X122.585 Y93.651 E1218.06302
G1 X122.261 Y93.509 E1218.07478
G1 X121.962 Y93.294 E1218.08703
G1 X121.724 Y93.027 E1218.09893
G1 X121.53 Y92.696 E1218.11169
G1 X121.424 Y92.358 E1218.12347
G1 X121.388 Y91.98 E1218.1361
G1 X121.42 Y91.66 E1218.1468
G1 X121.543 Y91.274 E1218.16027
G1 X121.707 Y90.994 E1218.17106
G1 X121.978 Y90.689 E1218.18463
G1 X122.238 Y90.501 E1218.1953
G1 X122.567 Y90.352 E1218.20732
G1 X122.929 Y90.271 E1218.21966
G1 X123.327 Y90.272 E1218.23289
G1 X123.681 Y90.352 E1218.24496
G1 X124.011 Y90.502 E1218.25702
G1 X124.267 Y90.69 E1218.26758
G1 X124.542 Y90.996 E1218.28127
G1 X124.718 Y91.313 E1218.29333
G1 X124.828 Y91.66 E1218.30543
G1 X124.86 Y91.98 E1218.31613
G1 X124.828 Y92.337 E1218.32805
G1 X124.702 Y92.725 E1218.34162
G1 X124.534 Y93.013 E1218.35271
G1 X124.277 Y93.298 E1218.36547
G1 X123.973 Y93.516 E1218.37792
G1 X123.643 Y93.656 E1218.38984
G1 X123.299 Y93.728 E1218.40153
G1 X122.921 Y93.724 E1218.4141
M204 S2000
G1 F2400 E1217.6141
G0 F9000 X122.775 Y94.408
G0 X120.744 Y128.75
G0 X120.795 Y129.244
G0 X120.949 Y129.718
G0 X121.198 Y130.15
G0 X121.532 Y130.52
G0 X121.86 Y130.758
G0 X122.778 Y131.158
G0 X122.924 Y130.473
M204 S500
G1 F2400 E1218.4141
G1 F1800 X122.565 Y130.395 E1218.42632
G1 X122.238 Y130.243 E1218.43831
G1 X121.978 Y130.055 E1218.44899
G1 X121.708 Y129.751 E1218.46251
G1 X121.525 Y129.433 E1218.47471
G1 X121.42 Y129.088 E1218.48671
G1 X121.388 Y128.728 E1218.49873
G1 X121.42 Y128.408 E1218.50942
G1 X121.531 Y128.047 E1218.52199
G1 X121.715 Y127.733 E1218.53409
G1 X121.978 Y127.441 E1218.54716
G1 X122.261 Y127.239 E1218.55873
G1 X122.592 Y127.095 E1218.57073
G1 X122.949 Y127.02 E1218.58286
G1 X123.327 Y127.024 E1218.59544
G1 X123.681 Y127.104 E1218.60751
G1 X123.992 Y127.242 E1218.61882
G1 X124.277 Y127.45 E1218.63056
G1 X124.526 Y127.724 E1218.64287
G1 X124.702 Y128.023 E1218.65441
G1 X124.824 Y128.385 E1218.66712
G1 X124.86 Y128.768 E1218.67991
G1 X124.828 Y129.088 E1218.69061
G1 X124.719 Y129.435 E1218.70271
G1 X124.516 Y129.788 E1218.71625
G1 X124.267 Y130.054 E1218.72837
G1 X123.975 Y130.263 E1218.74031
G1 X123.64 Y130.409 E1218.75247
G1 X123.319 Y130.474 E1218.76336
G1 X122.924 Y130.473 E1218.7765
M204 S2000
G1 F2400 E1217.9765
G0 F9000 X122.778 Y131.158
G0 X110 Y131.853
G0 X110 Y132.696
G0 X110 Y133.296
M204 S500
G1 F2400 E1218.7765
G1 F1800 X143.484 Y133.296 E1219.89018
G1 X143.827 Y133.201 E1219.90202
G1 X144.06 Y133.069 E1219.91093
G1 X144.29 Y132.853 E1219.92142
G1 X144.471 Y132.549 E1219.93319
G1 X144.548 Y132.209 E1219.94478
G1 X144.548 Y87.879 E1221.4192
G1 X144.505 Y87.59 E1221.42892
G1 X144.415 Y87.346 E1221.43757
G1 X144.11 Y86.962 E1221.45388
G1 X143.899 Y86.833 E1221.46211
G1 X143.654 Y86.74 E1221.47082
G1 X143.366 Y86.7 E1221.48049
G1 X76.532 Y86.7 E1223.7034
G1 X76.184 Y86.784 E1223.71531
G1 X75.895 Y86.954 E1223.72646
G1 X75.679 Y87.187 E1223.73703
G1 X75.546 Y87.426 E1223.74613
G1 X75.452 Y87.749 E1223.75731
G1 X75.452 Y132.236 E1225.23696
G1 X75.547 Y132.574 E1225.24864
G1 X75.68 Y132.809 E1225.25762
G1 X75.891 Y133.042 E1225.26807
G1 X76.198 Y133.219 E1225.27986
G1 X76.539 Y133.296 E1225.29149
G1 X110 Y133.296 E1226.4044
M204 S2000
G1 F2400 E1225.6044
G0 F9000 X110 Y132.796
G0 X80.284 Y132.696
G0 X80.284 Y131.853
G0 X80.284 Y131.092
G0 X80.14 Y130.409
M204 S500
G1 F2400 E1226.4044
G1 F1800 X79.824 Y130.473 E1226.41513
G1 X79.424 Y130.473 E1226.42843
G1 X79.065 Y130.395 E1226.44065
G1 X78.738 Y130.243 E1226.45264
G1 X78.467 Y130.046 E1226.46379
G1 X78.207 Y129.754 E1226.47679
G1 X78.025 Y129.433 E1226.48906
G1 X77.921 Y129.091 E1226.50095
G1 X77.884 Y128.748 E1226.51243
G1 X77.929 Y128.367 E1226.52519
G1 X78.044 Y128.021 E1226.53731
G1 X78.23 Y127.715 E1226.54923
G1 X78.478 Y127.441 E1226.56152
G1 X78.738 Y127.253 E1226.57219
G1 X79.067 Y127.104 E1226.5842
G1 X79.421 Y127.024 E1226.59627
G1 X79.827 Y127.024 E1226.60978
G1 X80.181 Y127.104 E1226.62185
G1 X80.511 Y127.254 E1226.6339
G1 X80.777 Y127.45 E1226.64489
G1 X81.029 Y127.728 E1226.65737
G1 X81.202 Y128.023 E1226.66875
G1 X81.324 Y128.385 E1226.68145
G1 X81.36 Y128.768 E1226.69425
G1 X81.328 Y129.088 E1226.70494
G1 X81.219 Y129.435 E1226.71704
G1 X81.042 Y129.749 E1226.72903
G1 X80.767 Y130.054 E1226.74269
G1 X80.475 Y130.263 E1226.75463
G1 X80.14 Y130.409 E1226.76679
M204 S2000
G1 F2400 E1225.96679
G0 F9000 X80.284 Y131.092
G0 X80.814 Y130.813
G0 X81.218 Y130.52
G0 X81.552 Y130.15
G0 X81.801 Y129.718
G0 X81.955 Y129.244
G0 X81.984 Y128.964
G0 X80.464 Y94.285
G0 X80.181 Y93.644
M204 S500
G1 F2400 E1226.76679
G1 F1800 X79.827 Y93.724 E1226.77886
G1 X79.421 Y93.724 E1226.79236
G1 X79.067 Y93.644 E1226.80443
G1 X78.738 Y93.495 E1226.81644
G1 X78.478 Y93.307 E1226.82712
G1 X78.208 Y93.003 E1226.84064
G1 X78.025 Y92.684 E1226.85287
G1 X77.921 Y92.339 E1226.86486
G1 X77.884 Y92 E1226.8762
G1 X77.929 Y91.619 E1226.88896
G1 X78.043 Y91.274 E1226.90104
G1 X78.207 Y90.994 E1226.91184
G1 X78.478 Y90.689 E1226.92541
G1 X78.775 Y90.48 E1226.93748
G1 X79.105 Y90.34 E1226.94941
G1 X79.429 Y90.271 E1226.96043
G1 X79.827 Y90.272 E1226.97366
G1 X80.181 Y90.352 E1226.98573
G1 X80.511 Y90.502 E1226.99779
G1 X80.767 Y90.69 E1227.00835
G1 X81.042 Y90.996 E1227.02204
G1 X81.218 Y91.313 E1227.0341
G1 X81.328 Y91.66 E1227.0462
G1 X81.36 Y91.98 E1227.0569
G1 X81.324 Y92.36 E1227.0696
G1 X81.208 Y92.709 E1227.08183
G1 X81.036 Y93.01 E1227.09336
G1 X80.784 Y93.292 E1227.10594
G1 X80.5 Y93.501 E1227.11767
G1 X80.181 Y93.644 E1227.12929
M204 S2000
G0 F9000 X81.124 Y93.622
M204 S500
;TYPE:FILL
G1 F3600 X102.001 Y88.028 E1227.84816
M204 S2000
G0 F9000 X102.731 Y88.028
M204 S500
G1 F3600 X90.956 Y131.974 E1229.36137
M204 S2000
G0 F9000 X90.547 Y131.974
M204 S500
G1 F3600 X76.777 Y118.204 E1230.00907
M204 S2000
G0 F9000 X76.997 Y118.205
G0 X76.997 Y119.634
G0 X76.777 Y119.633
M204 S500
G1 F3600 X143.222 Y101.829 E1232.297
M204 S2000
G0 F9000 X143.003 Y101.829
G0 X143.003 Y99.798
G0 X143.224 Y99.798
M204 S500
G1 F3600 X131.457 Y88.031 E1232.85048
M204 S2000
G0 F9000 X131.456 Y88.249
G0 X133.788 Y88.249
G0 X133.789 Y88.03
M204 S500
G1 F3600 X123.464 Y126.563 E1234.17731
M204 S2000
G0 F9000 X123.509 Y126.35
G0 X122.876 Y126.382
G0 X122.39 Y126.485
G0 X121.936 Y126.687
G0 X121.532 Y126.98
G0 X121.198 Y127.35
G0 X121.057 Y127.595
G0 X120.72 Y128.401
G0 X120.939 Y128.424
M204 S500
G1 F3600 X80.542 Y88.028 E1236.07743
M204 S2000
G0 F9000 X80.541 Y88.247
G0 X78.821 Y88.247
G0 X78.822 Y88.027
M204 S500
G1 F3600 X76.779 Y88.574 E1236.14778
M204 S2000
G0 F9000 X76.997 Y88.575
G0 X77.884 Y88.247
G0 X77.885 Y88.027
M204 S500
G1 F3600 X77.076 Y91.046 E1236.25173
M204 S2000
G0 F9000 X77 Y92.971
M204 S500
G1 F3600 X116.002 Y131.973 E1238.08627
G1 X115.803 Y131.973
G1 X127.578 Y88.029 E1239.59941
M204 S2000
G0 F9000 X127.577 Y88.249
G0 X125.178 Y88.249
G0 X125.179 Y88.029
M204 S500
G1 F3600 X76.778 Y100.998 E1241.26602
M204 S2000
G0 F9000 X76.778 Y101.234
M204 S500
G1 F3600 X107.517 Y131.973 E1242.71189
M204 S2000
G0 F9000 X107.517 Y131.753
G0 X109.591 Y131.753
G0 X109.591 Y131.973
M204 S500
G1 F3600 X121.366 Y88.029 E1244.22504
M204 S2000
G0 F9000 X121.365 Y88.249
G0 X122.97 Y88.249
G0 X122.971 Y88.03
M204 S500
G1 F3600 X143.224 Y108.283 E1245.17767
M204 S2000
G0 F9000 X143.223 Y108.041
M204 S500
G1 F3600 X76.777 Y125.845 E1247.46564
M204 S2000
G0 F9000 X76.777 Y126.689
M204 S500
G1 F3600 X77.719 Y127.631 E1247.50995
M204 S2000
G0 F9000 X77.53 Y127.522
G0 X78.032 Y126.98
G0 X78.436 Y126.687
G0 X78.89 Y126.485
G0 X80.026 Y126.354
G0 X79.981 Y126.567
M204 S500
G1 F3600 X90.308 Y88.027 E1248.83701
M204 S2000
G0 F9000 X90.307 Y88.247
G0 X89.027 Y88.247
G0 X89.028 Y88.028
M204 S500
G1 F3600 X132.973 Y131.973 E1250.90405
M204 S2000
G0 F9000 X132.973 Y131.753
G0 X134.438 Y131.753
G0 X134.438 Y131.973
M204 S500
G1 F3600 X143.223 Y99.185 E1252.03305
M204 S2000
G0 F9000 X143.003 Y99.185
G0 X143.003 Y95.617
G0 X143.223 Y95.617
M204 S500
G1 F3600 X76.778 Y113.421 E1254.32098
M204 S2000
G0 F9000 X76.997 Y113.422
G0 X76.997 Y115.343
G0 X76.778 Y115.342
M204 S500
G1 F3600 X84.096 Y88.027 E1255.26152
M204 S2000
G0 F9000 X84.095 Y88.247
G0 X81.552 Y93.4
G0 X81.218 Y93.77
G0 X80.814 Y94.063
G0 X80.36 Y94.265
G0 X80.085 Y94.324
G0 X79.089 Y94.368
G0 X79.134 Y94.155
M204 S500
G1 F3600 X76.779 Y94.786 E1255.34261
M204 S2000
G0 F9000 X76.997 Y94.787
G0 X76.997 Y107.21
G0 X76.778 Y107.209
M204 S500
G1 F3600 X143.222 Y89.406 E1257.6305
M204 S2000
G0 F9000 X143.003 Y89.406
G0 X143.003 Y91.312
G0 X143.224 Y91.312
M204 S500
G1 F3600 X139.942 Y88.031 E1257.78485
G1 X140.001 Y88.029
G1 X128.226 Y131.973 E1259.29799
M204 S2000
G0 F9000 X128.226 Y131.753
G0 X124.488 Y131.753
G0 X124.488 Y131.973
M204 S500
G1 F3600 X123.451 Y130.936 E1259.34677
M204 S2000
G0 F9000 X123.496 Y131.154
G0 X123.452 Y131.753
G0 X123.452 Y131.973
M204 S500
G1 F3600 X143.223 Y126.675 E1260.02756
M204 S2000
G0 F9000 X143.003 Y126.675
G0 X143.003 Y125.254
G0 X143.224 Y125.254
M204 S500
G1 F3600 X106 Y88.029 E1261.77848
M204 S2000
G0 F9000 X105.999 Y88.248
G0 X108.942 Y88.248
G0 X108.943 Y88.028
M204 S500
G1 F3600 X97.168 Y131.974 E1263.29169
M204 S2000
G0 F9000 X97.168 Y131.753
G0 X99.032 Y131.753
G0 X99.032 Y131.974
M204 S500
G1 F3600 X76.778 Y109.719 E1264.33848
M204 S2000
G0 F9000 X76.997 Y109.72
G0 X77.242 Y128.75
G0 X77.295 Y129.246
G0 X77.449 Y129.718
G0 X77.698 Y130.15
G0 X77.969 Y130.45
G0 X78.753 Y131.019
G0 X78.841 Y130.821
M204 S500
G1 F3600 X78.532 Y131.975 E1264.37821
M204 S2000
G0 F9000 X78.532 Y131.753
G0 X77.086 Y131.753
G0 X77.086 Y131.974
M204 S500
G1 F3600 X143.223 Y114.252 E1266.65554
M204 S2000
G0 F9000 X143.003 Y114.252
G0 X143.003 Y116.769
G0 X143.224 Y116.769
M204 S500
G1 F3600 X114.485 Y88.029 E1268.00736
M204 S2000
G0 F9000 X115.154 Y88.029
M204 S500
G1 F3600 X103.379 Y131.973 E1269.5205
M204 S2000
G0 F9000 X103.379 Y131.753
G0 X100.268 Y131.753
G0 X100.268 Y131.974
M204 S500
G1 F3600 X143.224 Y120.464 E1270.99962
M204 S2000
G0 F9000 X143.003 Y120.464
G0 X143.003 Y122.366
G0 X143.224 Y122.366
M204 S500
G1 F3600 X140.649 Y131.974 E1271.33047
M204 S2000
G0 F9000 X141.458 Y131.973
M204 S500
G1 F3600 X97.514 Y88.028 E1273.39748
M204 S2000
G0 F9000 X96.52 Y88.028
M204 S500
G1 F3600 X84.744 Y131.974 E1274.9107
M204 S2000
G0 F9000 X84.744 Y131.753
G0 X82.062 Y131.753
G0 X82.062 Y131.974
M204 S500
G1 F3600 X80.749 Y130.661 E1274.97246
M204 S2000
G1 F2400 E1274.17246
G0 F9000 X80.878 Y130.842
G0 X122.014 Y131.753
G0 X122.014 Y131.974
M204 S500
G1 F2400 E1274.97246
G1 F3600 X122.325 Y130.813 E1275.01243
M204 S2000
G1 F2400 E1274.21243
G0 F9000 X122.236 Y131.012
G0 X110 Y131.853
G0 X110 Y132.696
G0 X110 Y132.504
M204 S500
;TYPE:SKIN
G1 F2400 E1275.01243
G1 F1558.4 X76.936 Y132.505 E1276.2826
G1 F1493.8 X76.63 Y132.485 E1276.29489
G1 F1411.8 X76.42 Y132.4 E1276.3045
G1 F1400.8 X76.302 Y132.245 E1276.31283
G1 F1445.8 X76.245 Y132.065 E1276.32064
G1 F1496.9 X76.245 Y123.289 E1276.67164
G1 F1509.4 X76.245 Y114.513 E1277.01972
G1 F1525.4 X76.244 Y105.737 E1277.36415
G1 F1538.5 X76.244 Y96.961 E1277.70567
G1 F1551.7 X76.244 Y88.185 E1278.04426
G1 F1519 X76.271 Y87.791 E1278.05983
G1 F1437.1 X76.41 Y87.606 E1278.06947
G1 F1445.8 X76.678 Y87.493 E1278.08151
G1 F1503.1 X87.742 Y87.493 E1278.52218
G1 F1512.6 X98.806 Y87.493 E1278.96009
G1 F1522.2 X109.87 Y87.493 E1279.39523
G1 F1528.7 X120.934 Y87.493 E1279.82854
G1 F1538.5 X131.998 Y87.493 E1280.25909
G1 F1548.4 X143.062 Y87.492 E1280.68688
G1 F1481.5 X143.405 Y87.514 E1280.70077
G1 F1400.8 X143.591 Y87.608 E1280.70968
G1 F1384.6 X143.669 Y87.71 E1280.71523
G1 F1445.8 X143.756 Y87.984 E1280.72713
G1 F1506.3 X143.756 Y102.679 E1281.3112
G1 F1493.8 X143.756 Y117.374 E1281.90015
G1 F1478.4 X143.756 Y132.069 E1282.49521
G1 F1431.4 X143.648 Y132.328 E1282.50695
G1 F1400.8 X143.496 Y132.446 E1282.51517
G1 F1472.4 X143.144 Y132.503 E1282.52967
G1 F1551.7 X110 Y132.504 E1283.80843
M204 S2000
G0 F9000 X110 Y132.042
M204 S500
G1 F1551.7 X143.104 Y132.042 E1285.08564
G1 F1463.4 X143.258 Y131.983 E1285.09238
G1 F1466.4 X143.294 Y131.852 E1285.09793
G1 F1541.8 X143.294 Y117.27 E1285.66417
G1 F1531.9 X143.293 Y102.688 E1286.23404
G1 F1519 X143.292 Y88.106 E1286.80876
G1 F1445.8 X143.242 Y88.002 E1286.81354
G1 F1463.4 X143.06 Y87.956 E1286.82122
G1 F1548.4 X132.021 Y87.956 E1287.24804
G1 F1538.5 X120.982 Y87.956 E1287.67762
G1 F1528.7 X109.943 Y87.955 E1288.10995
G1 F1522.2 X98.904 Y87.955 E1288.54411
G1 F1512.6 X87.865 Y87.955 E1288.98103
G1 F1503.1 X76.826 Y87.954 E1289.42071
G1 F1490.7 X76.705 Y88.059 E1289.42714
G1 F1487.6 X76.705 Y96.818 E1289.77964
G1 F1500 X76.705 Y105.577 E1290.12923
G1 F1512.6 X76.705 Y114.336 E1290.47591
G1 F1525.4 X76.705 Y123.095 E1290.81968
G1 F1538.5 X76.706 Y131.854 E1291.16053
G1 F1466.4 X76.766 Y132.008 E1291.16727
G1 F1472.4 X76.936 Y132.043 E1291.17433
G1 F1558.4 X110 Y132.042 E1292.4445
M204 S2000
G0 F9000 X110 Y131.453
G1 F2400 E1291.6445
;MESH:NONMESH
G0 F300 X110 Y131.453 Z1.2
G0 F9000 X80.411 Y94.308
G0 X80.289 Y94.03
;TIME_ELAPSED:1546.407965
;LAYER:5
M204 S500
;TYPE:WALL-INNER
;MESH:raspberry pi 4 B bottom part case.stl
G1 F2400 E1292.4445
G1 F1800 X79.853 Y94.128 E1292.45936
G1 X79.397 Y94.128 E1292.47453
G1 X78.963 Y94.034 E1292.4893
G1 X78.555 Y93.856 E1292.50411
G1 X78.19 Y93.592 E1292.51909
G1 X77.894 Y93.257 E1292.53396
G1 X77.663 Y92.868 E1292.549
G1 X77.528 Y92.42 E1292.56457
G1 X77.479 Y92.001 E1292.5786
G1 X77.53 Y91.554 E1292.59356
G1 X77.663 Y91.132 E1292.60828
G1 X77.892 Y90.741 E1292.62335
G1 X78.191 Y90.403 E1292.63836
G1 X78.556 Y90.14 E1292.65332
G1 X78.963 Y89.962 E1292.6681
G1 X79.397 Y89.868 E1292.68287
G1 X79.851 Y89.868 E1292.69797
G1 X80.285 Y89.962 E1292.71274
G1 X80.695 Y90.141 E1292.72761
G1 X81.052 Y90.403 E1292.74234
G1 X81.357 Y90.741 E1292.75749
G1 X81.582 Y91.136 E1292.7726
G1 X81.718 Y91.554 E1292.78723
G1 X81.764 Y91.994 E1292.80194
G1 X81.72 Y92.438 E1292.81678
G1 X81.583 Y92.85 E1292.83122
G1 X81.351 Y93.258 E1292.84683
G1 X81.054 Y93.587 E1292.86157
G1 X80.689 Y93.858 E1292.87669
G1 X80.289 Y94.03 E1292.89117
M204 S2000
G1 F2400 E1292.09117
G0 F9000 X80.411 Y94.308
G0 X82.006 Y128.75
G0 X81.955 Y129.244
G0 X81.801 Y129.718
G0 X81.552 Y130.15
G0 X81.281 Y130.45
G0 X80.408 Y131.059
G0 X80.288 Y130.786
M204 S500
G1 F2400 E1292.89117
G1 F1800 X79.849 Y130.876 E1292.90608
G1 X79.399 Y130.876 E1292.92105
G1 X78.96 Y130.786 E1292.93595
G1 X78.551 Y130.601 E1292.95088
G1 X78.21 Y130.352 E1292.96493
G1 X77.896 Y130.014 E1292.98027
G1 X77.661 Y129.613 E1292.99573
G1 X77.528 Y129.172 E1293.01105
G1 X77.484 Y128.748 E1293.02523
G1 X77.528 Y128.306 E1293.04
G1 X77.663 Y127.878 E1293.05493
G1 X77.894 Y127.491 E1293.06992
G1 X78.19 Y127.156 E1293.08479
G1 X78.555 Y126.892 E1293.09977
G1 X78.963 Y126.714 E1293.11457
G1 X79.397 Y126.62 E1293.12934
G1 X79.853 Y126.62 E1293.14451
G1 X80.289 Y126.718 E1293.15937
G1 X80.678 Y126.888 E1293.17349
G1 X81.034 Y127.143 E1293.18806
G1 X81.369 Y127.516 E1293.20473
G1 X81.574 Y127.874 E1293.21845
G1 X81.715 Y128.299 E1293.23335
G1 X81.763 Y128.745 E1293.24827
G1 X81.72 Y129.189 E1293.2631
G1 X81.577 Y129.623 E1293.2783
G1 X81.354 Y130.005 E1293.29301
G1 X81.052 Y130.341 E1293.30804
G1 X80.698 Y130.601 E1293.32265
G1 X80.288 Y130.786 E1293.33761
M204 S2000
G1 F2400 E1292.53761
G0 F9000 X80.408 Y131.059
G0 X110.001 Y132.664
G0 X110 Y132.962
M204 S500
G1 F2400 E1293.33761
G1 F1800 X143.431 Y132.964 E1294.44953
G1 X143.647 Y132.917 E1294.45688
G1 X143.967 Y132.716 E1294.46945
G1 X144.173 Y132.359 E1294.48316
G1 X144.212 Y132.085 E1294.49236
G1 X144.212 Y87.819 E1295.96466
G1 X144.175 Y87.636 E1295.97087
G1 X144.017 Y87.343 E1295.98194
G1 X143.904 Y87.23 E1295.98725
G1 X143.617 Y87.073 E1295.99813
G1 X143.433 Y87.036 E1296.00438
G1 X76.596 Y87.04 E1298.22738
G1 X76.39 Y87.073 E1298.23432
G1 X76.029 Y87.281 E1298.24818
G1 X75.827 Y87.602 E1298.26079
G1 X75.792 Y87.764 E1298.26631
G1 X75.785 Y132.183 E1299.74369
G1 X75.829 Y132.399 E1299.75102
G1 X76.027 Y132.713 E1299.76337
G1 X76.387 Y132.921 E1299.7772
G1 X76.662 Y132.96 E1299.78643
G1 X110 Y132.962 E1300.89526
M204 S2000
G0 F9000 X110.001 Y132.664
G0 X122.836 Y131.171
G0 X122.899 Y130.876
M204 S500
G1 F1800 X122.462 Y130.787 E1300.91009
G1 X122.052 Y130.602 E1300.92505
G1 X121.69 Y130.34 E1300.93992
G1 X121.394 Y130.005 E1300.95479
G1 X121.163 Y129.617 E1300.9698
G1 X121.028 Y129.188 E1300.98476
G1 X120.985 Y128.748 E1300.99947
G1 X121.028 Y128.307 E1301.0142
G1 X121.162 Y127.883 E1301.02899
G1 X121.409 Y127.475 E1301.04486
G1 X121.69 Y127.158 E1301.05895
G1 X122.036 Y126.907 E1301.07316
G1 X122.442 Y126.724 E1301.08798
G1 X122.921 Y126.621 E1301.10427
G1 X123.349 Y126.623 E1301.11851
G1 X123.76 Y126.709 E1301.13247
G1 X124.19 Y126.891 E1301.148
G1 X124.535 Y127.144 E1301.16223
G1 X124.84 Y127.477 E1301.17725
G1 X125.074 Y127.874 E1301.19258
G1 X125.215 Y128.299 E1301.20747
G1 X125.263 Y128.745 E1301.22239
G1 X125.22 Y129.194 E1301.23739
G1 X125.079 Y129.617 E1301.25222
G1 X124.857 Y130.008 E1301.26718
G1 X124.551 Y130.341 E1301.28222
G1 X124.198 Y130.601 E1301.2968
G1 X123.786 Y130.786 E1301.31182
G1 X123.349 Y130.876 E1301.32666
G1 X122.899 Y130.876 E1301.34163
M204 S2000
G1 F2400 E1300.54163
G0 F9000 X122.836 Y131.171
G0 X121.936 Y130.813
G0 X121.532 Y130.52
G0 X121.198 Y130.15
G0 X120.949 Y129.718
G0 X120.795 Y129.244
G0 X120.766 Y128.964
G0 X122.836 Y94.42
G0 X122.899 Y94.125
M204 S500
G1 F2400 E1301.34163
G1 F1800 X122.481 Y94.037 E1301.35584
G1 X122.036 Y93.841 E1301.37201
G1 X121.676 Y93.574 E1301.38692
G1 X121.388 Y93.25 E1301.40134
G1 X121.16 Y92.848 E1301.41671
G1 X121.03 Y92.443 E1301.43085
G1 X120.984 Y91.995 E1301.44583
G1 X121.03 Y91.553 E1301.46061
G1 X121.163 Y91.132 E1301.4753
G1 X121.392 Y90.741 E1301.49037
G1 X121.691 Y90.404 E1301.50535
G1 X122.055 Y90.14 E1301.52031
G1 X122.463 Y89.962 E1301.53512
G1 X122.897 Y89.868 E1301.54988
G1 X123.351 Y89.868 E1301.56499
G1 X123.785 Y89.962 E1301.57975
G1 X124.195 Y90.141 E1301.59463
G1 X124.552 Y90.403 E1301.60936
G1 X124.86 Y90.745 E1301.62467
G1 X125.082 Y91.137 E1301.63965
G1 X125.218 Y91.554 E1301.65424
G1 X125.264 Y91.998 E1301.66909
G1 X125.215 Y92.444 E1301.68401
G1 X125.074 Y92.875 E1301.6991
G1 X124.865 Y93.237 E1301.713
G1 X124.535 Y93.604 E1301.72941
G1 X124.195 Y93.855 E1301.74347
G1 X123.76 Y94.039 E1301.75918
G1 X123.327 Y94.127 E1301.77387
G1 X122.899 Y94.125 E1301.78811
M204 S2000
G0 F9000 X122.921 Y93.724
M204 S500
;TYPE:WALL-OUTER
G1 F1800 X122.585 Y93.651 E1301.79955
G1 X122.261 Y93.509 E1301.81131
G1 X121.956 Y93.288 E1301.82384
G1 X121.724 Y93.027 E1301.83545
G1 X121.53 Y92.696 E1301.84822
G1 X121.424 Y92.358 E1301.86
G1 X121.388 Y91.98 E1301.87263
G1 X121.429 Y91.619 E1301.88471
G1 X121.543 Y91.274 E1301.8968
G1 X121.707 Y90.994 E1301.90759
G1 X121.978 Y90.689 E1301.92116
G1 X122.238 Y90.501 E1301.93183
G1 X122.567 Y90.352 E1301.94384
G1 X122.929 Y90.27 E1301.95619
G1 X123.327 Y90.272 E1301.96942
G1 X123.681 Y90.352 E1301.9815
G1 X124.011 Y90.502 E1301.99355
G1 X124.267 Y90.69 E1302.00412
G1 X124.542 Y90.996 E1302.0178
G1 X124.719 Y91.313 E1302.02988
G1 X124.827 Y91.66 E1302.04196
G1 X124.86 Y91.98 E1302.05266
G1 X124.828 Y92.337 E1302.06458
G1 X124.702 Y92.725 E1302.07815
G1 X124.534 Y93.013 E1302.08924
G1 X124.277 Y93.298 E1302.10201
G1 X123.973 Y93.516 E1302.11445
G1 X123.663 Y93.651 E1302.12569
G1 X123.299 Y93.728 E1302.13807
G1 X122.921 Y93.724 E1302.15064
M204 S2000
G1 F2400 E1301.35064
G0 F9000 X122.775 Y94.408
G0 X120.744 Y128.75
G0 X120.795 Y129.244
G0 X120.949 Y129.718
G0 X121.198 Y130.15
G0 X121.532 Y130.52
G0 X121.86 Y130.758
G0 X122.778 Y131.158
G0 X122.924 Y130.473
M204 S500
G1 F2400 E1302.15064
G1 F1800 X122.565 Y130.395 E1302.16286
G1 X122.238 Y130.243 E1302.17485
G1 X121.978 Y130.055 E1302.18553
G1 X121.708 Y129.751 E1302.19905
G1 X121.525 Y129.433 E1302.21125
G1 X121.42 Y129.088 E1302.22325
G1 X121.389 Y128.728 E1302.23526
G1 X121.42 Y128.408 E1302.24596
G1 X121.531 Y128.047 E1302.25852
G1 X121.715 Y127.733 E1302.27062
G1 X121.969 Y127.448 E1302.28332
G1 X122.275 Y127.232 E1302.29578
G1 X122.592 Y127.095 E1302.30727
G1 X122.949 Y127.02 E1302.3194
G1 X123.327 Y127.024 E1302.33197
G1 X123.663 Y127.097 E1302.34341
G1 X123.992 Y127.242 E1302.35537
G1 X124.277 Y127.45 E1302.3671
G1 X124.526 Y127.724 E1302.37941
G1 X124.71 Y128.04 E1302.39158
G1 X124.824 Y128.385 E1302.40366
G1 X124.859 Y128.728 E1302.41513
G1 X124.819 Y129.131 E1302.4286
G1 X124.702 Y129.472 E1302.44059
G1 X124.516 Y129.788 E1302.45279
G1 X124.267 Y130.054 E1302.4649
G1 X123.975 Y130.263 E1302.47685
G1 X123.683 Y130.395 E1302.48751
G1 X123.319 Y130.473 E1302.49989
G1 X122.924 Y130.473 E1302.51303
M204 S2000
G1 F2400 E1301.71303
G0 F9000 X122.778 Y131.158
G0 X110.001 Y132.664
G0 X110 Y133.362
M204 S500
G1 F2400 E1302.51303
G1 F1800 X143.474 Y133.364 E1303.62637
G1 X143.781 Y133.297 E1303.63683
G1 X144.029 Y133.173 E1303.64605
G1 X144.253 Y133.001 E1303.65544
G1 X144.43 Y132.769 E1303.66515
G1 X144.561 Y132.469 E1303.67603
G1 X144.612 Y132.113 E1303.688
G1 X144.612 Y87.78 E1305.16252
G1 X144.559 Y87.516 E1305.17147
G1 X144.409 Y87.169 E1305.18405
G1 X144.16 Y86.92 E1305.19576
G1 X143.736 Y86.689 E1305.21182
G1 X143.472 Y86.636 E1305.22077
G1 X76.564 Y86.64 E1307.44614
G1 X76.277 Y86.686 E1307.45581
G1 X75.975 Y86.818 E1307.46677
G1 X75.743 Y86.995 E1307.47648
G1 X75.575 Y87.215 E1307.48569
G1 X75.447 Y87.468 E1307.49512
G1 X75.392 Y87.722 E1307.50376
G1 X75.385 Y132.223 E1308.98387
G1 X75.447 Y132.53 E1308.99429
G1 X75.571 Y132.777 E1309.00348
G1 X75.743 Y133 E1309.01285
G1 X75.978 Y133.178 E1309.02265
G1 X76.276 Y133.309 E1309.03348
G1 X76.634 Y133.36 E1309.04551
G1 X110 Y133.362 E1310.15526
M204 S2000
G1 F2400 E1309.35526
G0 F9000 X110.001 Y132.664
G0 X80.465 Y131.034
G0 X80.183 Y130.395
M204 S500
G1 F2400 E1310.15526
G1 F1800 X79.819 Y130.473 E1310.16764
G1 X79.424 Y130.473 E1310.18078
G1 X79.065 Y130.395 E1310.193
G1 X78.738 Y130.243 E1310.20499
G1 X78.467 Y130.046 E1310.21614
G1 X78.207 Y129.754 E1310.22914
G1 X78.025 Y129.433 E1310.24142
G1 X77.922 Y129.103 E1310.25291
G1 X77.884 Y128.748 E1310.26479
G1 X77.929 Y128.367 E1310.27755
G1 X78.044 Y128.021 E1310.28968
G1 X78.23 Y127.715 E1310.30159
G1 X78.478 Y127.441 E1310.31388
G1 X78.738 Y127.253 E1310.32455
G1 X79.067 Y127.104 E1310.33656
G1 X79.421 Y127.024 E1310.34863
G1 X79.827 Y127.024 E1310.36214
G1 X80.181 Y127.104 E1310.37421
G1 X80.511 Y127.254 E1310.38626
G1 X80.777 Y127.45 E1310.39725
G1 X81.029 Y127.728 E1310.40973
G1 X81.202 Y128.023 E1310.42111
G1 X81.324 Y128.385 E1310.43381
G1 X81.359 Y128.768 E1310.4466
G1 X81.328 Y129.088 E1310.4573
G1 X81.202 Y129.473 E1310.47077
G1 X81.017 Y129.782 E1310.48275
G1 X80.767 Y130.054 E1310.49504
G1 X80.475 Y130.263 E1310.50698
G1 X80.183 Y130.395 E1310.51764
M204 S2000
G1 F2400 E1309.71764
G0 F9000 X80.465 Y131.034
G0 X81.218 Y130.52
G0 X81.552 Y130.15
G0 X81.801 Y129.718
G0 X81.955 Y129.244
G0 X81.984 Y128.964
G0 X80.464 Y94.285
G0 X80.181 Y93.644
M204 S500
G1 F2400 E1310.51764
G1 F1800 X79.827 Y93.724 E1310.52971
G1 X79.421 Y93.724 E1310.54321
G1 X79.067 Y93.644 E1310.55528
G1 X78.738 Y93.495 E1310.5673
G1 X78.478 Y93.307 E1310.57797
G1 X78.208 Y93.003 E1310.59149
G1 X78.025 Y92.684 E1310.60372
G1 X77.922 Y92.351 E1310.61532
G1 X77.884 Y92 E1310.62706
G1 X77.929 Y91.619 E1310.63982
G1 X78.043 Y91.274 E1310.6519
G1 X78.207 Y90.994 E1310.6627
G1 X78.478 Y90.689 E1310.67627
G1 X78.775 Y90.48 E1310.68835
G1 X79.105 Y90.34 E1310.70027
G1 X79.429 Y90.27 E1310.71129
G1 X79.827 Y90.272 E1310.72453
G1 X80.181 Y90.352 E1310.7366
G1 X80.511 Y90.502 E1310.74866
G1 X80.767 Y90.69 E1310.75922
G1 X81.042 Y90.996 E1310.77291
G1 X81.219 Y91.313 E1310.78498
G1 X81.327 Y91.66 E1310.79707
G1 X81.36 Y91.98 E1310.80777
G1 X81.324 Y92.359 E1310.82043
G1 X81.219 Y92.683 E1310.83176
G1 X81.036 Y93.01 E1310.84422
G1 X80.784 Y93.292 E1310.8568
G1 X80.5 Y93.501 E1310.86853
G1 X80.181 Y93.644 E1310.88016
M204 S2000
G0 F9000 X80.845 Y93.842
M204 S500
;TYPE:FILL
G1 F3600 X105.941 Y87.118 E1311.74429
M204 S2000
G0 F9000 X105.288 Y87.118
M204 S500
G1 F3600 X144.132 Y125.962 E1313.5714
M204 S2000
G0 F9000 X144.132 Y126.578
M204 S500
G1 F3600 X120.602 Y132.883 E1314.38162
M204 S2000
G0 F9000 X120.603 Y132.664
G0 X121.626 Y132.664
G0 X121.625 Y132.883
M204 S500
G1 F3600 X122.195 Y130.756 E1314.45486
M204 S2000
G0 F9000 X122.107 Y130.955
G0 X122.73 Y131.087
G0 X123.661 Y131.119
G0 X123.616 Y130.902
M204 S500
G1 F3600 X125.596 Y132.882 E1314.54799
M204 S2000
G0 F9000 X125.597 Y132.664
G0 X127.837 Y132.664
G0 X127.836 Y132.883
M204 S500
G1 F3600 X140.1 Y87.115 E1316.12394
M204 S2000
G0 F9000 X139.228 Y87.117
M204 S500
G1 F3600 X144.132 Y92.021 E1316.35461
M204 S2000
G0 F9000 X143.915 Y92.02
G0 X143.915 Y89.307
G0 X144.131 Y89.308
M204 S500
G1 F3600 X75.869 Y107.599 E1318.70511
M204 S2000
G0 F9000 X76.09 Y107.6
G0 X76.09 Y108.611
G0 X75.868 Y108.61
M204 S500
G1 F3600 X100.139 Y132.881 E1319.84674
M204 S2000
G0 F9000 X100.14 Y132.664
G0 X97.427 Y132.664
G0 X97.426 Y132.881
M204 S500
G1 F3600 X144.131 Y120.366 E1321.45496
M204 S2000
G0 F9000 X143.914 Y120.365
G0 X143.914 Y118.43
G0 X144.132 Y118.431
M204 S500
G1 F3600 X140.259 Y132.884 E1321.95263
M204 S2000
G0 F9000 X140.26 Y132.664
G0 X142.569 Y132.664
G0 X142.568 Y132.883
M204 S500
G1 F3600 X96.804 Y87.119 E1324.10523
G1 X96.617 Y87.119
G1 X84.355 Y132.881 E1325.68097
M204 S2000
G0 F9000 X84.356 Y132.664
G0 X83.169 Y132.664
G0 X83.168 Y132.88
M204 S500
G1 F3600 X80.865 Y130.577 E1325.7893
M204 S2000
G0 F9000 X80.994 Y130.758
G0 X80.36 Y131.015
G0 X79.874 Y131.118
G0 X79.592 Y131.118
G0 X78.622 Y130.962
G0 X78.711 Y130.762
M204 S500
G1 F3600 X78.144 Y132.88 E1325.86222
M204 S2000
G0 F9000 X78.145 Y132.664
G0 X76.132 Y132.331
G0 X75.936 Y132.428
M204 S500
G1 F3600 X144.132 Y114.155 E1328.21044
M204 S2000
G0 F9000 X143.914 Y114.154
G0 X143.914 Y117.476
G0 X144.132 Y117.477
M204 S500
G1 F3600 X113.773 Y87.118 E1329.63844
M204 S2000
G0 F9000 X113.773 Y87.338
G0 X115.253 Y87.338
G0 X115.253 Y87.117
M204 S500
G1 F3600 X102.99 Y132.882 E1331.21429
M204 S2000
G0 F9000 X102.991 Y132.664
G0 X108.626 Y132.664
G0 X108.625 Y132.882
M204 S500
G1 F3600 X75.87 Y100.126 E1332.755
M204 S2000
G0 F9000 X76.092 Y100.127
G0 X76.092 Y101.388
G0 X75.87 Y101.387
M204 S500
G1 F3600 X129.127 Y87.117 E1334.58882
M204 S2000
G0 F9000 X129.127 Y87.337
G0 X127.676 Y87.337
G0 X127.676 Y87.116
M204 S500
G1 F3600 X115.413 Y132.883 E1336.16474
M204 S2000
G0 F9000 X115.414 Y132.664
G0 X117.112 Y132.664
G0 X117.111 Y132.882
M204 S500
G1 F3600 X75.871 Y91.642 E1338.10454
M204 S2000
G0 F9000 X76.094 Y91.643
G0 X76.094 Y88.964
G0 X75.873 Y88.963
M204 S500
G1 F3600 X82.754 Y87.119 E1338.34148
M204 S2000
G0 F9000 X82.754 Y87.34
G0 X84.194 Y87.34
G0 X84.194 Y87.119
M204 S500
G1 F3600 X75.867 Y118.193 E1339.41147
M204 S2000
G0 F9000 X76.088 Y118.194
G0 X76.089 Y117.096
G0 X75.868 Y117.095
M204 S500
G1 F3600 X91.654 Y132.881 E1340.15399
M204 S2000
G0 F9000 X91.655 Y132.664
G0 X90.568 Y132.664
G0 X90.567 Y132.881
M204 S500
G1 F3600 X102.829 Y87.118 E1341.72977
M204 S2000
G0 F9000 X102.829 Y87.339
G0 X109.041 Y87.339
G0 X109.041 Y87.117
M204 S500
G1 F3600 X96.778 Y132.882 E1343.30562
M204 S2000
G0 F9000 X96.779 Y132.664
G0 X109.202 Y132.664
G0 X109.201 Y132.882
M204 S500
G1 F3600 X121.464 Y87.117 E1344.88147
M204 S2000
G0 F9000 X122.258 Y87.118
M204 S500
G1 F3600 X144.132 Y108.991 E1345.91033
M204 S2000
G0 F9000 X143.915 Y108.99
G0 X143.915 Y107.942
G0 X144.131 Y107.943
M204 S500
G1 F3600 X75.866 Y126.235 E1348.26093
M204 S2000
G0 F9000 X75.866 Y125.579
M204 S500
G1 F3600 X77.792 Y127.505 E1348.35152
M204 S2000
G0 F9000 X77.603 Y127.396
G0 X78.032 Y126.98
G0 X78.436 Y126.687
G0 X78.804 Y126.523
G0 X79.842 Y126.321
G0 X79.842 Y126.541
M204 S500
G1 F3600 X90.405 Y87.119 E1349.70896
M204 S2000
G0 F9000 X90.405 Y87.34
G0 X88.319 Y87.34
G0 X88.319 Y87.12
M204 S500
G1 F3600 X134.082 Y132.883 E1351.86151
G1 X134.048 Y132.884
G1 X144.132 Y95.25 E1353.15738
M204 S2000
G0 F9000 X144.132 Y95.52
M204 S500
G1 F3600 X75.869 Y113.811 E1355.5079
M204 S2000
G0 F9000 X76.089 Y113.812
G0 X76.088 Y120.024
G0 X75.867 Y120.023
M204 S500
G1 F3600 X144.131 Y101.732 E1357.85847
M204 S2000
G0 F9000 X143.915 Y101.731
G0 X143.915 Y100.505
G0 X144.132 Y100.506
M204 S500
G1 F3600 X130.743 Y87.117 E1358.48824
M204 S2000
G0 F9000 X130.743 Y87.337
G0 X133.888 Y87.337
G0 X133.888 Y87.116
M204 S500
G1 F3600 X123.324 Y126.54 E1359.84575
M204 S2000
G0 F9000 X123.324 Y126.321
G0 X122.39 Y126.485
G0 X121.936 Y126.687
G0 X121.532 Y126.98
G0 X121.261 Y127.28
G0 X120.755 Y128.185
G0 X120.967 Y128.253
M204 S500
G1 F3600 X79.834 Y87.12 E1361.78052
M204 S2000
G0 F9000 X79.834 Y87.34
G0 X77.982 Y87.34
G0 X77.982 Y87.12
M204 S500
G1 F3600 X75.871 Y94.999 E1362.05182
G1 X75.871 Y95.175
G1 X79.481 Y94.208 E1362.17612
M204 S2000
G0 F9000 X79.481 Y94.729
;MESH:NONMESH
G0 F300 X79.481 Y94.729 Z1.4
G0 F9000 X80.411 Y94.308
G0 X80.289 Y94.03
;TIME_ELAPSED:1605.517486
;LAYER:6
M204 S500
;TYPE:WALL-INNER
;MESH:raspberry pi 4 B bottom part case.stl
G1 F1800 X79.853 Y94.128 E1362.19098
G1 X79.397 Y94.128 E1362.20615
G1 X78.963 Y94.034 E1362.22092
G1 X78.555 Y93.856 E1362.23573
G1 X78.19 Y93.592 E1362.25071
G1 X77.894 Y93.257 E1362.26558
G1 X77.662 Y92.867 E1362.28067
G1 X77.529 Y92.42 E1362.29618
G1 X77.484 Y92 E1362.31023
G1 X77.528 Y91.558 E1362.325
G1 X77.663 Y91.132 E1362.33987
G1 X77.892 Y90.741 E1362.35494
G1 X78.191 Y90.404 E1362.36992
G1 X78.554 Y90.141 E1362.38483
G1 X78.964 Y89.961 E1362.39973
G1 X79.402 Y89.868 E1362.41462
G1 X79.851 Y89.868 E1362.42955
G1 X80.285 Y89.962 E1362.44432
G1 X80.695 Y90.141 E1362.4592
G1 X81.052 Y90.403 E1362.47393
G1 X81.357 Y90.741 E1362.48907
G1 X81.579 Y91.131 E1362.504
G1 X81.72 Y91.558 E1362.51895
G1 X81.764 Y91.998 E1362.53366
G1 X81.715 Y92.445 E1362.54862
G1 X81.583 Y92.85 E1362.56279
G1 X81.351 Y93.258 E1362.5784
G1 X81.054 Y93.587 E1362.59314
G1 X80.689 Y93.858 E1362.60826
G1 X80.289 Y94.03 E1362.62274
M204 S2000
G1 F2400 E1361.82274
G0 F9000 X80.411 Y94.308
G0 X82.006 Y128.75
G0 X81.955 Y129.244
G0 X81.801 Y129.718
G0 X81.552 Y130.15
G0 X81.251 Y130.483
G0 X80.344 Y131.08
G0 X80.283 Y130.788
M204 S500
G1 F2400 E1362.62274
G1 F1800 X79.848 Y130.876 E1362.6375
G1 X79.398 Y130.876 E1362.65247
G1 X78.964 Y130.788 E1362.6672
G1 X78.551 Y130.601 E1362.68228
G1 X78.209 Y130.352 E1362.69635
G1 X77.894 Y130.011 E1362.71179
G1 X77.663 Y129.616 E1362.72701
G1 X77.528 Y129.19 E1362.74187
G1 X77.484 Y128.748 E1362.75664
G1 X77.528 Y128.306 E1362.77142
G1 X77.663 Y127.878 E1362.78634
G1 X77.894 Y127.491 E1362.80133
G1 X78.19 Y127.156 E1362.8162
G1 X78.555 Y126.892 E1362.83118
G1 X78.963 Y126.714 E1362.84599
G1 X79.397 Y126.62 E1362.86076
G1 X79.853 Y126.62 E1362.87593
G1 X80.289 Y126.718 E1362.89079
G1 X80.678 Y126.888 E1362.90491
G1 X81.059 Y127.166 E1362.9206
G1 X81.369 Y127.516 E1362.93615
G1 X81.574 Y127.874 E1362.94987
G1 X81.715 Y128.299 E1362.96476
G1 X81.764 Y128.751 E1362.97988
G1 X81.72 Y129.189 E1362.99452
G1 X81.58 Y129.617 E1363.0095
G1 X81.358 Y130.002 E1363.02428
G1 X81.052 Y130.341 E1363.03947
G1 X80.698 Y130.601 E1363.05408
G1 X80.283 Y130.788 E1363.06922
M204 S2000
G1 F2400 E1362.26922
G0 F9000 X80.344 Y131.08
G0 X110.001 Y132.705
G0 X110 Y133.002
M204 S500
G1 F2400 E1363.06922
G1 F1800 X143.417 Y133.004 E1364.18067
G1 X143.795 Y132.891 E1364.1938
G1 X144.082 Y132.641 E1364.20646
G1 X144.212 Y132.408 E1364.21533
G1 X144.252 Y132.163 E1364.22359
G1 X144.252 Y87.788 E1365.69951
G1 X144.208 Y87.585 E1365.70641
G1 X143.998 Y87.25 E1365.71956
G1 X143.663 Y87.039 E1365.73273
G1 X143.454 Y86.992 E1365.73986
G1 X76.547 Y86.992 E1367.96519
G1 X76.281 Y87.067 E1367.97439
G1 X75.958 Y87.302 E1367.98767
G1 X75.776 Y87.642 E1368.0005
G1 X75.744 Y87.827 E1368.00674
G1 X75.744 Y132.165 E1369.48143
G1 X75.856 Y132.546 E1369.49464
G1 X76.108 Y132.831 E1369.50729
G1 X76.34 Y132.963 E1369.51617
G1 X76.578 Y133 E1369.52418
G1 X110 Y133.002 E1370.6358
M204 S2000
G0 F9000 X110.001 Y132.705
G0 X122.904 Y131.179
G0 X122.904 Y130.876
M204 S500
G1 F1800 X122.465 Y130.789 E1370.65069
G1 X122.052 Y130.602 E1370.66576
G1 X121.69 Y130.34 E1370.68063
G1 X121.394 Y130.005 E1370.6955
G1 X121.163 Y129.617 E1370.71051
G1 X121.028 Y129.188 E1370.72547
G1 X120.985 Y128.744 E1370.74031
G1 X121.033 Y128.303 E1370.75506
G1 X121.161 Y127.885 E1370.7696
G1 X121.409 Y127.475 E1370.78554
G1 X121.678 Y127.172 E1370.79902
G1 X122.036 Y126.907 E1370.81383
G1 X122.442 Y126.724 E1370.82864
G1 X122.921 Y126.621 E1370.84494
G1 X123.349 Y126.623 E1370.85918
G1 X123.761 Y126.709 E1370.87317
G1 X124.191 Y126.891 E1370.8887
G1 X124.535 Y127.144 E1370.90291
G1 X124.84 Y127.477 E1370.91793
G1 X125.075 Y127.875 E1370.9333
G1 X125.215 Y128.299 E1370.94815
G1 X125.264 Y128.751 E1370.96327
G1 X125.22 Y129.189 E1370.97791
G1 X125.082 Y129.612 E1370.99271
G1 X124.854 Y130.011 E1371.008
G1 X124.551 Y130.341 E1371.0229
G1 X124.198 Y130.601 E1371.03748
G1 X123.783 Y130.788 E1371.05262
G1 X123.348 Y130.876 E1371.06738
G1 X122.904 Y130.876 E1371.08215
M204 S2000
G1 F2400 E1370.28215
G0 F9000 X122.904 Y131.179
G0 X121.936 Y130.813
G0 X121.532 Y130.52
G0 X121.198 Y130.15
G0 X120.949 Y129.718
G0 X120.795 Y129.244
G0 X120.766 Y128.964
G0 X122.836 Y94.42
G0 X122.899 Y94.125
M204 S500
G1 F2400 E1371.08215
G1 F1800 X122.481 Y94.037 E1371.09635
G1 X122.036 Y93.841 E1371.11253
G1 X121.675 Y93.573 E1371.12748
G1 X121.388 Y93.25 E1371.14185
G1 X121.16 Y92.848 E1371.15722
G1 X121.03 Y92.443 E1371.17137
G1 X120.984 Y91.996 E1371.18632
G1 X121.028 Y91.558 E1371.20096
G1 X121.163 Y91.132 E1371.21582
G1 X121.392 Y90.741 E1371.23089
G1 X121.691 Y90.404 E1371.24588
G1 X122.054 Y90.141 E1371.26079
G1 X122.464 Y89.961 E1371.27568
G1 X122.902 Y89.868 E1371.29057
G1 X123.351 Y89.868 E1371.30551
G1 X123.785 Y89.962 E1371.32028
G1 X124.195 Y90.141 E1371.33515
G1 X124.552 Y90.403 E1371.34988
G1 X124.857 Y90.741 E1371.36503
G1 X125.079 Y91.131 E1371.37995
G1 X125.22 Y91.558 E1371.39491
G1 X125.264 Y91.999 E1371.40965
G1 X125.215 Y92.444 E1371.42454
G1 X125.075 Y92.873 E1371.43955
G1 X124.865 Y93.237 E1371.45352
G1 X124.535 Y93.604 E1371.46994
G1 X124.195 Y93.855 E1371.484
G1 X123.761 Y94.039 E1371.49967
G1 X123.327 Y94.127 E1371.5144
G1 X122.899 Y94.125 E1371.52864
M204 S2000
G0 F9000 X122.921 Y93.724
M204 S500
;TYPE:WALL-OUTER
G1 F1800 X122.585 Y93.651 E1371.54008
G1 X122.261 Y93.509 E1371.55184
G1 X121.961 Y93.293 E1371.56414
G1 X121.724 Y93.027 E1371.57599
G1 X121.53 Y92.696 E1371.58875
G1 X121.424 Y92.358 E1371.60053
G1 X121.388 Y91.98 E1371.61316
G1 X121.42 Y91.66 E1371.62385
G1 X121.543 Y91.274 E1371.63733
G1 X121.707 Y90.994 E1371.64812
G1 X121.978 Y90.689 E1371.66169
G1 X122.238 Y90.501 E1371.67236
G1 X122.567 Y90.352 E1371.68437
G1 X122.929 Y90.271 E1371.69671
G1 X123.327 Y90.272 E1371.70995
G1 X123.681 Y90.352 E1371.72202
G1 X124.011 Y90.502 E1371.73408
G1 X124.267 Y90.69 E1371.74464
G1 X124.542 Y90.996 E1371.75833
G1 X124.718 Y91.313 E1371.77038
G1 X124.828 Y91.66 E1371.78249
G1 X124.86 Y91.98 E1371.79319
G1 X124.824 Y92.359 E1371.80585
G1 X124.711 Y92.707 E1371.81802
G1 X124.534 Y93.013 E1371.82978
G1 X124.277 Y93.298 E1371.84254
G1 X123.973 Y93.516 E1371.85498
G1 X123.663 Y93.651 E1371.86623
G1 X123.299 Y93.728 E1371.8786
G1 X122.921 Y93.724 E1371.89118
M204 S2000
G1 F2400 E1371.09118
G0 F9000 X122.775 Y94.408
G0 X120.744 Y128.75
G0 X120.795 Y129.244
G0 X120.949 Y129.718
G0 X121.198 Y130.15
G0 X121.532 Y130.52
G0 X121.86 Y130.758
G0 X122.778 Y131.158
G0 X122.924 Y130.472
M204 S500
G1 F2400 E1371.89118
G1 F1800 X122.565 Y130.395 E1371.90339
G1 X122.238 Y130.243 E1371.91538
G1 X121.978 Y130.055 E1371.92605
G1 X121.708 Y129.751 E1371.93958
G1 X121.525 Y129.433 E1371.95178
G1 X121.42 Y129.088 E1371.96378
G1 X121.389 Y128.728 E1371.97579
G1 X121.424 Y128.386 E1371.98723
G1 X121.531 Y128.047 E1371.99905
G1 X121.715 Y127.733 E1372.01116
G1 X121.969 Y127.448 E1372.02385
G1 X122.275 Y127.232 E1372.03631
G1 X122.592 Y127.095 E1372.0478
G1 X122.949 Y127.02 E1372.05993
G1 X123.327 Y127.024 E1372.0725
G1 X123.663 Y127.097 E1372.08394
G1 X123.992 Y127.242 E1372.0959
G1 X124.277 Y127.45 E1372.10763
G1 X124.526 Y127.724 E1372.11995
G1 X124.711 Y128.041 E1372.13215
G1 X124.824 Y128.385 E1372.1442
G1 X124.86 Y128.768 E1372.15699
G1 X124.828 Y129.088 E1372.16769
G1 X124.719 Y129.435 E1372.17979
G1 X124.516 Y129.788 E1372.19333
G1 X124.267 Y130.054 E1372.20545
G1 X123.975 Y130.263 E1372.21739
G1 X123.64 Y130.409 E1372.22955
G1 X123.319 Y130.474 E1372.24044
G1 X122.924 Y130.472 E1372.25358
M204 S2000
G1 F2400 E1371.45358
G0 F9000 X122.778 Y131.158
G0 X110.001 Y132.705
G0 X110 Y133.402
M204 S500
G1 F2400 E1372.25358
G1 F1800 X143.453 Y133.404 E1373.36623
G1 X143.719 Y133.354 E1373.37523
G1 X143.985 Y133.246 E1373.38478
G1 X144.208 Y133.095 E1373.39374
G1 X144.408 Y132.877 E1373.40358
G1 X144.596 Y132.541 E1373.41638
G1 X144.652 Y132.195 E1373.42804
G1 X144.652 Y87.746 E1374.90642
G1 X144.589 Y87.454 E1374.91636
G1 X144.48 Y87.228 E1374.9247
G1 X144.284 Y86.964 E1374.93564
G1 X144.019 Y86.768 E1374.9466
G1 X143.797 Y86.659 E1374.95483
G1 X143.498 Y86.592 E1374.96502
G1 X76.492 Y86.592 E1377.19365
G1 X76.126 Y86.695 E1377.20629
G1 X75.871 Y86.839 E1377.21603
G1 X75.653 Y87.04 E1377.22589
G1 X75.501 Y87.264 E1377.2349
G1 X75.39 Y87.529 E1377.24445
G1 X75.344 Y87.793 E1377.25337
G1 X75.344 Y132.201 E1378.73038
G1 X75.394 Y132.468 E1378.73942
G1 X75.502 Y132.736 E1378.74903
G1 X75.653 Y132.956 E1378.7579
G1 X75.871 Y133.157 E1378.76776
G1 X76.207 Y133.347 E1378.7806
G1 X76.548 Y133.4 E1378.79208
G1 X110 Y133.402 E1379.9047
M204 S2000
G1 F2400 E1379.1047
G0 F9000 X110.001 Y132.705
G0 X80.284 Y131.092
G0 X80.14 Y130.409
M204 S500
G1 F2400 E1379.9047
G1 F1800 X79.819 Y130.474 E1379.91559
G1 X79.424 Y130.473 E1379.92873
G1 X79.065 Y130.395 E1379.94095
G1 X78.738 Y130.243 E1379.95294
G1 X78.467 Y130.046 E1379.96409
G1 X78.207 Y129.754 E1379.97709
G1 X78.025 Y129.433 E1379.98936
G1 X77.921 Y129.091 E1380.00125
G1 X77.884 Y128.748 E1380.01273
G1 X77.929 Y128.367 E1380.02549
G1 X78.044 Y128.021 E1380.03761
G1 X78.23 Y127.715 E1380.04952
G1 X78.478 Y127.441 E1380.06182
G1 X78.738 Y127.253 E1380.07249
G1 X79.067 Y127.104 E1380.0845
G1 X79.421 Y127.024 E1380.09657
G1 X79.827 Y127.024 E1380.11007
G1 X80.181 Y127.104 E1380.12215
G1 X80.511 Y127.254 E1380.1342
G1 X80.777 Y127.45 E1380.14519
G1 X81.029 Y127.728 E1380.15767
G1 X81.202 Y128.023 E1380.16905
G1 X81.324 Y128.385 E1380.18175
G1 X81.36 Y128.768 E1380.19455
G1 X81.328 Y129.088 E1380.20524
G1 X81.219 Y129.435 E1380.21734
G1 X81.042 Y129.749 E1380.22933
G1 X80.767 Y130.054 E1380.24299
G1 X80.475 Y130.263 E1380.25493
G1 X80.14 Y130.409 E1380.26709
M204 S2000
G1 F2400 E1379.46709
G0 F9000 X80.284 Y131.092
G0 X80.814 Y130.813
G0 X81.218 Y130.52
G0 X81.552 Y130.15
G0 X81.801 Y129.718
G0 X81.955 Y129.244
G0 X81.984 Y128.964
G0 X80.464 Y94.285
G0 X80.181 Y93.644
M204 S500
G1 F2400 E1380.26709
G1 F1800 X79.827 Y93.724 E1380.27916
G1 X79.421 Y93.724 E1380.29266
G1 X79.067 Y93.644 E1380.30473
G1 X78.738 Y93.495 E1380.31674
G1 X78.478 Y93.307 E1380.32741
G1 X78.208 Y93.003 E1380.34094
G1 X78.025 Y92.684 E1380.35317
G1 X77.921 Y92.339 E1380.36515
G1 X77.884 Y92 E1380.3765
G1 X77.929 Y91.619 E1380.38926
G1 X78.043 Y91.274 E1380.40134
G1 X78.207 Y90.994 E1380.41213
G1 X78.478 Y90.689 E1380.4257
G1 X78.738 Y90.501 E1380.43638
G1 X79.067 Y90.352 E1380.44839
G1 X79.429 Y90.271 E1380.46073
G1 X79.827 Y90.272 E1380.47396
G1 X80.181 Y90.352 E1380.48604
G1 X80.511 Y90.502 E1380.49809
G1 X80.767 Y90.69 E1380.50866
G1 X81.042 Y90.996 E1380.52234
G1 X81.218 Y91.313 E1380.5344
G1 X81.328 Y91.66 E1380.54651
G1 X81.36 Y91.98 E1380.5572
G1 X81.324 Y92.359 E1380.56986
G1 X81.208 Y92.709 E1380.58213
G1 X81.036 Y93.01 E1380.59366
G1 X80.784 Y93.292 E1380.60624
G1 X80.5 Y93.501 E1380.61797
G1 X80.181 Y93.644 E1380.62959
M204 S2000
G0 F9000 X80.464 Y94.285
G0 X76.045 Y94.626
G0 X75.825 Y94.626
M204 S500
;TYPE:FILL
G1 F3600 X77.849 Y87.072 E1380.8897
M204 S2000
G0 F9000 X77.849 Y87.294
G0 X79.985 Y87.294
G0 X79.985 Y87.072
M204 S500
G1 F3600 X121.014 Y128.101 E1382.81958
M204 S2000
G0 F9000 X120.804 Y128.033
G0 X121.198 Y127.35
G0 X121.532 Y126.98
G0 X121.936 Y126.687
G0 X122.194 Y126.572
G0 X123.178 Y126.321
G0 X123.178 Y126.541
M204 S500
G1 F3600 X133.754 Y87.072 E1384.17864
M204 S2000
G0 F9000 X133.754 Y87.294
G0 X130.897 Y87.294
G0 X130.897 Y87.072
M204 S500
G1 F3600 X144.172 Y100.347 E1384.80305
M204 S2000
G0 F9000 X143.955 Y100.346
G0 X143.955 Y101.866
G0 X144.172 Y101.867
M204 S500
G1 F3600 X75.825 Y120.18 E1387.15647
M204 S2000
G0 F9000 X76.045 Y120.18
G0 X76.045 Y117.809
G0 X75.824 Y117.809
M204 S500
G1 F3600 X84.061 Y87.071 E1388.21489
M204 S2000
G0 F9000 X83.473 Y87.072
M204 S500
G1 F3600 X75.824 Y89.122 E1388.47828
M204 S2000
G0 F9000 X76.045 Y89.122
G0 X76.045 Y91.396
G0 X75.824 Y91.396
M204 S500
G1 F3600 X117.351 Y132.923 E1390.43158
M204 S2000
G0 F9000 X117.352 Y132.705
G0 X115.257 Y132.705
G0 X115.256 Y132.923
M204 S500
G1 F3600 X127.542 Y87.071 E1392.01042
M204 S2000
G0 F9000 X127.542 Y87.294
G0 X129.84 Y87.294
G0 X129.84 Y87.072
M204 S500
G1 F3600 X75.825 Y101.545 E1393.87034
M204 S2000
G0 F9000 X76.045 Y101.545
G0 X76.045 Y99.881
G0 X75.824 Y99.881
M204 S500
G1 F3600 X108.865 Y132.922 E1395.42449
G1 X109.045 Y132.922
G1 X121.33 Y87.072 E1397.00325
M204 S2000
G0 F9000 X121.33 Y87.294
G0 X122.411 Y87.294
G0 X122.411 Y87.072
M204 S500
G1 F3600 X144.172 Y108.832 E1398.0268
M204 S2000
G0 F9000 X144.171 Y108.078
M204 S500
G1 F3600 X75.824 Y126.392 E1400.38023
M204 S2000
G0 F9000 X76.045 Y126.392
G0 X76.045 Y125.337
G0 X75.824 Y125.337
M204 S500
G1 F3600 X77.877 Y127.39 E1400.47679
M204 S2000
G0 F9000 X77.714 Y127.243
G0 X78.436 Y126.687
G0 X78.694 Y126.572
G0 X79.696 Y126.321
G0 X79.696 Y126.541
M204 S500
G1 F3600 X90.272 Y87.072 E1401.83585
M204 S2000
G0 F9000 X90.272 Y87.294
G0 X88.47 Y87.294
G0 X88.47 Y87.072
M204 S500
G1 F3600 X134.322 Y132.923 E1403.99256
M204 S2000
G0 F9000 X133.891 Y132.924
M204 S500
G1 F3600 X144.172 Y94.556 E1405.31371
M204 S2000
G0 F9000 X143.955 Y94.555
G0 X143.955 Y95.654
G0 X144.171 Y95.655
M204 S500
G1 F3600 X75.824 Y113.969 E1407.66713
M204 S2000
G0 F9000 X76.045 Y113.969
G0 X76.045 Y116.852
G0 X75.824 Y116.852
M204 S500
G1 F3600 X91.893 Y132.921 E1408.42297
M204 S2000
G0 F9000 X91.894 Y132.704
G0 X90.411 Y132.704
G0 X90.41 Y132.921
M204 S500
G1 F3600 X102.696 Y87.071 E1410.00175
M204 S2000
G0 F9000 X102.696 Y87.294
G0 X105.441 Y87.294
G0 X105.441 Y87.072
M204 S500
G1 F3600 X144.172 Y125.803 E1411.82353
M204 S2000
G0 F9000 X144.171 Y126.713
M204 S500
G1 F3600 X120.997 Y132.923 E1412.6215
M204 S2000
G0 F9000 X121.468 Y132.923
M204 S500
G1 F3600 X122.065 Y130.696 E1412.69818
M204 S2000
G0 F9000 X121.976 Y130.897
G0 X122.786 Y131.096
G0 X123.827 Y131.083
G0 X123.783 Y130.87
M204 S500
G1 F3600 X125.836 Y132.923 E1412.79475
M204 S2000
G0 F9000 X125.837 Y132.705
G0 X127.681 Y132.705
G0 X127.68 Y132.923
M204 S500
G1 F3600 X139.965 Y87.072 E1414.37355
M204 S2000
G0 F9000 X139.382 Y87.072
M204 S500
G1 F3600 X144.172 Y91.862 E1414.59886
M204 S2000
G0 F9000 X143.955 Y91.861
G0 X143.955 Y89.442
G0 X144.171 Y89.443
M204 S500
G1 F3600 X75.824 Y107.757 E1416.95228
M204 S2000
G0 F9000 X75.824 Y108.366
M204 S500
G1 F3600 X100.379 Y132.921 E1418.10728
M204 S2000
G0 F9000 X100.38 Y132.704
G0 X102.834 Y132.704
G0 X102.833 Y132.922
M204 S500
G1 F3600 X115.119 Y87.072 E1419.68605
M204 S2000
G0 F9000 X115.119 Y87.294
G0 X113.926 Y87.294
G0 X113.926 Y87.072
M204 S500
G1 F3600 X144.172 Y117.318 E1421.10873
M204 S2000
G0 F9000 X144.172 Y117.737
M204 S500
G1 F3600 X140.102 Y132.924 E1421.63168
M204 S2000
G0 F9000 X140.103 Y132.705
G0 X142.808 Y132.705
G0 X142.807 Y132.923
M204 S500
G1 F3600 X96.956 Y87.072 E1423.78837
M204 S2000
G0 F9000 X96.484 Y87.072
M204 S500
G1 F3600 X84.199 Y132.92 E1425.36707
M204 S2000
G0 F9000 X83.407 Y132.921
M204 S500
G1 F3600 X80.981 Y130.494 E1425.48121
M204 S2000
G0 F9000 X81.11 Y130.674
G0 X80.36 Y131.015
G0 X79.874 Y131.118
G0 X79.471 Y131.118
G0 X78.492 Y130.904
G0 X78.581 Y130.703
M204 S500
G1 F3600 X77.987 Y132.921 E1425.55758
M204 S2000
G0 F9000 X77.988 Y132.704
G0 X76.149 Y132.445
G0 X75.975 Y132.563
M204 S500
G1 F3600 X144.171 Y114.29 E1427.9058
M204 S2000
G0 F9000 X143.954 Y114.289
G0 X143.954 Y120.501
G0 X144.172 Y120.502
M204 S500
G1 F3600 X97.821 Y132.921 E1429.50182
M204 S2000
G0 F9000 X97.822 Y132.704
G0 X96.623 Y132.704
G0 X96.622 Y132.922
M204 S500
G1 F3600 X108.907 Y87.072 E1431.08059
M204 S2000
G0 F9000 X108.907 Y87.294
G0 X106.657 Y87.294
G0 X106.657 Y87.072
M204 S500
G1 F3600 X75.825 Y95.334 E1432.14224
M204 S2000
G0 F9000 X76.345 Y95.334
;MESH:NONMESH
G0 F300 X76.345 Y95.334 Z1.6
G0 F9000 X80.411 Y94.308
G0 X80.289 Y94.03
;TIME_ELAPSED:1664.316329
;LAYER:7
M204 S500
;TYPE:WALL-INNER
;MESH:raspberry pi 4 B bottom part case.stl
G1 F1800 X79.853 Y94.128 E1432.15711
G1 X79.397 Y94.128 E1432.17227
G1 X78.963 Y94.034 E1432.18704
G1 X78.555 Y93.856 E1432.20185
G1 X78.19 Y93.592 E1432.21683
G1 X77.894 Y93.257 E1432.2317
G1 X77.664 Y92.871 E1432.24664
G1 X77.528 Y92.434 E1432.26187
G1 X77.484 Y92 E1432.27637
G1 X77.529 Y91.557 E1432.29119
G1 X77.665 Y91.128 E1432.30615
G1 X77.892 Y90.741 E1432.32108
G1 X78.191 Y90.404 E1432.33606
G1 X78.554 Y90.141 E1432.35097
G1 X78.963 Y89.961 E1432.36583
G1 X79.402 Y89.868 E1432.38076
G1 X79.851 Y89.868 E1432.39569
G1 X80.285 Y89.962 E1432.41046
G1 X80.695 Y90.141 E1432.42534
G1 X81.052 Y90.403 E1432.44007
G1 X81.356 Y90.741 E1432.45519
G1 X81.578 Y91.126 E1432.46997
G1 X81.72 Y91.559 E1432.48513
G1 X81.764 Y91.999 E1432.49983
G1 X81.714 Y92.446 E1432.51479
G1 X81.583 Y92.85 E1432.52892
G1 X81.351 Y93.258 E1432.54453
G1 X81.054 Y93.587 E1432.55927
G1 X80.689 Y93.858 E1432.57439
G1 X80.289 Y94.03 E1432.58887
M204 S2000
G1 F2400 E1431.78887
G0 F9000 X80.705 Y93.961
G0 X79.871 Y94.309
G0 X79.876 Y126.439
G0 X80.283 Y130.788
M204 S500
G1 F2400 E1432.58887
G1 F1800 X79.848 Y130.876 E1432.60364
G1 X79.404 Y130.876 E1432.6184
G1 X78.965 Y130.788 E1432.63329
G1 X78.551 Y130.601 E1432.6484
G1 X78.21 Y130.352 E1432.66245
G1 X77.896 Y130.014 E1432.67779
G1 X77.665 Y129.62 E1432.69298
G1 X77.528 Y129.186 E1432.70812
G1 X77.484 Y128.748 E1432.72276
G1 X77.529 Y128.305 E1432.73757
G1 X77.666 Y127.875 E1432.75258
G1 X77.894 Y127.491 E1432.76743
G1 X78.19 Y127.156 E1432.7823
G1 X78.555 Y126.892 E1432.79729
G1 X78.963 Y126.714 E1432.81209
G1 X79.397 Y126.62 E1432.82686
G1 X79.853 Y126.62 E1432.84203
G1 X80.289 Y126.718 E1432.85689
G1 X80.678 Y126.888 E1432.87101
G1 X81.059 Y127.166 E1432.8867
G1 X81.358 Y127.495 E1432.90148
G1 X81.574 Y127.874 E1432.91599
G1 X81.715 Y128.299 E1432.93089
G1 X81.764 Y128.745 E1432.94581
G1 X81.72 Y129.189 E1432.96065
G1 X81.578 Y129.622 E1432.97581
G1 X81.357 Y130.002 E1432.99043
G1 X81.052 Y130.341 E1433.00559
G1 X80.698 Y130.601 E1433.0202
G1 X80.283 Y130.788 E1433.03534
M204 S2000
G1 F2400 E1432.23534
G0 F9000 X80.308 Y130.886
G0 X81.504 Y130.11
G0 X81.504 Y132.824
G0 X110 Y133.024
M204 S500
G1 F2400 E1433.03534
G1 F1800 X143.346 Y133.024 E1434.14443
G1 X143.719 Y132.951 E1434.15708
G1 X144.011 Y132.755 E1434.16877
G1 X144.121 Y132.622 E1434.17451
G1 X144.272 Y132.246 E1434.18799
G1 X144.272 Y87.753 E1435.66783
G1 X144.12 Y87.376 E1435.68135
G1 X144.009 Y87.239 E1435.68722
G1 X143.719 Y87.045 E1435.69882
G1 X143.346 Y86.972 E1435.71146
G1 X76.65 Y86.972 E1437.92978
G1 X76.277 Y87.045 E1437.94242
G1 X75.989 Y87.237 E1437.95393
G1 X75.797 Y87.53 E1437.96559
G1 X75.724 Y87.901 E1437.97816
G1 X75.724 Y132.098 E1439.44816
G1 X75.797 Y132.472 E1439.46083
G1 X75.988 Y132.757 E1439.47225
G1 X76.277 Y132.951 E1439.48382
G1 X76.65 Y133.024 E1439.49646
G1 X110 Y133.024 E1440.60569
M204 S2000
G1 F2400 E1439.80569
G0 F9000 X110 Y132.924
G0 X122.504 Y132.824
G0 X122.858 Y131.051
G0 X122.904 Y130.876
M204 S500
G1 F2400 E1440.60569
G1 F1800 X122.465 Y130.789 E1440.62057
G1 X122.052 Y130.602 E1440.63565
G1 X121.69 Y130.34 E1440.65052
G1 X121.394 Y130.005 E1440.66538
G1 X121.163 Y129.617 E1440.6804
G1 X121.03 Y129.194 E1440.69515
G1 X120.984 Y128.74 E1440.71033
G1 X121.033 Y128.303 E1440.72495
G1 X121.161 Y127.885 E1440.73949
G1 X121.409 Y127.475 E1440.75543
G1 X121.69 Y127.158 E1440.76952
G1 X122.036 Y126.907 E1440.78374
G1 X122.442 Y126.724 E1440.79855
G1 X122.921 Y126.621 E1440.81485
G1 X123.349 Y126.623 E1440.82908
G1 X123.788 Y126.717 E1440.84401
G1 X124.191 Y126.892 E1440.85863
G1 X124.535 Y127.144 E1440.87281
G1 X124.84 Y127.477 E1440.88783
G1 X125.075 Y127.876 E1440.90323
G1 X125.215 Y128.299 E1440.91805
G1 X125.264 Y128.745 E1440.93297
G1 X125.22 Y129.189 E1440.94781
G1 X125.078 Y129.622 E1440.96297
G1 X124.853 Y130.012 E1440.97795
G1 X124.551 Y130.341 E1440.9928
G1 X124.198 Y130.601 E1441.00738
G1 X123.783 Y130.788 E1441.02252
G1 X123.348 Y130.876 E1441.03728
G1 X122.904 Y130.876 E1441.05205
M204 S2000
G1 F2400 E1440.25205
G0 F9000 X122.504 Y130.899
G0 X121.524 Y129.913
G0 X121.317 Y129.554
G0 X121.188 Y129.161
G0 X121.146 Y128.75
G0 X121.188 Y128.339
G0 X121.317 Y127.946
G0 X121.524 Y127.587
G0 X122.88 Y126.439
G0 X122.88 Y94.308
G0 X122.899 Y94.125
M204 S500
G1 F2400 E1441.05205
G1 F1800 X122.481 Y94.037 E1441.06626
G1 X122.036 Y93.841 E1441.08243
G1 X121.675 Y93.573 E1441.09738
G1 X121.397 Y93.257 E1441.11138
G1 X121.16 Y92.848 E1441.1271
G1 X121.03 Y92.443 E1441.14125
G1 X120.984 Y91.996 E1441.1562
G1 X121.028 Y91.558 E1441.17084
G1 X121.163 Y91.132 E1441.1857
G1 X121.392 Y90.741 E1441.20077
G1 X121.691 Y90.404 E1441.21576
G1 X122.054 Y90.141 E1441.23067
G1 X122.464 Y89.961 E1441.24556
G1 X122.902 Y89.868 E1441.26045
G1 X123.351 Y89.868 E1441.27539
G1 X123.785 Y89.962 E1441.29016
G1 X124.195 Y90.141 E1441.30503
G1 X124.552 Y90.403 E1441.31976
G1 X124.856 Y90.741 E1441.33488
G1 X125.078 Y91.126 E1441.34966
G1 X125.22 Y91.559 E1441.36482
G1 X125.264 Y91.999 E1441.37953
G1 X125.215 Y92.444 E1441.39442
G1 X125.075 Y92.872 E1441.4094
G1 X124.865 Y93.237 E1441.4234
G1 X124.535 Y93.604 E1441.43982
G1 X124.196 Y93.854 E1441.45383
G1 X123.788 Y94.031 E1441.46862
G1 X123.327 Y94.127 E1441.48428
G1 X122.899 Y94.125 E1441.49852
M204 S2000
G0 F9000 X122.921 Y93.724
M204 S500
;TYPE:WALL-OUTER
G1 F1800 X122.585 Y93.651 E1441.50995
G1 X122.261 Y93.509 E1441.52172
G1 X121.961 Y93.293 E1441.53401
G1 X121.724 Y93.027 E1441.54586
G1 X121.53 Y92.696 E1441.55862
G1 X121.424 Y92.358 E1441.57041
G1 X121.388 Y91.98 E1441.58304
G1 X121.42 Y91.66 E1441.59373
G1 X121.543 Y91.274 E1441.60721
G1 X121.707 Y90.994 E1441.618
G1 X121.978 Y90.689 E1441.63157
G1 X122.238 Y90.501 E1441.64224
G1 X122.567 Y90.352 E1441.65425
G1 X122.929 Y90.271 E1441.66659
G1 X123.327 Y90.272 E1441.67983
G1 X123.681 Y90.352 E1441.6919
G1 X124.011 Y90.502 E1441.70396
G1 X124.267 Y90.69 E1441.71452
G1 X124.542 Y90.996 E1441.7282
G1 X124.718 Y91.313 E1441.74026
G1 X124.828 Y91.66 E1441.75237
G1 X124.86 Y91.98 E1441.76307
G1 X124.828 Y92.337 E1441.77499
G1 X124.711 Y92.707 E1441.78789
G1 X124.534 Y93.013 E1441.79965
G1 X124.277 Y93.298 E1441.81242
G1 X123.973 Y93.516 E1441.82486
G1 X123.663 Y93.651 E1441.8361
G1 X123.299 Y93.728 E1441.84848
G1 X122.921 Y93.724 E1441.86105
M204 S2000
G1 F2400 E1441.06105
G0 F9000 X122.818 Y94.214
G0 X122.88 Y126.439
G0 X122.924 Y130.472
M204 S500
G1 F2400 E1441.86105
G1 F1800 X122.565 Y130.395 E1441.87326
G1 X122.238 Y130.243 E1441.88526
G1 X121.978 Y130.055 E1441.89593
G1 X121.708 Y129.751 E1441.90945
G1 X121.525 Y129.433 E1441.92166
G1 X121.429 Y129.129 E1441.93226
G1 X121.388 Y128.728 E1441.94567
G1 X121.424 Y128.386 E1441.9571
G1 X121.531 Y128.047 E1441.96893
G1 X121.715 Y127.733 E1441.98103
G1 X121.969 Y127.448 E1441.99373
G1 X122.275 Y127.232 E1442.00619
G1 X122.592 Y127.095 E1442.01767
G1 X122.949 Y127.02 E1442.02981
G1 X123.327 Y127.024 E1442.04238
G1 X123.663 Y127.097 E1442.05381
G1 X123.992 Y127.242 E1442.06577
G1 X124.277 Y127.45 E1442.07751
G1 X124.526 Y127.724 E1442.08982
G1 X124.711 Y128.041 E1442.10203
G1 X124.824 Y128.385 E1442.11407
G1 X124.86 Y128.768 E1442.12687
G1 X124.828 Y129.088 E1442.13756
G1 X124.702 Y129.472 E1442.15101
G1 X124.516 Y129.788 E1442.1632
G1 X124.267 Y130.054 E1442.17532
G1 X123.975 Y130.263 E1442.18726
G1 X123.64 Y130.409 E1442.19942
G1 X123.319 Y130.474 E1442.21031
G1 X122.924 Y130.472 E1442.22345
M204 S2000
G1 F2400 E1441.42345
G0 F9000 X122.504 Y130.899
G0 X121.247 Y130.111
G0 X121.247 Y132.824
G0 X110 Y133.424
M204 S500
G1 F2400 E1442.22345
G1 F1800 X143.366 Y133.424 E1443.33321
G1 X143.624 Y133.398 E1443.34183
G1 X143.989 Y133.287 E1443.35452
G1 X144.294 Y133.041 E1443.36755
G1 X144.456 Y132.844 E1443.37604
G1 X144.569 Y132.628 E1443.38414
G1 X144.646 Y132.373 E1443.393
G1 X144.672 Y132.118 E1443.40153
G1 X144.672 Y87.875 E1444.87306
G1 X144.646 Y87.624 E1444.88145
G1 X144.532 Y87.249 E1444.89449
G1 X144.293 Y86.955 E1444.90709
G1 X143.99 Y86.709 E1444.92007
G1 X143.624 Y86.598 E1444.93279
G1 X143.366 Y86.572 E1444.94141
G1 X76.63 Y86.572 E1447.16106
G1 X76.372 Y86.598 E1447.16969
G1 X76.007 Y86.709 E1447.18238
G1 X75.703 Y86.954 E1447.19536
G1 X75.46 Y87.261 E1447.20838
G1 X75.35 Y87.624 E1447.221
G1 X75.324 Y87.882 E1447.22962
G1 X75.324 Y132.118 E1448.70092
G1 X75.35 Y132.373 E1448.70945
G1 X75.46 Y132.74 E1448.72219
G1 X75.703 Y133.041 E1448.73506
G1 X76.006 Y133.287 E1448.74804
G1 X76.372 Y133.398 E1448.76076
G1 X76.63 Y133.424 E1448.76938
G1 X110 Y133.424 E1449.87927
M204 S2000
G1 F2400 E1449.07927
G0 F9000 X110 Y132.924
G0 X80.25 Y132.824
G0 X79.898 Y131.069
G0 X80.14 Y130.409
M204 S500
G1 F2400 E1449.87927
G1 F1800 X79.819 Y130.474 E1449.89017
G1 X79.424 Y130.472 E1449.9033
G1 X79.065 Y130.395 E1449.91552
G1 X78.738 Y130.243 E1449.92751
G1 X78.467 Y130.046 E1449.93865
G1 X78.207 Y129.754 E1449.95166
G1 X78.025 Y129.433 E1449.96393
G1 X77.921 Y129.091 E1449.97582
G1 X77.884 Y128.748 E1449.98729
G1 X77.929 Y128.367 E1450.00005
G1 X78.044 Y128.021 E1450.01218
G1 X78.23 Y127.715 E1450.02409
G1 X78.478 Y127.441 E1450.03638
G1 X78.738 Y127.253 E1450.04705
G1 X79.067 Y127.104 E1450.05907
G1 X79.421 Y127.024 E1450.07114
G1 X79.827 Y127.024 E1450.08464
G1 X80.181 Y127.104 E1450.09671
G1 X80.511 Y127.254 E1450.10877
G1 X80.777 Y127.45 E1450.11976
G1 X81.029 Y127.728 E1450.13224
G1 X81.202 Y128.023 E1450.14361
G1 X81.324 Y128.385 E1450.15632
G1 X81.36 Y128.768 E1450.16911
G1 X81.328 Y129.088 E1450.17981
G1 X81.202 Y129.473 E1450.19328
G1 X81.042 Y129.749 E1450.20389
G1 X80.767 Y130.054 E1450.21755
G1 X80.475 Y130.263 E1450.2295
G1 X80.14 Y130.409 E1450.24165
M204 S2000
G1 F2400 E1449.44165
G0 F9000 X80.25 Y130.898
G0 X81.226 Y129.913
G0 X81.433 Y129.554
G0 X81.562 Y129.161
G0 X81.604 Y128.75
G0 X81.562 Y128.339
G0 X81.433 Y127.946
G0 X81.226 Y127.587
G0 X79.876 Y126.439
G0 X79.871 Y94.309
G0 X80.181 Y93.644
M204 S500
G1 F2400 E1450.24165
G1 F1800 X79.827 Y93.724 E1450.25372
G1 X79.421 Y93.724 E1450.26722
G1 X79.067 Y93.644 E1450.2793
G1 X78.738 Y93.495 E1450.29131
G1 X78.478 Y93.307 E1450.30198
G1 X78.208 Y93.003 E1450.3155
G1 X78.025 Y92.684 E1450.32773
G1 X77.921 Y92.339 E1450.33972
G1 X77.884 Y92 E1450.35106
G1 X77.929 Y91.619 E1450.36382
G1 X78.043 Y91.274 E1450.37591
G1 X78.207 Y90.994 E1450.3867
G1 X78.478 Y90.689 E1450.40027
G1 X78.775 Y90.48 E1450.41235
G1 X79.105 Y90.34 E1450.42427
G1 X79.429 Y90.271 E1450.43529
G1 X79.827 Y90.272 E1450.44853
G1 X80.181 Y90.352 E1450.4606
G1 X80.511 Y90.502 E1450.47265
G1 X80.767 Y90.69 E1450.48322
G1 X81.042 Y90.996 E1450.4969
G1 X81.218 Y91.313 E1450.50896
G1 X81.328 Y91.66 E1450.52107
G1 X81.36 Y91.98 E1450.53176
G1 X81.324 Y92.36 E1450.54446
G1 X81.208 Y92.709 E1450.55669
G1 X81.036 Y93.01 E1450.56822
G1 X80.784 Y93.292 E1450.5808
G1 X80.5 Y93.501 E1450.59253
G1 X80.181 Y93.644 E1450.60416
M204 S2000
G1 F2400 E1449.80416
G0 F9000 X80.705 Y93.961
G0 X81.499 Y93.368
G0 X121.252 Y93.365
G0 X122.844 Y94.486
M204 S500
;TYPE:SKIN
G1 F2400 E1450.60416
G1 F1800 X123.397 Y94.486 E1450.62255
G1 X123.898 Y94.371 E1450.63965
G1 X124.373 Y94.165 E1450.65687
G1 X124.797 Y93.854 E1450.67436
G1 X125.159 Y93.452 E1450.69235
G1 X125.403 Y93.019 E1450.70888
G1 X125.564 Y92.524 E1450.72619
G1 X125.624 Y91.975 E1450.74456
G1 X125.575 Y91.499 E1450.76048
G1 X125.414 Y91.004 E1450.77779
G1 X125.163 Y90.55 E1450.79504
G1 X124.779 Y90.122 E1450.81417
G1 X124.391 Y89.838 E1450.83016
G1 X123.912 Y89.624 E1450.84761
G1 X123.411 Y89.512 E1450.86468
G1 X122.849 Y89.51 E1450.88338
G1 X122.375 Y89.608 E1450.89948
G1 X121.854 Y89.837 E1450.9184
G1 X121.434 Y90.146 E1450.93575
G1 X121.11 Y90.511 E1450.95198
G1 X120.82 Y91.009 E1450.97115
G1 X120.68 Y91.469 E1450.98714
G1 X120.621 Y91.973 E1451.00402
G1 X120.68 Y92.519 E1451.02228
G1 X120.828 Y92.993 E1451.0388
G1 X121.113 Y93.479 E1451.05754
G1 X121.437 Y93.853 E1451.074
G1 X121.876 Y94.166 E1451.09193
G1 X122.349 Y94.375 E1451.10913
G1 X122.844 Y94.486 E1451.126
M204 S2000
G1 F2400 E1450.326
G0 F9000 X122.883 Y94.229
G0 X122.88 Y126.439
G0 X122.848 Y131.233
M204 S500
G1 F2400 E1451.126
G1 F1800 X123.395 Y131.233 E1451.14419
G1 X123.88 Y131.137 E1451.16064
G1 X124.36 Y130.922 E1451.17813
G1 X124.775 Y130.621 E1451.19518
G1 X125.136 Y130.231 E1451.21286
G1 X125.398 Y129.784 E1451.23009
G1 X125.576 Y129.244 E1451.249
G1 X125.623 Y128.716 E1451.26663
G1 X125.559 Y128.197 E1451.28403
G1 X125.403 Y127.725 E1451.30056
G1 X125.143 Y127.275 E1451.31784
G1 X124.798 Y126.887 E1451.33511
G1 X124.367 Y126.573 E1451.35285
G1 X123.892 Y126.371 E1451.37002
G1 X123.401 Y126.262 E1451.38675
G1 X122.848 Y126.262 E1451.40514
G1 X122.353 Y126.369 E1451.42198
G1 X121.868 Y126.581 E1451.43959
G1 X121.441 Y126.891 E1451.45714
G1 X121.097 Y127.285 E1451.47453
G1 X120.834 Y127.735 E1451.49187
G1 X120.684 Y128.205 E1451.50828
G1 X120.621 Y128.716 E1451.5254
G1 X120.669 Y129.237 E1451.54281
G1 X120.825 Y129.748 E1451.56058
G1 X121.106 Y130.226 E1451.57902
G1 X121.434 Y130.594 E1451.59541
G1 X121.846 Y130.898 E1451.61244
G1 X122.368 Y131.137 E1451.63154
G1 X122.848 Y131.233 E1451.64782
M204 S2000
G1 F2400 E1450.84782
G0 F9000 X122.504 Y130.899
G0 X121.247 Y130.111
G0 X121.247 Y132.824
G0 X110 Y132.664
M204 S500
G1 F2400 E1451.64782
G1 F1800 X76.672 Y132.663 E1452.75631
G1 X76.415 Y132.611 E1452.76503
G1 X76.245 Y132.499 E1452.77181
G1 X76.134 Y132.331 E1452.7785
G1 X76.085 Y132.073 E1452.78724
G1 X76.084 Y87.923 E1454.25567
G1 X76.133 Y87.669 E1454.26428
G1 X76.25 Y87.492 E1454.27133
G1 X76.414 Y87.381 E1454.27792
G1 X76.671 Y87.332 E1454.28662
G1 X143.321 Y87.332 E1456.50341
G1 X143.579 Y87.381 E1456.51214
G1 X143.79 Y87.52 E1456.52055
G1 X143.912 Y87.816 E1456.5312
G1 X143.912 Y132.18 E1458.00675
G1 X143.814 Y132.417 E1458.01528
G1 X143.666 Y132.562 E1458.02217
G1 X143.427 Y132.664 E1458.03081
G1 X110 Y132.664 E1459.1426
M204 S2000
G1 F2400 E1458.3426
G0 F9000 X110 Y132.924
G0 X80.321 Y132.824
G0 X79.966 Y131.056
G0 X80.38 Y131.137
M204 S500
G1 F2400 E1459.1426
G1 F1800 X80.86 Y130.922 E1459.16009
G1 X81.309 Y130.59 E1459.17867
G1 X81.658 Y130.197 E1459.19615
G1 X81.894 Y129.789 E1459.21182
G1 X82.076 Y129.24 E1459.23106
G1 X82.123 Y128.716 E1459.24856
G1 X82.058 Y128.196 E1459.26599
G1 X81.89 Y127.703 E1459.28331
G1 X81.638 Y127.272 E1459.29992
G1 X81.293 Y126.886 E1459.31714
G1 X80.875 Y126.583 E1459.33431
G1 X80.404 Y126.378 E1459.35139
G1 X79.917 Y126.265 E1459.36802
G1 X79.333 Y126.264 E1459.38744
G1 X78.869 Y126.364 E1459.40323
G1 X78.354 Y126.589 E1459.42192
G1 X77.966 Y126.869 E1459.43784
G1 X77.606 Y127.266 E1459.45566
G1 X77.343 Y127.706 E1459.47271
G1 X77.177 Y128.215 E1459.49052
G1 X77.12 Y128.744 E1459.50822
G1 X77.17 Y129.251 E1459.52516
G1 X77.339 Y129.778 E1459.54357
G1 X77.595 Y130.214 E1459.56038
G1 X77.975 Y130.626 E1459.57903
G1 X78.383 Y130.918 E1459.59571
G1 X78.868 Y131.137 E1459.61341
G1 X79.348 Y131.233 E1459.62969
G1 X79.895 Y131.233 E1459.64789
G1 X80.38 Y131.137 E1459.66433
M204 S2000
G1 F2400 E1458.86433
G0 F9000 X80.321 Y130.883
G0 X81.226 Y129.913
G0 X81.433 Y129.554
G0 X81.562 Y129.161
G0 X81.604 Y128.75
G0 X81.562 Y128.339
G0 X81.433 Y127.946
G0 X81.226 Y127.587
G0 X79.876 Y126.439
G0 X79.871 Y94.309
G0 X79.913 Y94.483
M204 S500
G1 F2400 E1459.66433
G1 F1800 X80.415 Y94.364 E1459.68149
G1 X80.859 Y94.173 E1459.69757
G1 X81.296 Y93.852 E1459.7156
G1 X81.648 Y93.468 E1459.73293
G1 X81.916 Y92.985 E1459.7513
G1 X82.064 Y92.524 E1459.7674
G1 X82.124 Y91.975 E1459.78577
G1 X82.075 Y91.499 E1459.80169
G1 X81.914 Y91.004 E1459.819
G1 X81.663 Y90.55 E1459.83625
G1 X81.279 Y90.122 E1459.85538
G1 X80.891 Y89.838 E1459.87137
G1 X80.412 Y89.624 E1459.88882
G1 X79.911 Y89.512 E1459.9059
G1 X79.349 Y89.51 E1459.92459
G1 X78.875 Y89.608 E1459.94069
G1 X78.354 Y89.837 E1459.95961
G1 X77.966 Y90.117 E1459.97553
G1 X77.61 Y90.511 E1459.99319
G1 X77.339 Y90.966 E1460.0108
G1 X77.177 Y91.468 E1460.02835
G1 X77.12 Y91.996 E1460.04601
G1 X77.174 Y92.479 E1460.06218
G1 X77.319 Y92.984 E1460.07965
G1 X77.587 Y93.45 E1460.09753
G1 X77.938 Y93.85 E1460.11523
G1 X78.39 Y94.175 E1460.13375
G1 X78.869 Y94.384 E1460.15113
G1 X79.333 Y94.484 E1460.16692
G1 X79.913 Y94.483 E1460.18621
M204 S2000
G1 F2400 E1459.38621
G0 F9000 X79.299 Y94.211
G0 X78.301 Y93.471
G0 X78.024 Y93.163
G0 X77.817 Y92.804
G0 X77.689 Y92.412
G0 X77.645 Y92
G0 X77.689 Y91.588
G0 X78.466 Y89.982
G0 X78.466 Y87.172
G0 X76.506 Y87.099
G0 X77.083 Y87.531
M204 S500
G1 F2400 E1460.18621
G1 F1800 X76.284 Y88.33 E1460.22379
M204 S2000
G0 F9000 X76.284 Y88.896
M204 S500
G1 F1800 X77.649 Y87.531 E1460.288
M204 S2000
G0 F9000 X78.214 Y87.531
M204 S500
G1 F1800 X76.284 Y89.462 E1460.3788
M204 S2000
G0 F9000 X76.284 Y90.027
M204 S500
G1 F1800 X78.78 Y87.531 E1460.49621
M204 S2000
G0 F9000 X79.346 Y87.531
M204 S500
G1 F1800 X76.284 Y90.593 E1460.64023
M204 S2000
G0 F9000 X76.284 Y91.159
M204 S500
G1 F1800 X79.912 Y87.531 E1460.81088
M204 S2000
G0 F9000 X80.477 Y87.531
M204 S500
G1 F1800 X78.426 Y89.583 E1460.90738
M204 S2000
G0 F9000 X79.248 Y89.327
M204 S500
G1 F1800 X81.043 Y87.531 E1460.99183
M204 S2000
G0 F9000 X81.609 Y87.531
M204 S500
G1 F1800 X79.831 Y89.309 E1461.07547
M204 S2000
G0 F9000 X80.312 Y89.394
M204 S500
G1 F1800 X82.174 Y87.531 E1461.16307
M204 S2000
G0 F9000 X82.74 Y87.531
M204 S500
G1 F1800 X80.727 Y89.544 E1461.25776
M204 S2000
G0 F9000 X81.096 Y89.741
M204 S500
G1 F1800 X83.306 Y87.531 E1461.36171
M204 S2000
G0 F9000 X83.871 Y87.531
M204 S500
G1 F1800 X81.423 Y89.98 E1461.47688
M204 S2000
G0 F9000 X81.693 Y90.276
M204 S500
G1 F1800 X84.437 Y87.531 E1461.60597
M204 S2000
G0 F9000 X85.003 Y87.531
M204 S500
G1 F1800 X81.924 Y90.61 E1461.7508
M204 S2000
G0 F9000 X82.118 Y90.981
M204 S500
G1 F1800 X85.568 Y87.531 E1461.91308
M204 S2000
G0 F9000 X86.134 Y87.531
M204 S500
G1 F1800 X82.26 Y91.406 E1462.09532
M204 S2000
G0 F9000 X82.319 Y91.913
M204 S500
G1 F1800 X86.7 Y87.531 E1462.30141
M204 S2000
G0 F9000 X87.265 Y87.531
M204 S500
G1 F1800 X82.263 Y92.533 E1462.53669
M204 S2000
G0 F9000 X81.813 Y92.468
G0 X81.456 Y93.282
G0 X81.856 Y93.506
M204 S500
G1 F1800 X87.831 Y87.531 E1462.81774
M204 S2000
G0 F9000 X88.397 Y87.531
M204 S500
G1 F1800 X76.285 Y99.643 E1463.38745
M204 S2000
G0 F9000 X76.285 Y99.078
M204 S500
G1 F1800 X81.167 Y94.195 E1463.61711
M204 S2000
G0 F9000 X80.723 Y93.953
G0 X80.171 Y94.626
M204 S500
G1 F1800 X76.285 Y98.512 E1463.79989
M204 S2000
G0 F9000 X76.285 Y97.946
M204 S500
G1 F1800 X79.543 Y94.688 E1463.95314
M204 S2000
G0 F9000 X79.04 Y94.625
M204 S500
G1 F1800 X76.285 Y97.381 E1464.08275
M204 S2000
G0 F9000 X76.285 Y96.815
M204 S500
G1 F1800 X78.608 Y94.491 E1464.19204
M204 S2000
G0 F9000 X78.226 Y94.308
M204 S500
G1 F1800 X76.285 Y96.249 E1464.28334
M204 S2000
G0 F9000 X76.285 Y95.684
M204 S500
G1 F1800 X77.897 Y94.071 E1464.35918
M204 S2000
G0 F9000 X77.615 Y93.788
M204 S500
G1 F1800 X76.285 Y95.118 E1464.42174
M204 S2000
G0 F9000 X76.285 Y94.552
M204 S500
G1 F1800 X77.367 Y93.47 E1464.47264
M204 S2000
G0 F9000 X77.157 Y93.115
M204 S500
G1 F1800 X76.285 Y93.987 E1464.51365
M204 S2000
G0 F9000 X76.285 Y93.421
M204 S500
G1 F1800 X77.024 Y92.681 E1464.54844
M204 S2000
G0 F9000 X76.94 Y92.2
M204 S500
G1 F1800 X76.285 Y92.855 E1464.57925
M204 S2000
G0 F9000 X76.285 Y92.289
M204 S500
G1 F1800 X76.956 Y91.618 E1464.61081
M204 S2000
G0 F9000 X76.285 Y91.724
M204 S500
G1 F1800 X77.196 Y90.813 E1464.65366
M204 S2000
G1 F2400 E1463.85366
G0 F9000 X77.594 Y91.048
G0 X77.747 Y93.363
G0 X75.924 Y93.363
G0 X76.285 Y100.209
M204 S500
G1 F2400 E1464.65366
G1 F1800 X88.963 Y87.531 E1465.24999
M204 S2000
G0 F9000 X89.528 Y87.531
M204 S500
G1 F1800 X76.285 Y100.775 E1465.87293
M204 S2000
G0 F9000 X76.285 Y101.34
M204 S500
G1 F1800 X90.094 Y87.531 E1466.52246
M204 S2000
G0 F9000 X90.66 Y87.531
M204 S500
G1 F1800 X76.285 Y101.906 E1467.19862
M204 S2000
G0 F9000 X76.285 Y102.472
M204 S500
G1 F1800 X91.225 Y87.531 E1467.90137
M204 S2000
G0 F9000 X91.791 Y87.531
M204 S500
G1 F1800 X76.285 Y103.037 E1468.63073
M204 S2000
G0 F9000 X76.285 Y103.603
M204 S500
G1 F1800 X92.357 Y87.531 E1469.3867
M204 S2000
G0 F9000 X92.922 Y87.531
M204 S500
G1 F1800 X76.285 Y104.169 E1470.16928
M204 S2000
G0 F9000 X76.285 Y104.735
M204 S500
G1 F1800 X93.488 Y87.531 E1470.97848
M204 S2000
G0 F9000 X94.054 Y87.531
M204 S500
G1 F1800 X76.285 Y105.3 E1471.81428
M204 S2000
G0 F9000 X76.285 Y105.866
M204 S500
G1 F1800 X94.619 Y87.531 E1472.67668
M204 S2000
G0 F9000 X95.185 Y87.531
M204 S500
G1 F1800 X76.285 Y106.432 E1473.5657
M204 S2000
G0 F9000 X76.285 Y106.997
M204 S500
G1 F1800 X95.751 Y87.531 E1474.48132
M204 S2000
G0 F9000 X96.316 Y87.531
M204 S500
G1 F1800 X76.285 Y107.563 E1475.42354
M204 S2000
G0 F9000 X76.285 Y108.129
M204 S500
G1 F1800 X96.882 Y87.531 E1476.39238
M204 S2000
G0 F9000 X97.448 Y87.531
M204 S500
G1 F1800 X76.285 Y108.694 E1477.38783
M204 S2000
G0 F9000 X76.285 Y109.26
M204 S500
G1 F1800 X98.013 Y87.531 E1478.40987
M204 S2000
G0 F9000 X98.579 Y87.531
M204 S500
G1 F1800 X76.285 Y109.826 E1479.45853
M204 S2000
G0 F9000 X76.285 Y110.391
M204 S500
G1 F1800 X99.145 Y87.531 E1480.5338
M204 S2000
G0 F9000 X99.711 Y87.531
M204 S500
G1 F1800 X76.285 Y110.957 E1481.63569
M204 S2000
G0 F9000 X76.285 Y111.523
M204 S500
G1 F1800 X100.276 Y87.531 E1482.76417
M204 S2000
G0 F9000 X100.842 Y87.531
M204 S500
G1 F1800 X76.285 Y112.088 E1483.91926
M204 S2000
G0 F9000 X76.285 Y112.654
M204 S500
G1 F1800 X101.408 Y87.531 E1485.10097
M204 S2000
G0 F9000 X101.973 Y87.531
M204 S500
G1 F1800 X76.285 Y113.22 E1486.30928
M204 S2000
G0 F9000 X76.285 Y113.786
M204 S500
G1 F1800 X102.539 Y87.531 E1487.54421
M204 S2000
G0 F9000 X103.105 Y87.531
M204 S500
G1 F1800 X76.285 Y114.351 E1488.80574
M204 S2000
G0 F9000 X76.285 Y114.917
M204 S500
G1 F1800 X103.67 Y87.531 E1490.09387
M204 S2000
G0 F9000 X104.236 Y87.531
M204 S500
G1 F1800 X76.285 Y115.483 E1491.40862
M204 S2000
G0 F9000 X76.285 Y116.048
M204 S500
G1 F1800 X104.802 Y87.531 E1492.74997
M204 S2000
G0 F9000 X105.367 Y87.531
M204 S500
G1 F1800 X76.285 Y116.614 E1494.11792
M204 S2000
G0 F9000 X76.285 Y117.18
M204 S500
G1 F1800 X105.933 Y87.531 E1495.5125
M204 S2000
G0 F9000 X106.499 Y87.531
M204 S500
G1 F1800 X76.285 Y117.745 E1496.93367
M204 S2000
G0 F9000 X76.285 Y118.311
M204 S500
G1 F1800 X107.064 Y87.531 E1498.38145
M204 S2000
G0 F9000 X107.63 Y87.531
M204 S500
G1 F1800 X76.285 Y118.877 E1499.85584
M204 S2000
G0 F9000 X76.285 Y119.442
M204 S500
G1 F1800 X108.196 Y87.531 E1501.35684
M204 S2000
G0 F9000 X108.762 Y87.531
M204 S500
G1 F1800 X76.285 Y120.008 E1502.88446
M204 S2000
G0 F9000 X76.285 Y120.574
M204 S500
G1 F1800 X109.327 Y87.531 E1504.43867
M204 S2000
G0 F9000 X109.893 Y87.531
M204 S500
G1 F1800 X76.285 Y121.139 E1506.01949
M204 S2000
G0 F9000 X76.285 Y121.705
M204 S500
G1 F1800 X110.459 Y87.531 E1507.62693
M204 S2000
G0 F9000 X111.024 Y87.531
M204 S500
G1 F1800 X76.285 Y122.271 E1509.26097
M204 S2000
G0 F9000 X76.285 Y122.836
M204 S500
G1 F1800 X111.59 Y87.531 E1510.92161
M204 S2000
G0 F9000 X112.156 Y87.531
M204 S500
G1 F1800 X76.285 Y123.402 E1512.60887
M204 S2000
G0 F9000 X76.285 Y123.968
M204 S500
G1 F1800 X112.721 Y87.531 E1514.32273
M204 S2000
G0 F9000 X113.287 Y87.531
M204 S500
G1 F1800 X76.285 Y124.534 E1516.06322
M204 S2000
G0 F9000 X76.285 Y125.099
M204 S500
G1 F1800 X113.853 Y87.531 E1517.8303
M204 S2000
G0 F9000 X114.418 Y87.531
M204 S500
G1 F1800 X76.285 Y125.665 E1519.62398
M204 S2000
G0 F9000 X76.285 Y126.231
M204 S500
G1 F1800 X114.984 Y87.531 E1521.44429
M204 S2000
G0 F9000 X115.55 Y87.531
M204 S500
G1 F1800 X76.285 Y126.796 E1523.29119
M204 S2000
G0 F9000 X76.285 Y127.362
M204 S500
G1 F1800 X116.115 Y87.531 E1525.1647
M204 S2000
G0 F9000 X116.681 Y87.531
M204 S500
G1 F1800 X76.285 Y127.928 E1527.06483
M204 S2000
G0 F9000 X76.285 Y128.493
M204 S500
G1 F1800 X77.169 Y127.609 E1527.10641
M204 S2000
G0 F9000 X76.954 Y128.39
M204 S500
G1 F1800 X76.285 Y129.059 E1527.13787
M204 S2000
G0 F9000 X76.285 Y129.625
M204 S500
G1 F1800 X76.942 Y128.968 E1527.16878
M204 S2000
G0 F9000 X77.024 Y129.451
M204 S500
G1 F1800 X76.285 Y130.19 E1527.20354
M204 S2000
G0 F9000 X76.285 Y130.756
M204 S500
G1 F1800 X77.164 Y129.876 E1527.24491
M204 S2000
G0 F9000 X77.373 Y130.234
M204 S500
G1 F1800 X76.285 Y131.322 E1527.29608
M204 S2000
G0 F9000 X76.285 Y131.887
M204 S500
G1 F1800 X77.626 Y130.546 E1527.35916
M204 S2000
G0 F9000 X77.913 Y130.825
M204 S500
G1 F1800 X76.404 Y132.334 E1527.43014
M204 S2000
G0 F9000 X76.84 Y132.464
M204 S500
G1 F1800 X78.243 Y131.06 E1527.49616
M204 S2000
G0 F9000 X78.621 Y131.248
M204 S500
G1 F1800 X77.406 Y132.464 E1527.55333
M204 S2000
G0 F9000 X77.971 Y132.464
M204 S500
G1 F1800 X79.057 Y131.378 E1527.60441
M204 S2000
G0 F9000 X79.568 Y131.433
M204 S500
G1 F1800 X78.537 Y132.464 E1527.65291
M204 S2000
G0 F9000 X79.103 Y132.464
M204 S500
G1 F1800 X80.188 Y131.378 E1527.70396
M204 S2000
G0 F9000 X80.099 Y130.928
G0 X79.866 Y131.057
G0 X79.866 Y132.824
G0 X80.234 Y132.464
M204 S500
G1 F1800 X120.447 Y92.251 E1529.59546
M204 S2000
G0 F9000 X120.536 Y92.727
M204 S500
G1 F1800 X80.8 Y132.464 E1531.46454
M204 S2000
G0 F9000 X81.365 Y132.464
M204 S500
G1 F1800 X120.685 Y93.144 E1533.31404
M204 S2000
G0 F9000 X120.895 Y93.5
M204 S500
G1 F1800 X81.931 Y132.464 E1535.14678
M204 S2000
G0 F9000 X82.497 Y132.464
M204 S500
G1 F1800 X121.142 Y93.818 E1536.96455
M204 S2000
G0 F9000 X121.434 Y94.093
M204 S500
G1 F1800 X83.062 Y132.464 E1538.76943
M204 S2000
G0 F9000 X83.628 Y132.464
M204 S500
G1 F1800 X121.761 Y94.331 E1540.56309
M204 S2000
G0 F9000 X122.153 Y94.505
M204 S500
G1 F1800 X84.194 Y132.464 E1542.34856
M204 S2000
G0 F9000 X84.759 Y132.464
M204 S500
G1 F1800 X122.591 Y94.632 E1544.12806
M204 S2000
G0 F9000 X123.102 Y94.687
M204 S500
G1 F1800 X85.325 Y132.464 E1545.90498
M204 S2000
G0 F9000 X85.891 Y132.464
M204 S500
G1 F1800 X123.749 Y94.606 E1547.6857
M204 S2000
G0 F9000 X124.24 Y93.947
G0 X124.879 Y94.041
M204 S500
G1 F1800 X86.457 Y132.464 E1549.49298
M204 S2000
G0 F9000 X87.022 Y132.464
M204 S500
G1 F1800 X131.955 Y87.531 E1551.60649
M204 S2000
G0 F9000 X132.52 Y87.531
M204 S500
G1 F1800 X87.588 Y132.464 E1553.71997
M204 S2000
G0 F9000 X88.154 Y132.464
M204 S500
G1 F1800 X133.086 Y87.531 E1555.83346
M204 S2000
G0 F9000 X133.652 Y87.531
M204 S500
G1 F1800 X88.719 Y132.464 E1557.94697
M204 S2000
G0 F9000 X89.285 Y132.464
M204 S500
G1 F1800 X134.217 Y87.531 E1560.06046
M204 S2000
G0 F9000 X134.783 Y87.531
M204 S500
G1 F1800 X89.851 Y132.464 E1562.17395
M204 S2000
G0 F9000 X90.416 Y132.464
M204 S500
G1 F1800 X135.349 Y87.531 E1564.28746
M204 S2000
G0 F9000 X135.914 Y87.531
M204 S500
G1 F1800 X90.982 Y132.464 E1566.40094
M204 S2000
G0 F9000 X91.548 Y132.464
M204 S500
G1 F1800 X136.48 Y87.531 E1568.51443
M204 S2000
G0 F9000 X137.046 Y87.531
M204 S500
G1 F1800 X92.113 Y132.464 E1570.62794
M204 S2000
G0 F9000 X92.679 Y132.464
M204 S500
G1 F1800 X137.611 Y87.531 E1572.74143
M204 S2000
G0 F9000 X138.177 Y87.531
M204 S500
G1 F1800 X93.245 Y132.464 E1574.85492
M204 S2000
G0 F9000 X93.81 Y132.464
M204 S500
G1 F1800 X138.743 Y87.531 E1576.96843
M204 S2000
G0 F9000 X139.309 Y87.531
M204 S500
G1 F1800 X94.376 Y132.464 E1579.08194
M204 S2000
G0 F9000 X94.942 Y132.464
M204 S500
G1 F1800 X139.874 Y87.531 E1581.19542
M204 S2000
G0 F9000 X140.44 Y87.531
M204 S500
G1 F1800 X95.507 Y132.464 E1583.30893
M204 S2000
G0 F9000 X96.073 Y132.464
M204 S500
G1 F1800 X141.006 Y87.531 E1585.42245
M204 S2000
G0 F9000 X141.571 Y87.531
M204 S500
G1 F1800 X96.639 Y132.464 E1587.53593
M204 S2000
G0 F9000 X97.205 Y132.464
M204 S500
G1 F1800 X142.137 Y87.531 E1589.64942
M204 S2000
G0 F9000 X142.703 Y87.531
M204 S500
G1 F1800 X97.77 Y132.464 E1591.76293
M204 S2000
G0 F9000 X98.336 Y132.464
M204 S500
G1 F1800 X143.268 Y87.531 E1593.87642
M204 S2000
G0 F9000 X143.649 Y87.717
M204 S500
G1 F1800 X98.902 Y132.464 E1595.98118
M204 S2000
G0 F9000 X99.467 Y132.464
M204 S500
G1 F1800 X143.712 Y88.219 E1598.06233
M204 S2000
G0 F9000 X143.712 Y88.784
M204 S500
G1 F1800 X100.033 Y132.464 E1600.11688
M204 S2000
G0 F9000 X100.599 Y132.464
M204 S500
G1 F1800 X143.712 Y89.35 E1602.1448
M204 S2000
G0 F9000 X143.712 Y89.916
M204 S500
G1 F1800 X101.164 Y132.464 E1604.14613
M204 S2000
G0 F9000 X101.73 Y132.464
M204 S500
G1 F1800 X143.712 Y90.481 E1606.12086
M204 S2000
G0 F9000 X143.712 Y91.047
M204 S500
G1 F1800 X102.296 Y132.464 E1608.06897
M204 S2000
G0 F9000 X102.861 Y132.464
M204 S500
G1 F1800 X143.712 Y91.613 E1609.99047
M204 S2000
G0 F9000 X143.712 Y92.178
M204 S500
G1 F1800 X103.427 Y132.464 E1611.88538
M204 S2000
G0 F9000 X103.993 Y132.464
M204 S500
G1 F1800 X143.712 Y92.744 E1613.75366
M204 S2000
G0 F9000 X143.712 Y93.31
M204 S500
G1 F1800 X104.558 Y132.464 E1615.59534
M204 S2000
G0 F9000 X105.124 Y132.464
M204 S500
G1 F1800 X143.712 Y93.875 E1617.41043
M204 S2000
G0 F9000 X143.712 Y94.441
M204 S500
G1 F1800 X105.69 Y132.464 E1619.19889
M204 S2000
G0 F9000 X106.256 Y132.464
M204 S500
G1 F1800 X143.712 Y95.007 E1620.96073
M204 S2000
G0 F9000 X143.712 Y95.573
M204 S500
G1 F1800 X106.821 Y132.464 E1622.69597
M204 S2000
G0 F9000 X107.387 Y132.464
M204 S500
G1 F1800 X143.712 Y96.138 E1624.40461
M204 S2000
G0 F9000 X143.712 Y96.704
M204 S500
G1 F1800 X107.953 Y132.464 E1626.08663
M204 S2000
G0 F9000 X108.518 Y132.464
M204 S500
G1 F1800 X143.712 Y97.27 E1627.74205
M204 S2000
G0 F9000 X143.712 Y97.835
M204 S500
G1 F1800 X109.084 Y132.464 E1629.37086
M204 S2000
G0 F9000 X109.65 Y132.464
M204 S500
G1 F1800 X143.712 Y98.401 E1630.97306
M204 S2000
G0 F9000 X143.712 Y98.967
M204 S500
G1 F1800 X110.215 Y132.464 E1632.54866
M204 S2000
G0 F9000 X110.781 Y132.464
M204 S500
G1 F1800 X143.712 Y99.532 E1634.09765
M204 S2000
G0 F9000 X143.712 Y100.098
M204 S500
G1 F1800 X111.347 Y132.464 E1635.62003
M204 S2000
G0 F9000 X111.912 Y132.464
M204 S500
G1 F1800 X143.712 Y100.664 E1637.1158
M204 S2000
G0 F9000 X143.712 Y101.229
M204 S500
G1 F1800 X112.478 Y132.464 E1638.58498
M204 S2000
G0 F9000 X113.044 Y132.464
M204 S500
G1 F1800 X143.712 Y101.795 E1640.02753
M204 S2000
G0 F9000 X143.712 Y102.361
M204 S500
G1 F1800 X113.609 Y132.464 E1641.44348
M204 S2000
G0 F9000 X114.175 Y132.464
M204 S500
G1 F1800 X143.712 Y102.926 E1642.83283
M204 S2000
G0 F9000 X143.712 Y103.492
M204 S500
G1 F1800 X114.741 Y132.464 E1644.19556
M204 S2000
G0 F9000 X115.306 Y132.464
M204 S500
G1 F1800 X143.712 Y104.058 E1645.5317
M204 S2000
G0 F9000 X143.712 Y104.624
M204 S500
G1 F1800 X122.052 Y126.284 E1646.55052
M204 S2000
G0 F9000 X122.836 Y126.065
M204 S500
G1 F1800 X143.712 Y105.189 E1647.53246
M204 S2000
G0 F9000 X143.712 Y105.755
M204 S500
G1 F1800 X123.405 Y126.062 E1648.48764
M204 S2000
G0 F9000 X123.869 Y126.164
M204 S500
G1 F1800 X143.712 Y106.321 E1649.42099
M204 S2000
G0 F9000 X143.712 Y106.886
M204 S500
G1 F1800 X124.28 Y126.318 E1650.33501
M204 S2000
G0 F9000 X124.637 Y126.527
M204 S500
G1 F1800 X143.712 Y107.452 E1651.23224
M204 S2000
G0 F9000 X143.712 Y108.018
M204 S500
G1 F1800 X124.96 Y126.77 E1652.11428
M204 S2000
G0 F9000 X125.226 Y127.069
M204 S500
G1 F1800 X143.712 Y108.583 E1652.9838
M204 S2000
G0 F9000 X143.712 Y109.149
M204 S500
G1 F1800 X125.451 Y127.41 E1653.84275
M204 S2000
G0 F9000 X125.635 Y127.792
M204 S500
G1 F1800 X143.712 Y109.715 E1654.69303
M204 S2000
G0 F9000 X143.712 Y110.28
M204 S500
G1 F1800 X125.768 Y128.225 E1655.53709
M204 S2000
G0 F9000 X125.827 Y128.732
M204 S500
G1 F1800 X143.712 Y110.846 E1656.37837
M204 S2000
G0 F9000 X143.712 Y111.412
M204 S500
G1 F1800 X125.748 Y129.376 E1657.22334
M204 S2000
G0 F9000 X125.312 Y129.232
G0 X124.613 Y130.033
G0 X123.671 Y130.914
G0 X123.76 Y131.364
M204 S500
G1 F1800 X122.66 Y132.464 E1657.27508
M204 S2000
G0 F9000 X122.095 Y132.464
M204 S500
G1 F1800 X123.125 Y131.433 E1657.32355
M204 S2000
G0 F9000 X122.605 Y131.388
M204 S500
G1 F1800 X121.529 Y132.464 E1657.37416
M204 S2000
G0 F9000 X120.963 Y132.464
M204 S500
G1 F1800 X122.16 Y131.267 E1657.43046
M204 S2000
G0 F9000 X121.774 Y131.088
M204 S500
G1 F1800 X120.398 Y132.464 E1657.49519
M204 S2000
G0 F9000 X119.832 Y132.464
M204 S500
G1 F1800 X121.443 Y130.852 E1657.57099
M204 S2000
G0 F9000 X121.152 Y130.578
M204 S500
G1 F1800 X119.266 Y132.464 E1657.6597
M204 S2000
G0 F9000 X118.701 Y132.464
M204 S500
G1 F1800 X120.895 Y130.27 E1657.7629
M204 S2000
G0 F9000 X120.684 Y129.915
M204 S500
G1 F1800 X118.135 Y132.464 E1657.8828
M204 S2000
G0 F9000 X117.569 Y132.464
M204 S500
G1 F1800 X120.536 Y129.497 E1658.02235
M204 S2000
G0 F9000 X120.445 Y129.022
M204 S500
G1 F1800 X117.004 Y132.464 E1658.18423
M204 S2000
G0 F9000 X116.438 Y132.464
M204 S500
G1 F1800 X120.454 Y128.448 E1658.37313
M204 S2000
G0 F9000 X120.627 Y127.708
M204 S500
G1 F1800 X115.872 Y132.464 E1658.59682
M204 S2000
G0 F9000 X115.872 Y132.924
G0 X123.226 Y132.924
G0 X123.226 Y132.464
M204 S500
G1 F1800 X143.712 Y111.977 E1659.56044
M204 S2000
G0 F9000 X143.712 Y112.543
M204 S500
G1 F1800 X123.792 Y132.464 E1660.49744
M204 S2000
G0 F9000 X124.357 Y132.464
M204 S500
G1 F1800 X143.712 Y113.109 E1661.40784
M204 S2000
G0 F9000 X143.712 Y113.674
M204 S500
G1 F1800 X124.923 Y132.464 E1662.29164
M204 S2000
G0 F9000 X125.489 Y132.464
M204 S500
G1 F1800 X143.712 Y114.24 E1663.14882
M204 S2000
G0 F9000 X143.712 Y114.806
M204 S500
G1 F1800 X126.055 Y132.464 E1663.97937
M204 S2000
G0 F9000 X126.62 Y132.464
M204 S500
G1 F1800 X143.712 Y115.372 E1664.78332
M204 S2000
G0 F9000 X143.712 Y115.937
M204 S500
G1 F1800 X127.186 Y132.464 E1665.56068
M204 S2000
G0 F9000 X127.752 Y132.464
M204 S500
G1 F1800 X143.712 Y116.503 E1666.31141
M204 S2000
G0 F9000 X143.712 Y117.069
M204 S500
G1 F1800 X128.317 Y132.464 E1667.03555
M204 S2000
G0 F9000 X128.883 Y132.464
M204 S500
G1 F1800 X143.712 Y117.634 E1667.73308
M204 S2000
G0 F9000 X143.712 Y118.2
M204 S500
G1 F1800 X129.449 Y132.464 E1668.40399
M204 S2000
G0 F9000 X130.014 Y132.464
M204 S500
G1 F1800 X143.712 Y118.766 E1669.0483
M204 S2000
G0 F9000 X143.712 Y119.331
M204 S500
G1 F1800 X130.58 Y132.464 E1669.66602
M204 S2000
G0 F9000 X131.146 Y132.464
M204 S500
G1 F1800 X143.712 Y119.897 E1670.25711
M204 S2000
G0 F9000 X143.712 Y120.463
M204 S500
G1 F1800 X131.711 Y132.464 E1670.8216
M204 S2000
G0 F9000 X132.277 Y132.464
M204 S500
G1 F1800 X143.712 Y121.028 E1671.35949
M204 S2000
G0 F9000 X143.712 Y121.594
M204 S500
G1 F1800 X132.843 Y132.464 E1671.87076
M204 S2000
G0 F9000 X133.408 Y132.464
M204 S500
G1 F1800 X143.712 Y122.16 E1672.35542
M204 S2000
G0 F9000 X143.712 Y122.725
M204 S500
G1 F1800 X133.974 Y132.464 E1672.81349
M204 S2000
G0 F9000 X134.54 Y132.464
M204 S500
G1 F1800 X143.712 Y123.291 E1673.24494
M204 S2000
G0 F9000 X143.712 Y123.857
M204 S500
G1 F1800 X135.105 Y132.464 E1673.64979
M204 S2000
G0 F9000 X135.671 Y132.464
M204 S500
G1 F1800 X143.712 Y124.423 E1674.02801
M204 S2000
G0 F9000 X143.712 Y124.988
M204 S500
G1 F1800 X136.237 Y132.464 E1674.37964
M204 S2000
G0 F9000 X136.803 Y132.464
M204 S500
G1 F1800 X143.712 Y125.554 E1674.70464
M204 S2000
G0 F9000 X143.712 Y126.12
M204 S500
G1 F1800 X137.368 Y132.464 E1675.00304
M204 S2000
G0 F9000 X137.934 Y132.464
M204 S500
G1 F1800 X143.712 Y126.685 E1675.27484
M204 S2000
G0 F9000 X143.712 Y127.251
M204 S500
G1 F1800 X138.5 Y132.464 E1675.52002
M204 S2000
G0 F9000 X139.065 Y132.464
M204 S500
G1 F1800 X143.712 Y127.817 E1675.7386
M204 S2000
G0 F9000 X143.712 Y128.382
M204 S500
G1 F1800 X139.631 Y132.464 E1675.93058
M204 S2000
G0 F9000 X140.197 Y132.464
M204 S500
G1 F1800 X143.712 Y128.948 E1676.09594
M204 S2000
G0 F9000 X143.712 Y129.514
M204 S500
G1 F1800 X140.762 Y132.464 E1676.2347
M204 S2000
G0 F9000 X141.328 Y132.464
M204 S500
G1 F1800 X143.712 Y130.079 E1676.34686
M204 S2000
G0 F9000 X143.712 Y130.645
M204 S500
G1 F1800 X141.894 Y132.464 E1676.4324
M204 S2000
G0 F9000 X142.459 Y132.464
M204 S500
G1 F1800 X143.712 Y131.211 E1676.49134
M204 S2000
G0 F9000 X143.712 Y131.776
M204 S500
G1 F1800 X143.025 Y132.464 E1676.52367
M204 S2000
G1 F2400 E1675.72367
G0 F9000 X143.025 Y132.924
G0 X124.168 Y132.824
G0 X123.844 Y94.202
G0 X125.038 Y93.882
M204 S500
G1 F2400 E1676.52367
G1 F1800 X131.389 Y87.531 E1676.8224
M204 S2000
G0 F9000 X130.823 Y87.531
M204 S500
G1 F1800 X125.747 Y92.608 E1677.06119
M204 S2000
G0 F9000 X125.824 Y91.965
M204 S500
G1 F1800 X130.258 Y87.531 E1677.26975
M204 S2000
G0 F9000 X129.692 Y87.531
M204 S500
G1 F1800 X125.772 Y91.452 E1677.45416
M204 S2000
G0 F9000 X125.633 Y91.024
M204 S500
G1 F1800 X129.126 Y87.531 E1677.61846
M204 S2000
G0 F9000 X128.56 Y87.531
M204 S500
G1 F1800 X125.444 Y90.648 E1677.76505
M204 S2000
G0 F9000 X125.22 Y90.306
M204 S500
G1 F1800 X127.995 Y87.531 E1677.89558
M204 S2000
G0 F9000 X127.429 Y87.531
M204 S500
G1 F1800 X124.952 Y90.008 E1678.01209
M204 S2000
G0 F9000 X124.63 Y89.765
M204 S500
G1 F1800 X126.863 Y87.531 E1678.11714
M204 S2000
G0 F9000 X126.298 Y87.531
M204 S500
G1 F1800 X124.268 Y89.561 E1678.21263
M204 S2000
G0 F9000 X123.859 Y89.404
M204 S500
G1 F1800 X125.732 Y87.531 E1678.30073
M204 S2000
G0 F9000 X125.166 Y87.531
M204 S500
G1 F1800 X123.389 Y89.308 E1678.38431
M204 S2000
G0 F9000 X122.819 Y89.313
M204 S500
G1 F1800 X124.601 Y87.531 E1678.46813
M204 S2000
G0 F9000 X124.035 Y87.531
M204 S500
G1 F1800 X122.028 Y89.538 E1678.56254
M204 S2000
G0 F9000 X122.213 Y89.961
G0 X121.073 Y91.085
G0 X120.635 Y90.932
M204 S500
G1 F1800 X82.273 Y129.294 E1680.36697
M204 S2000
G0 F9000 X82.321 Y128.679
M204 S500
G1 F1800 X123.469 Y87.531 E1682.30244
M204 S2000
G0 F9000 X122.904 Y87.531
M204 S500
G1 F1800 X82.262 Y128.173 E1684.21412
M204 S2000
G0 F9000 X82.119 Y127.75
M204 S500
G1 F1800 X122.338 Y87.531 E1686.1059
M204 S2000
G0 F9000 X121.772 Y87.531
M204 S500
G1 F1800 X81.928 Y127.375 E1687.98004
M204 S2000
G0 F9000 X81.699 Y127.039
M204 S500
G1 F1800 X121.207 Y87.531 E1689.83837
M204 S2000
G0 F9000 X120.641 Y87.531
M204 S500
G1 F1800 X81.428 Y126.744 E1691.68283
M204 S2000
G0 F9000 X81.102 Y126.505
M204 S500
G1 F1800 X120.075 Y87.531 E1693.51602
M204 S2000
G0 F9000 X119.51 Y87.531
M204 S500
G1 F1800 X80.735 Y126.306 E1695.33988
M204 S2000
G0 F9000 X80.321 Y126.154
M204 S500
G1 F1800 X118.944 Y87.531 E1697.15659
M204 S2000
G0 F9000 X118.378 Y87.531
M204 S500
G1 F1800 X79.849 Y126.06 E1698.96887
M204 S2000
G0 F9000 X79.27 Y126.074
M204 S500
G1 F1800 X117.812 Y87.531 E1700.7818
M204 S2000
G0 F9000 X117.247 Y87.531
M204 S500
G1 F1800 X78.455 Y126.323 E1702.60645
M204 S2000
G0 F9000 X78.639 Y126.745
G0 X79.832 Y126.782
G0 X80.236 Y126.867
G0 X80.614 Y127.035
G0 X80.949 Y127.279
G0 X81.226 Y127.587
G0 X81.433 Y127.946
G0 X81.562 Y128.339
G0 X81.44 Y130.063
G0 X81.827 Y130.305
M204 S500
G1 F1800 X120.452 Y91.68 E1704.42325
M204 S2000
G1 F2400 E1703.62325
G0 F9000 X120.91 Y91.727
G0 X120.856 Y92.479
G0 X81.946 Y128.743
G0 X81.231 Y130.901
M204 S500
G1 F2400 E1704.42325
G1 F1800 X79.668 Y132.464 E1704.49677
M204 S2000
G1 F2400 E1703.69677
;MESH:NONMESH
G0 F300 X79.668 Y132.464 Z1.8
G0 F9000 X79.668 Y132.924
G0 X80.705 Y132.824
G0 X79.871 Y94.309
G0 X80.289 Y94.03
;TIME_ELAPSED:1974.049461
;LAYER:8
M204 S500
;TYPE:WALL-INNER
;MESH:raspberry pi 4 B bottom part case.stl
G1 F2400 E1704.49677
G1 F1800 X79.853 Y94.128 E1704.51164
G1 X79.397 Y94.128 E1704.5268
G1 X78.963 Y94.034 E1704.54157
G1 X78.555 Y93.856 E1704.55638
G1 X78.19 Y93.592 E1704.57136
G1 X77.894 Y93.257 E1704.58623
G1 X77.664 Y92.871 E1704.60117
G1 X77.528 Y92.434 E1704.6164
G1 X77.484 Y92 E1704.6309
G1 X77.529 Y91.557 E1704.64571
G1 X77.665 Y91.128 E1704.66068
G1 X77.892 Y90.741 E1704.67561
G1 X78.191 Y90.404 E1704.69059
G1 X78.554 Y90.141 E1704.7055
G1 X78.963 Y89.961 E1704.72036
G1 X79.402 Y89.868 E1704.73529
G1 X79.851 Y89.868 E1704.75022
G1 X80.287 Y89.962 E1704.76506
G1 X80.695 Y90.141 E1704.77987
G1 X81.052 Y90.403 E1704.7946
G1 X81.356 Y90.741 E1704.80972
G1 X81.578 Y91.126 E1704.8245
G1 X81.72 Y91.559 E1704.83966
G1 X81.763 Y91.995 E1704.85423
G1 X81.72 Y92.437 E1704.869
G1 X81.583 Y92.85 E1704.88348
G1 X81.351 Y93.258 E1704.89909
G1 X81.054 Y93.587 E1704.91383
G1 X80.689 Y93.858 E1704.92895
G1 X80.289 Y94.03 E1704.94343
M204 S2000
G1 F2400 E1704.14343
G0 F9000 X80.705 Y93.961
G0 X79.871 Y94.309
G0 X79.876 Y126.439
G0 X80.283 Y130.788
M204 S500
G1 F2400 E1704.94343
G1 F1800 X79.848 Y130.876 E1704.95819
G1 X79.404 Y130.876 E1704.97296
G1 X78.965 Y130.788 E1704.98785
G1 X78.551 Y130.601 E1705.00296
G1 X78.21 Y130.352 E1705.017
G1 X77.896 Y130.014 E1705.03235
G1 X77.665 Y129.62 E1705.04754
G1 X77.528 Y129.186 E1705.06268
G1 X77.484 Y128.748 E1705.07732
G1 X77.529 Y128.305 E1705.09213
G1 X77.666 Y127.875 E1705.10714
G1 X77.894 Y127.491 E1705.12199
G1 X78.19 Y127.156 E1705.13686
G1 X78.555 Y126.892 E1705.15184
G1 X78.963 Y126.714 E1705.16665
G1 X79.397 Y126.62 E1705.18142
G1 X79.853 Y126.62 E1705.19658
G1 X80.289 Y126.718 E1705.21145
G1 X80.678 Y126.888 E1705.22557
G1 X81.059 Y127.166 E1705.24125
G1 X81.358 Y127.495 E1705.25604
G1 X81.574 Y127.874 E1705.27055
G1 X81.715 Y128.299 E1705.28544
G1 X81.764 Y128.745 E1705.30036
G1 X81.72 Y129.189 E1705.3152
G1 X81.578 Y129.622 E1705.33036
G1 X81.357 Y130.002 E1705.34498
G1 X81.052 Y130.341 E1705.36015
G1 X80.698 Y130.601 E1705.37476
G1 X80.283 Y130.788 E1705.3899
M204 S2000
G1 F2400 E1704.5899
G0 F9000 X80.308 Y130.886
G0 X81.504 Y130.11
G0 X81.504 Y132.824
G0 X110 Y133.024
M204 S500
G1 F2400 E1705.3899
G1 F1800 X143.346 Y133.024 E1706.49899
G1 X143.719 Y132.951 E1706.51163
G1 X144.011 Y132.755 E1706.52333
G1 X144.121 Y132.622 E1706.52907
G1 X144.272 Y132.243 E1706.54264
G1 X144.272 Y87.753 E1708.02238
G1 X144.12 Y87.376 E1708.0359
G1 X144.009 Y87.239 E1708.04177
G1 X143.719 Y87.045 E1708.05337
G1 X143.492 Y86.976 E1708.06126
G1 X76.512 Y86.973 E1710.28902
G1 X76.277 Y87.045 E1710.2972
G1 X75.989 Y87.237 E1710.30871
G1 X75.797 Y87.529 E1710.32034
G1 X75.724 Y87.891 E1710.33262
G1 X75.724 Y132.098 E1711.80295
G1 X75.797 Y132.472 E1711.81562
G1 X75.988 Y132.757 E1711.82703
G1 X76.277 Y132.951 E1711.83861
G1 X76.639 Y133.024 E1711.85089
G1 X110 Y133.024 E1712.96048
M204 S2000
G1 F2400 E1712.16048
G0 F9000 X110.001 Y132.924
G0 X122.504 Y132.824
G0 X122.858 Y131.051
G0 X122.904 Y130.876
M204 S500
G1 F2400 E1712.96048
G1 F1800 X122.465 Y130.789 E1712.97537
G1 X122.052 Y130.602 E1712.99045
G1 X121.69 Y130.34 E1713.00531
G1 X121.394 Y130.005 E1713.02018
G1 X121.163 Y129.617 E1713.0352
G1 X121.03 Y129.194 E1713.04995
G1 X120.984 Y128.74 E1713.06512
G1 X121.033 Y128.303 E1713.07975
G1 X121.161 Y127.885 E1713.09429
G1 X121.409 Y127.475 E1713.11023
G1 X121.69 Y127.158 E1713.12432
G1 X122.036 Y126.907 E1713.13853
G1 X122.442 Y126.724 E1713.15335
G1 X122.921 Y126.621 E1713.16964
G1 X123.349 Y126.623 E1713.18388
G1 X123.788 Y126.717 E1713.19881
G1 X124.191 Y126.892 E1713.21342
G1 X124.535 Y127.144 E1713.22761
G1 X124.84 Y127.477 E1713.24262
G1 X125.075 Y127.876 E1713.25803
G1 X125.215 Y128.299 E1713.27285
G1 X125.264 Y128.745 E1713.28777
G1 X125.22 Y129.189 E1713.30261
G1 X125.078 Y129.622 E1713.31777
G1 X124.853 Y130.012 E1713.33274
G1 X124.551 Y130.341 E1713.34759
G1 X124.198 Y130.601 E1713.36218
G1 X123.783 Y130.788 E1713.37732
G1 X123.348 Y130.876 E1713.39208
G1 X122.904 Y130.876 E1713.40684
M204 S2000
G1 F2400 E1712.60684
G0 F9000 X122.504 Y130.899
G0 X121.524 Y129.913
G0 X121.317 Y129.554
G0 X121.188 Y129.161
G0 X121.146 Y128.75
G0 X121.188 Y128.339
G0 X121.317 Y127.946
G0 X121.524 Y127.587
G0 X122.88 Y126.439
G0 X122.88 Y94.308
G0 X122.899 Y94.125
M204 S500
G1 F2400 E1713.40684
G1 F1800 X122.481 Y94.037 E1713.42105
G1 X122.036 Y93.841 E1713.43722
G1 X121.675 Y93.573 E1713.45218
G1 X121.379 Y93.232 E1713.4672
G1 X121.16 Y92.848 E1713.4819
G1 X121.03 Y92.443 E1713.49605
G1 X120.984 Y91.996 E1713.51099
G1 X121.028 Y91.558 E1713.52563
G1 X121.163 Y91.132 E1713.5405
G1 X121.392 Y90.741 E1713.55557
G1 X121.69 Y90.404 E1713.57053
G1 X122.056 Y90.139 E1713.58556
G1 X122.464 Y89.961 E1713.60037
G1 X122.902 Y89.868 E1713.61526
G1 X123.35 Y89.868 E1713.63016
G1 X123.785 Y89.961 E1713.64495
G1 X124.194 Y90.14 E1713.6598
G1 X124.552 Y90.403 E1713.67458
G1 X124.856 Y90.741 E1713.6897
G1 X125.077 Y91.125 E1713.70443
G1 X125.219 Y91.553 E1713.71943
G1 X125.264 Y91.999 E1713.73434
G1 X125.215 Y92.444 E1713.74923
G1 X125.075 Y92.872 E1713.76421
G1 X124.865 Y93.237 E1713.77822
G1 X124.535 Y93.604 E1713.79463
G1 X124.196 Y93.854 E1713.80864
G1 X123.788 Y94.031 E1713.82343
G1 X123.327 Y94.127 E1713.83909
G1 X122.899 Y94.125 E1713.85333
M204 S2000
G0 F9000 X122.921 Y93.724
M204 S500
;TYPE:WALL-OUTER
G1 F1800 X122.585 Y93.651 E1713.86477
G1 X122.261 Y93.509 E1713.87653
G1 X121.961 Y93.293 E1713.88883
G1 X121.724 Y93.027 E1713.90068
G1 X121.53 Y92.696 E1713.91344
G1 X121.424 Y92.358 E1713.92522
G1 X121.388 Y91.98 E1713.93785
G1 X121.42 Y91.66 E1713.94854
G1 X121.543 Y91.274 E1713.96202
G1 X121.707 Y90.994 E1713.97281
G1 X121.978 Y90.689 E1713.98638
G1 X122.238 Y90.501 E1713.99705
G1 X122.567 Y90.352 E1714.00907
G1 X122.929 Y90.271 E1714.0214
G1 X123.327 Y90.272 E1714.03464
G1 X123.681 Y90.352 E1714.04671
G1 X124.011 Y90.502 E1714.05877
G1 X124.267 Y90.69 E1714.06933
G1 X124.542 Y90.996 E1714.08302
G1 X124.718 Y91.313 E1714.09508
G1 X124.828 Y91.66 E1714.10718
G1 X124.86 Y91.98 E1714.11788
G1 X124.828 Y92.337 E1714.1298
G1 X124.711 Y92.707 E1714.14271
G1 X124.534 Y93.013 E1714.15447
G1 X124.287 Y93.288 E1714.16676
G1 X123.973 Y93.516 E1714.17967
G1 X123.663 Y93.651 E1714.19091
G1 X123.299 Y93.728 E1714.20329
G1 X122.921 Y93.724 E1714.21586
M204 S2000
G1 F2400 E1713.41586
G0 F9000 X122.818 Y94.214
G0 X122.88 Y126.439
G0 X122.924 Y130.472
M204 S500
G1 F2400 E1714.21586
G1 F1800 X122.565 Y130.395 E1714.22807
G1 X122.238 Y130.243 E1714.24007
G1 X121.978 Y130.055 E1714.25074
G1 X121.708 Y129.751 E1714.26426
G1 X121.525 Y129.433 E1714.27646
G1 X121.429 Y129.129 E1714.28707
G1 X121.388 Y128.728 E1714.30047
G1 X121.424 Y128.386 E1714.31191
G1 X121.531 Y128.047 E1714.32373
G1 X121.715 Y127.733 E1714.33584
G1 X121.969 Y127.448 E1714.34854
G1 X122.275 Y127.232 E1714.36099
G1 X122.592 Y127.095 E1714.37248
G1 X122.949 Y127.02 E1714.38461
G1 X123.327 Y127.024 E1714.39719
G1 X123.663 Y127.097 E1714.40862
G1 X123.992 Y127.242 E1714.42058
G1 X124.277 Y127.45 E1714.43232
G1 X124.526 Y127.724 E1714.44463
G1 X124.711 Y128.041 E1714.45684
G1 X124.824 Y128.385 E1714.46888
G1 X124.86 Y128.728 E1714.48035
G1 X124.828 Y129.088 E1714.49237
G1 X124.702 Y129.472 E1714.50581
G1 X124.516 Y129.788 E1714.51801
G1 X124.267 Y130.054 E1714.53013
G1 X123.975 Y130.263 E1714.54207
G1 X123.64 Y130.409 E1714.55423
G1 X123.319 Y130.474 E1714.56512
G1 X122.924 Y130.472 E1714.57826
M204 S2000
G1 F2400 E1713.77826
G0 F9000 X122.504 Y130.899
G0 X121.247 Y130.111
G0 X121.247 Y132.824
G0 X110 Y133.424
M204 S500
G1 F2400 E1714.57826
G1 F1800 X143.366 Y133.424 E1715.68802
G1 X143.624 Y133.398 E1715.69664
G1 X143.989 Y133.287 E1715.70933
G1 X144.294 Y133.041 E1715.72236
G1 X144.456 Y132.844 E1715.73084
G1 X144.569 Y132.628 E1715.73895
G1 X144.672 Y132.286 E1715.75083
G1 X144.672 Y87.878 E1717.22785
G1 X144.646 Y87.624 E1717.23634
G1 X144.532 Y87.249 E1717.24938
G1 X144.293 Y86.955 E1717.26198
G1 X143.99 Y86.709 E1717.27496
G1 X143.553 Y86.576 E1717.29015
G1 X76.63 Y86.573 E1719.51602
G1 X76.372 Y86.598 E1719.52464
G1 X76.007 Y86.709 E1719.53733
G1 X75.703 Y86.954 E1719.55032
G1 X75.461 Y87.26 E1719.56329
G1 X75.324 Y87.705 E1719.57878
G1 X75.324 Y132.118 E1721.05596
G1 X75.35 Y132.372 E1721.06445
G1 X75.46 Y132.74 E1721.07723
G1 X75.703 Y133.041 E1721.09009
G1 X76.006 Y133.287 E1721.10308
G1 X76.458 Y133.424 E1721.11878
G1 X110 Y133.424 E1722.2344
M204 S2000
G1 F2400 E1721.4344
G0 F9000 X110.001 Y132.924
G0 X80.25 Y132.824
G0 X79.898 Y131.069
G0 X80.14 Y130.409
M204 S500
G1 F2400 E1722.2344
G1 F1800 X79.819 Y130.474 E1722.24529
G1 X79.424 Y130.472 E1722.25843
G1 X79.065 Y130.395 E1722.27064
G1 X78.738 Y130.243 E1722.28263
G1 X78.467 Y130.046 E1722.29378
G1 X78.207 Y129.754 E1722.30678
G1 X78.025 Y129.433 E1722.31905
G1 X77.921 Y129.091 E1722.33094
G1 X77.884 Y128.748 E1722.34242
G1 X77.929 Y128.367 E1722.35518
G1 X78.044 Y128.021 E1722.3673
G1 X78.23 Y127.715 E1722.37921
G1 X78.478 Y127.441 E1722.39151
G1 X78.738 Y127.253 E1722.40218
G1 X79.067 Y127.104 E1722.41419
G1 X79.421 Y127.024 E1722.42626
G1 X79.827 Y127.024 E1722.43976
G1 X80.181 Y127.104 E1722.45184
G1 X80.511 Y127.254 E1722.46389
G1 X80.777 Y127.45 E1722.47488
G1 X81.029 Y127.728 E1722.48736
G1 X81.202 Y128.023 E1722.49874
G1 X81.324 Y128.385 E1722.51144
G1 X81.36 Y128.768 E1722.52424
G1 X81.328 Y129.088 E1722.53493
G1 X81.202 Y129.473 E1722.54841
G1 X81.042 Y129.749 E1722.55902
G1 X80.767 Y130.054 E1722.57268
G1 X80.475 Y130.263 E1722.58462
G1 X80.14 Y130.409 E1722.59677
M204 S2000
G1 F2400 E1721.79677
G0 F9000 X80.25 Y130.898
G0 X81.226 Y129.913
G0 X81.433 Y129.554
G0 X81.562 Y129.161
G0 X81.604 Y128.75
G0 X81.562 Y128.339
G0 X81.433 Y127.946
G0 X81.226 Y127.587
G0 X79.876 Y126.439
G0 X79.871 Y94.309
G0 X80.181 Y93.644
M204 S500
G1 F2400 E1722.59677
G1 F1800 X79.827 Y93.724 E1722.60884
G1 X79.421 Y93.724 E1722.62235
G1 X79.067 Y93.644 E1722.63442
G1 X78.738 Y93.495 E1722.64643
G1 X78.478 Y93.307 E1722.6571
G1 X78.208 Y93.003 E1722.67063
G1 X78.025 Y92.684 E1722.68286
G1 X77.921 Y92.339 E1722.69484
G1 X77.884 Y92 E1722.70619
G1 X77.929 Y91.619 E1722.71895
G1 X78.043 Y91.274 E1722.73103
G1 X78.207 Y90.994 E1722.74182
G1 X78.478 Y90.689 E1722.75539
G1 X78.775 Y90.48 E1722.76747
G1 X79.105 Y90.34 E1722.7794
G1 X79.429 Y90.271 E1722.79041
G1 X79.827 Y90.272 E1722.80365
G1 X80.181 Y90.352 E1722.81572
G1 X80.511 Y90.502 E1722.82778
G1 X80.767 Y90.69 E1722.83834
G1 X81.042 Y90.996 E1722.85203
G1 X81.218 Y91.313 E1722.86409
G1 X81.328 Y91.66 E1722.87619
G1 X81.36 Y91.98 E1722.88689
G1 X81.324 Y92.359 E1722.89955
G1 X81.219 Y92.683 E1722.91088
G1 X81.036 Y93.01 E1722.92334
G1 X80.784 Y93.292 E1722.93592
G1 X80.5 Y93.501 E1722.94765
G1 X80.181 Y93.644 E1722.95928
M204 S2000
G1 F2400 E1722.15928
G0 F9000 X80.705 Y93.961
G0 X81.498 Y93.37
G0 X121.252 Y93.365
G0 X122.844 Y94.486
M204 S500
;TYPE:SKIN
G1 F2400 E1722.95928
G1 F1800 X123.397 Y94.486 E1722.97767
G1 X123.892 Y94.373 E1722.99456
G1 X124.378 Y94.164 E1723.01215
G1 X124.812 Y93.836 E1723.03025
G1 X125.159 Y93.448 E1723.04756
G1 X125.403 Y93.019 E1723.06397
G1 X125.564 Y92.524 E1723.08129
G1 X125.624 Y91.976 E1723.09962
G1 X125.566 Y91.452 E1723.11716
G1 X125.398 Y90.964 E1723.13432
G1 X125.134 Y90.515 E1723.15165
G1 X124.779 Y90.122 E1723.16926
G1 X124.391 Y89.838 E1723.18525
G1 X123.912 Y89.624 E1723.2027
G1 X123.411 Y89.512 E1723.21978
G1 X122.849 Y89.51 E1723.23847
G1 X122.375 Y89.608 E1723.25457
G1 X121.891 Y89.816 E1723.27209
G1 X121.471 Y90.113 E1723.2892
G1 X121.106 Y90.519 E1723.30736
G1 X120.844 Y90.953 E1723.32422
G1 X120.677 Y91.468 E1723.34223
G1 X120.621 Y91.975 E1723.35919
G1 X120.68 Y92.519 E1723.37739
G1 X120.828 Y92.993 E1723.39391
G1 X121.1 Y93.462 E1723.41194
G1 X121.441 Y93.857 E1723.4293
G1 X121.876 Y94.166 E1723.44704
G1 X122.349 Y94.375 E1723.46424
G1 X122.844 Y94.486 E1723.48111
M204 S2000
G1 F2400 E1722.68111
G0 F9000 X122.883 Y94.229
G0 X122.88 Y126.439
G0 X122.848 Y131.233
M204 S500
G1 F2400 E1723.48111
G1 F1800 X123.395 Y131.233 E1723.49931
G1 X123.88 Y131.137 E1723.51575
G1 X124.36 Y130.922 E1723.53325
G1 X124.775 Y130.621 E1723.5503
G1 X125.136 Y130.231 E1723.56797
G1 X125.398 Y129.784 E1723.58521
G1 X125.576 Y129.244 E1723.60412
G1 X125.624 Y128.76 E1723.62029
G1 X125.559 Y128.197 E1723.63914
G1 X125.403 Y127.725 E1723.65568
G1 X125.143 Y127.275 E1723.67296
G1 X124.798 Y126.887 E1723.69023
G1 X124.367 Y126.573 E1723.70797
G1 X123.892 Y126.371 E1723.72514
G1 X123.401 Y126.262 E1723.74186
G1 X122.848 Y126.262 E1723.76026
G1 X122.353 Y126.369 E1723.7771
G1 X121.88 Y126.574 E1723.79425
G1 X121.441 Y126.891 E1723.81226
G1 X121.097 Y127.285 E1723.82965
G1 X120.834 Y127.735 E1723.84699
G1 X120.684 Y128.205 E1723.8634
G1 X120.621 Y128.716 E1723.88052
G1 X120.669 Y129.237 E1723.89792
G1 X120.825 Y129.748 E1723.91569
G1 X121.106 Y130.226 E1723.93414
G1 X121.434 Y130.594 E1723.95053
G1 X121.846 Y130.898 E1723.96756
G1 X122.368 Y131.137 E1723.98666
G1 X122.848 Y131.233 E1724.00294
M204 S2000
G1 F2400 E1723.20294
G0 F9000 X122.504 Y130.899
G0 X121.247 Y130.111
G0 X121.247 Y132.824
G0 X110 Y132.664
M204 S500
G1 F2400 E1724.00294
G1 F1800 X76.665 Y132.664 E1725.11166
G1 X76.416 Y132.611 E1725.12013
G1 X76.245 Y132.496 E1725.12699
G1 X76.133 Y132.33 E1725.13365
G1 X76.084 Y132.073 E1725.14235
G1 X76.085 Y87.916 E1726.61102
G1 X76.133 Y87.665 E1726.61952
G1 X76.245 Y87.492 E1726.62637
G1 X76.566 Y87.333 E1726.63828
G1 X143.438 Y87.337 E1728.86246
G1 X143.57 Y87.376 E1728.86703
G1 X143.814 Y87.568 E1728.87736
G1 X143.912 Y87.811 E1728.88608
G1 X143.912 Y132.181 E1730.36183
G1 X143.817 Y132.418 E1730.37032
G1 X143.671 Y132.562 E1730.37714
G1 X143.428 Y132.664 E1730.38591
G1 X110 Y132.664 E1731.49773
M204 S2000
G1 F2400 E1730.69773
G0 F9000 X110.001 Y132.924
G0 X80.321 Y132.824
G0 X79.966 Y131.056
G0 X80.38 Y131.137
M204 S500
G1 F2400 E1731.49773
G1 F1800 X80.86 Y130.922 E1731.51522
G1 X81.309 Y130.59 E1731.53379
G1 X81.658 Y130.197 E1731.55127
G1 X81.894 Y129.789 E1731.56695
G1 X82.076 Y129.24 E1731.58619
G1 X82.123 Y128.716 E1731.60369
G1 X82.058 Y128.196 E1731.62112
G1 X81.89 Y127.703 E1731.63844
G1 X81.638 Y127.272 E1731.65504
G1 X81.293 Y126.886 E1731.67226
G1 X80.875 Y126.583 E1731.68943
G1 X80.404 Y126.378 E1731.70652
G1 X79.917 Y126.265 E1731.72315
G1 X79.333 Y126.264 E1731.74257
G1 X78.869 Y126.364 E1731.75836
G1 X78.354 Y126.589 E1731.77705
G1 X77.966 Y126.869 E1731.79296
G1 X77.606 Y127.266 E1731.81079
G1 X77.343 Y127.706 E1731.82784
G1 X77.177 Y128.215 E1731.84565
G1 X77.12 Y128.744 E1731.86334
G1 X77.17 Y129.251 E1731.88029
G1 X77.339 Y129.778 E1731.89869
G1 X77.595 Y130.214 E1731.91551
G1 X77.975 Y130.626 E1731.93415
G1 X78.383 Y130.918 E1731.95084
G1 X78.868 Y131.137 E1731.96854
G1 X79.348 Y131.233 E1731.98482
G1 X79.895 Y131.233 E1732.00301
G1 X80.38 Y131.137 E1732.01946
M204 S2000
G1 F2400 E1731.21946
G0 F9000 X80.321 Y130.883
G0 X81.226 Y129.913
G0 X81.433 Y129.554
G0 X81.562 Y129.161
G0 X81.604 Y128.75
G0 X81.562 Y128.339
G0 X81.433 Y127.946
G0 X81.226 Y127.587
G0 X79.876 Y126.439
G0 X79.871 Y94.309
G0 X80.415 Y94.364
M204 S500
G1 F2400 E1732.01946
G1 F1800 X80.859 Y94.173 E1732.03553
G1 X81.3 Y93.848 E1732.05375
G1 X81.637 Y93.48 E1732.07035
G1 X81.918 Y92.987 E1732.08922
G1 X82.064 Y92.519 E1732.10553
G1 X82.124 Y91.975 E1732.12373
G1 X82.066 Y91.455 E1732.14114
G1 X81.91 Y90.995 E1732.15729
G1 X81.634 Y90.514 E1732.17574
G1 X81.31 Y90.15 E1732.19194
G1 X80.891 Y89.838 E1732.20932
G1 X80.412 Y89.624 E1732.22677
G1 X79.911 Y89.512 E1732.24384
G1 X79.349 Y89.51 E1732.26254
G1 X78.875 Y89.608 E1732.27863
G1 X78.354 Y89.837 E1732.29756
G1 X77.966 Y90.117 E1732.31348
G1 X77.61 Y90.511 E1732.33114
G1 X77.339 Y90.966 E1732.34875
G1 X77.177 Y91.468 E1732.3663
G1 X77.12 Y91.996 E1732.38396
G1 X77.174 Y92.479 E1732.40013
G1 X77.319 Y92.984 E1732.4176
G1 X77.587 Y93.45 E1732.43548
G1 X77.938 Y93.85 E1732.45318
G1 X78.39 Y94.175 E1732.4717
G1 X78.869 Y94.384 E1732.48908
G1 X79.333 Y94.484 E1732.50487
G1 X79.913 Y94.483 E1732.52416
G1 X80.415 Y94.364 E1732.54132
M204 S2000
G1 F2400 E1731.74132
G0 F9000 X80.705 Y93.961
G0 X79.871 Y94.309
G0 X75.924 Y94.309
G0 X75.846 Y132.212
G0 X76.284 Y131.721
M204 S500
G1 F2400 E1732.54132
G1 F1800 X77.027 Y132.464 E1732.57626
M204 S2000
G0 F9000 X77.592 Y132.464
M204 S500
G1 F1800 X76.284 Y131.156 E1732.63779
M204 S2000
G0 F9000 X76.284 Y130.59
M204 S500
G1 F1800 X78.158 Y132.464 E1732.72594
M204 S2000
G0 F9000 X78.724 Y132.464
M204 S500
G1 F1800 X76.284 Y130.024 E1732.84071
M204 S2000
G0 F9000 X76.284 Y129.459
M204 S500
G1 F1800 X79.289 Y132.464 E1732.98205
M204 S2000
G0 F9000 X79.855 Y132.464
M204 S500
G1 F1800 X78.657 Y131.266 E1733.0384
M204 S2000
G0 F9000 X79.393 Y131.436
M204 S500
G1 F1800 X80.421 Y132.464 E1733.08676
M204 S2000
G0 F9000 X80.986 Y132.464
M204 S500
G1 F1800 X79.949 Y131.426 E1733.13556
M204 S2000
G0 F9000 X80.421 Y131.332
M204 S500
G1 F1800 X81.552 Y132.464 E1733.18878
M204 S2000
G0 F9000 X82.118 Y132.464
M204 S500
G1 F1800 X80.817 Y131.163 E1733.24997
M204 S2000
G0 F9000 X81.168 Y130.948
M204 S500
G1 F1800 X82.683 Y132.464 E1733.32126
M204 S2000
G0 F9000 X83.249 Y132.464
M204 S500
G1 F1800 X81.482 Y130.697 E1733.40437
M204 S2000
G0 F9000 X81.75 Y130.399
M204 S500
G1 F1800 X83.815 Y132.464 E1733.5015
M204 S2000
G0 F9000 X84.38 Y132.464
M204 S500
G1 F1800 X81.971 Y130.055 E1733.61482
M204 S2000
G0 F9000 X82.15 Y129.667
M204 S500
G1 F1800 X84.946 Y132.464 E1733.74636
M204 S2000
G0 F9000 X85.512 Y132.464
M204 S500
G1 F1800 X82.278 Y129.23 E1733.89847
M204 S2000
G0 F9000 X82.324 Y128.71
M204 S500
G1 F1800 X86.078 Y132.464 E1734.07505
M204 S2000
G0 F9000 X86.643 Y132.464
M204 S500
G1 F1800 X82.215 Y128.035 E1734.28335
M204 S2000
G0 F9000 X81.78 Y128.178
G0 X81.107 Y127.45
G0 X79.947 Y126.537
G0 X80.337 Y126.157
M204 S500
G1 F1800 X76.284 Y122.105 E1734.47397
M204 S2000
G0 F9000 X76.284 Y122.67
M204 S500
G1 F1800 X79.674 Y126.06 E1734.63342
M204 S2000
G0 F9000 X79.147 Y126.099
M204 S500
G1 F1800 X76.284 Y123.236 E1734.76809
M204 S2000
G0 F9000 X76.284 Y123.802
M204 S500
G1 F1800 X78.698 Y126.216 E1734.88164
M204 S2000
G0 F9000 X78.305 Y126.388
M204 S500
G1 F1800 X76.284 Y124.367 E1734.9767
M204 S2000
G0 F9000 X76.284 Y124.933
M204 S500
G1 F1800 X77.971 Y126.619 E1735.05603
M204 S2000
G0 F9000 X77.675 Y126.89
M204 S500
G1 F1800 X76.284 Y125.499 E1735.12146
M204 S2000
G0 F9000 X76.284 Y126.064
M204 S500
G1 F1800 X77.413 Y127.194 E1735.17458
M204 S2000
G0 F9000 X77.204 Y127.55
M204 S500
G1 F1800 X76.284 Y126.63 E1735.21786
M204 S2000
G0 F9000 X76.284 Y127.196
M204 S500
G1 F1800 X77.048 Y127.959 E1735.25377
M204 S2000
G0 F9000 X76.951 Y128.428
M204 S500
G1 F1800 X76.284 Y127.761 E1735.28515
M204 S2000
G0 F9000 X76.284 Y128.327
M204 S500
G1 F1800 X76.944 Y128.987 E1735.31619
M204 S2000
G0 F9000 X76.284 Y128.893
M204 S500
G1 F1800 X77.105 Y129.714 E1735.35481
M204 S2000
G1 F2400 E1734.55481
G0 F9000 X77.546 Y129.579
G0 X77.747 Y127.385
G0 X75.924 Y127.385
G0 X76.284 Y121.539
M204 S500
G1 F2400 E1735.35481
G1 F1800 X87.209 Y132.464 E1735.86869
M204 S2000
G0 F9000 X87.775 Y132.464
M204 S500
G1 F1800 X76.284 Y120.973 E1736.40919
M204 S2000
G0 F9000 X76.284 Y120.408
M204 S500
G1 F1800 X88.34 Y132.464 E1736.97626
M204 S2000
G0 F9000 X88.906 Y132.464
M204 S500
G1 F1800 X76.284 Y119.842 E1737.56996
M204 S2000
G0 F9000 X76.284 Y119.276
M204 S500
G1 F1800 X89.472 Y132.464 E1738.19029
M204 S2000
G0 F9000 X90.037 Y132.464
M204 S500
G1 F1800 X76.284 Y118.711 E1738.83719
M204 S2000
G0 F9000 X76.284 Y118.145
M204 S500
G1 F1800 X90.603 Y132.464 E1739.51071
M204 S2000
G0 F9000 X91.169 Y132.464
M204 S500
G1 F1800 X76.284 Y117.579 E1740.21085
M204 S2000
G0 F9000 X76.284 Y117.013
M204 S500
G1 F1800 X91.734 Y132.464 E1740.9376
M204 S2000
G0 F9000 X92.3 Y132.464
M204 S500
G1 F1800 X76.284 Y116.448 E1741.69094
M204 S2000
G0 F9000 X76.284 Y115.882
M204 S500
G1 F1800 X92.866 Y132.464 E1742.47091
M204 S2000
G0 F9000 X93.431 Y132.464
M204 S500
G1 F1800 X76.284 Y115.316 E1743.27747
M204 S2000
G0 F9000 X76.284 Y114.751
M204 S500
G1 F1800 X93.997 Y132.464 E1744.11064
M204 S2000
G0 F9000 X94.563 Y132.464
M204 S500
G1 F1800 X76.284 Y114.185 E1744.97043
M204 S2000
G0 F9000 X76.284 Y113.619
M204 S500
G1 F1800 X95.128 Y132.464 E1745.85681
M204 S2000
G0 F9000 X95.694 Y132.464
M204 S500
G1 F1800 X76.284 Y113.054 E1746.7698
M204 S2000
G0 F9000 X76.284 Y112.488
M204 S500
G1 F1800 X96.26 Y132.464 E1747.70941
M204 S2000
G0 F9000 X96.826 Y132.464
M204 S500
G1 F1800 X76.284 Y111.922 E1748.67564
M204 S2000
G0 F9000 X76.284 Y111.357
M204 S500
G1 F1800 X97.391 Y132.464 E1749.66845
M204 S2000
G0 F9000 X97.957 Y132.464
M204 S500
G1 F1800 X76.284 Y110.791 E1750.68788
M204 S2000
G0 F9000 X76.284 Y110.225
M204 S500
G1 F1800 X98.523 Y132.464 E1751.73394
M204 S2000
G0 F9000 X99.088 Y132.464
M204 S500
G1 F1800 X76.284 Y109.66 E1752.80657
M204 S2000
G0 F9000 X76.284 Y109.094
M204 S500
G1 F1800 X99.654 Y132.464 E1753.90582
M204 S2000
G0 F9000 X100.22 Y132.464
M204 S500
G1 F1800 X76.284 Y108.528 E1755.0317
M204 S2000
G0 F9000 X76.284 Y107.962
M204 S500
G1 F1800 X100.785 Y132.464 E1756.18417
M204 S2000
G0 F9000 X101.351 Y132.464
M204 S500
G1 F1800 X76.284 Y107.397 E1757.36325
M204 S2000
G0 F9000 X76.284 Y106.831
M204 S500
G1 F1800 X101.917 Y132.464 E1758.56894
M204 S2000
G0 F9000 X102.482 Y132.464
M204 S500
G1 F1800 X76.284 Y106.265 E1759.80124
M204 S2000
G0 F9000 X76.284 Y105.7
M204 S500
G1 F1800 X103.048 Y132.464 E1761.06014
M204 S2000
G0 F9000 X103.614 Y132.464
M204 S500
G1 F1800 X76.284 Y105.134 E1762.34566
M204 S2000
G0 F9000 X76.284 Y104.568
M204 S500
G1 F1800 X104.179 Y132.464 E1763.65778
M204 S2000
G0 F9000 X104.745 Y132.464
M204 S500
G1 F1800 X76.284 Y104.003 E1764.99649
M204 S2000
G0 F9000 X76.284 Y103.437
M204 S500
G1 F1800 X105.311 Y132.464 E1766.36184
M204 S2000
G0 F9000 X105.877 Y132.464
M204 S500
G1 F1800 X76.284 Y102.871 E1767.7538
M204 S2000
G0 F9000 X76.284 Y102.306
M204 S500
G1 F1800 X106.442 Y132.464 E1769.17234
M204 S2000
G0 F9000 X107.008 Y132.464
M204 S500
G1 F1800 X76.284 Y101.74 E1770.6175
M204 S2000
G0 F9000 X76.284 Y101.174
M204 S500
G1 F1800 X107.574 Y132.464 E1772.08929
M204 S2000
G0 F9000 X108.139 Y132.464
M204 S500
G1 F1800 X76.284 Y100.609 E1773.58765
M204 S2000
G0 F9000 X76.284 Y100.043
M204 S500
G1 F1800 X108.705 Y132.464 E1775.11263
M204 S2000
G0 F9000 X109.271 Y132.464
M204 S500
G1 F1800 X76.284 Y99.477 E1776.66424
M204 S2000
G0 F9000 X76.284 Y98.912
M204 S500
G1 F1800 X109.836 Y132.464 E1778.24242
M204 S2000
G0 F9000 X110.402 Y132.464
M204 S500
G1 F1800 X76.284 Y98.346 E1779.84723
M204 S2000
G0 F9000 X76.284 Y97.78
M204 S500
G1 F1800 X110.968 Y132.464 E1781.47866
M204 S2000
G0 F9000 X111.533 Y132.464
M204 S500
G1 F1800 X76.284 Y97.214 E1783.13669
M204 S2000
G0 F9000 X76.284 Y96.649
M204 S500
G1 F1800 X112.099 Y132.464 E1784.82132
M204 S2000
G0 F9000 X112.665 Y132.464
M204 S500
G1 F1800 X76.284 Y96.083 E1786.53257
M204 S2000
G0 F9000 X76.284 Y95.517
M204 S500
G1 F1800 X113.23 Y132.464 E1788.27042
M204 S2000
G0 F9000 X113.796 Y132.464
M204 S500
G1 F1800 X76.284 Y94.952 E1790.03487
M204 S2000
G0 F9000 X76.284 Y94.386
M204 S500
G1 F1800 X114.362 Y132.464 E1791.82594
M204 S2000
G0 F9000 X114.927 Y132.464
M204 S500
G1 F1800 X76.284 Y93.82 E1793.64361
M204 S2000
G0 F9000 X76.284 Y93.255
M204 S500
G1 F1800 X115.493 Y132.464 E1795.48788
M204 S2000
G0 F9000 X116.059 Y132.464
M204 S500
G1 F1800 X76.284 Y92.689 E1797.35878
M204 S2000
G0 F9000 X76.284 Y92.123
M204 S500
G1 F1800 X77.098 Y92.937 E1797.39706
M204 S2000
G0 F9000 X76.942 Y92.216
M204 S500
G1 F1800 X76.284 Y91.558 E1797.42801
M204 S2000
G0 F9000 X76.285 Y90.993
M204 S500
G1 F1800 X76.952 Y91.66 E1797.45939
M204 S2000
G0 F9000 X77.053 Y91.195
M204 S500
G1 F1800 X76.285 Y90.427 E1797.49551
M204 S2000
G0 F9000 X76.285 Y89.861
M204 S500
G1 F1800 X77.211 Y90.788 E1797.53909
M204 S2000
G0 F9000 X77.42 Y90.431
M204 S500
G1 F1800 X76.285 Y89.296 E1797.59248
M204 S2000
G0 F9000 X76.285 Y88.73
M204 S500
G1 F1800 X77.683 Y90.128 E1797.65824
M204 S2000
G0 F9000 X77.98 Y89.86
M204 S500
G1 F1800 X76.285 Y88.164 E1797.73799
M204 S2000
G0 F9000 X76.363 Y87.677
M204 S500
G1 F1800 X78.316 Y89.63 E1797.82985
M204 S2000
G0 F9000 X78.709 Y89.457
M204 S500
G1 F1800 X76.785 Y87.533 E1797.92035
M204 S2000
G0 F9000 X77.351 Y87.533
M204 S500
G1 F1800 X79.161 Y89.344 E1798.00551
M204 S2000
G0 F9000 X79.693 Y89.31
M204 S500
G1 F1800 X77.917 Y87.533 E1798.08907
M204 S2000
G0 F9000 X78.482 Y87.533
M204 S500
G1 F1800 X80.351 Y89.402 E1798.17698
M204 S2000
G1 F2400 E1797.37698
G0 F9000 X80.255 Y89.851
G0 X79.872 Y89.687
G0 X79.874 Y87.154
G0 X80.18 Y87.533
M204 S500
G1 F2400 E1798.17698
G1 F1800 X120.564 Y127.918 E1800.07655
M204 S2000
G0 F9000 X120.73 Y127.518
M204 S500
G1 F1800 X80.745 Y87.533 E1801.95732
M204 S2000
G0 F9000 X81.311 Y87.533
M204 S500
G1 F1800 X120.939 Y127.162 E1803.82132
M204 S2000
G0 F9000 X121.202 Y126.859
M204 S500
G1 F1800 X81.877 Y87.533 E1805.67107
M204 S2000
G0 F9000 X82.442 Y87.533
M204 S500
G1 F1800 X121.505 Y126.596 E1807.50848
M204 S2000
G0 F9000 X121.848 Y126.373
M204 S500
G1 F1800 X83.008 Y87.533 E1809.33539
M204 S2000
G0 F9000 X83.574 Y87.533
M204 S500
G1 F1800 X122.241 Y126.201 E1811.15419
M204 S2000
G0 F9000 X122.699 Y126.093
M204 S500
G1 F1800 X84.139 Y87.533 E1812.96794
M204 S2000
G0 F9000 X84.705 Y87.533
M204 S500
G1 F1800 X123.233 Y126.062 E1814.7802
M204 S2000
G0 F9000 X123.91 Y126.173
M204 S500
G1 F1800 X85.271 Y87.533 E1816.59768
M204 S2000
G0 F9000 X85.836 Y87.533
M204 S500
G1 F1800 X130.767 Y132.464 E1818.7111
M204 S2000
G0 F9000 X131.332 Y132.464
M204 S500
G1 F1800 X86.402 Y87.533 E1820.82449
M204 S2000
G0 F9000 X86.968 Y87.533
M204 S500
G1 F1800 X131.898 Y132.464 E1822.93788
M204 S2000
G0 F9000 X132.464 Y132.464
M204 S500
G1 F1800 X87.533 Y87.533 E1825.0513
M204 S2000
G0 F9000 X88.1 Y87.534
M204 S500
G1 F1800 X133.029 Y132.464 E1827.16465
M204 S2000
G0 F9000 X133.595 Y132.464
M204 S500
G1 F1800 X88.666 Y87.534 E1829.27799
M204 S2000
G0 F9000 X89.231 Y87.534
M204 S500
G1 F1800 X134.161 Y132.464 E1831.39136
M204 S2000
G0 F9000 X134.726 Y132.464
M204 S500
G1 F1800 X89.797 Y87.534 E1833.50471
M204 S2000
G0 F9000 X90.363 Y87.534
M204 S500
G1 F1800 X135.292 Y132.464 E1835.61805
M204 S2000
G0 F9000 X135.858 Y132.464
M204 S500
G1 F1800 X90.928 Y87.534 E1837.73142
M204 S2000
G0 F9000 X91.494 Y87.534
M204 S500
G1 F1800 X136.424 Y132.464 E1839.84479
M204 S2000
G0 F9000 X136.989 Y132.464
M204 S500
G1 F1800 X92.06 Y87.534 E1841.95814
M204 S2000
G0 F9000 X92.625 Y87.534
M204 S500
G1 F1800 X137.555 Y132.464 E1844.07151
M204 S2000
G0 F9000 X138.121 Y132.464
M204 S500
G1 F1800 X93.191 Y87.534 E1846.18488
M204 S2000
G0 F9000 X93.757 Y87.534
M204 S500
G1 F1800 X138.686 Y132.464 E1848.29822
M204 S2000
G0 F9000 X139.252 Y132.464
M204 S500
G1 F1800 X94.322 Y87.534 E1850.41159
M204 S2000
G0 F9000 X94.888 Y87.534
M204 S500
G1 F1800 X139.818 Y132.464 E1852.52496
M204 S2000
G0 F9000 X140.383 Y132.464
M204 S500
G1 F1800 X95.454 Y87.534 E1854.63831
M204 S2000
G0 F9000 X96.019 Y87.534
M204 S500
G1 F1800 X140.949 Y132.464 E1856.75168
M204 S2000
G0 F9000 X141.515 Y132.464
M204 S500
G1 F1800 X96.585 Y87.534 E1858.86505
M204 S2000
G0 F9000 X97.151 Y87.534
M204 S500
G1 F1800 X142.08 Y132.464 E1860.97839
M204 S2000
G0 F9000 X142.646 Y132.464
M204 S500
G1 F1800 X97.717 Y87.534 E1863.09174
M204 S2000
G0 F9000 X98.282 Y87.534
M204 S500
G1 F1800 X143.212 Y132.464 E1865.20511
M204 S2000
G0 F9000 X143.632 Y132.318
M204 S500
G1 F1800 X98.848 Y87.534 E1867.31161
M204 S2000
G0 F9000 X99.414 Y87.535
M204 S500
G1 F1800 X143.712 Y131.833 E1869.39525
M204 S2000
G0 F9000 X143.712 Y131.267
M204 S500
G1 F1800 X99.98 Y87.535 E1871.45227
M204 S2000
G0 F9000 X100.546 Y87.535
M204 S500
G1 F1800 X143.712 Y130.702 E1873.48269
M204 S2000
G0 F9000 X143.712 Y130.136
M204 S500
G1 F1800 X101.111 Y87.535 E1875.48651
M204 S2000
G0 F9000 X101.677 Y87.535
M204 S500
G1 F1800 X143.712 Y129.57 E1877.46371
M204 S2000
G0 F9000 X143.712 Y129.005
M204 S500
G1 F1800 X102.243 Y87.535 E1879.41431
M204 S2000
G0 F9000 X102.808 Y87.535
M204 S500
G1 F1800 X143.712 Y128.439 E1881.33831
M204 S2000
G0 F9000 X143.712 Y127.873
M204 S500
G1 F1800 X103.374 Y87.535 E1883.23568
M204 S2000
G0 F9000 X103.94 Y87.535
M204 S500
G1 F1800 X143.712 Y127.308 E1885.10646
M204 S2000
G0 F9000 X143.712 Y126.742
M204 S500
G1 F1800 X104.505 Y87.535 E1886.95064
M204 S2000
G0 F9000 X105.071 Y87.535
M204 S500
G1 F1800 X143.712 Y126.176 E1888.76819
M204 S2000
G0 F9000 X143.712 Y125.61
M204 S500
G1 F1800 X105.637 Y87.535 E1890.55912
M204 S2000
G0 F9000 X106.202 Y87.535
M204 S500
G1 F1800 X143.712 Y125.045 E1892.32348
M204 S2000
G0 F9000 X143.712 Y124.479
M204 S500
G1 F1800 X106.768 Y87.535 E1894.06121
M204 S2000
G0 F9000 X107.334 Y87.535
M204 S500
G1 F1800 X143.712 Y123.913 E1895.77232
M204 S2000
G0 F9000 X143.712 Y123.348
M204 S500
G1 F1800 X107.9 Y87.535 E1897.45683
M204 S2000
G0 F9000 X108.465 Y87.535
M204 S500
G1 F1800 X143.712 Y122.782 E1899.11474
M204 S2000
G0 F9000 X143.712 Y122.216
M204 S500
G1 F1800 X109.031 Y87.535 E1900.74603
M204 S2000
G0 F9000 X109.597 Y87.535
M204 S500
G1 F1800 X143.712 Y121.651 E1902.35072
M204 S2000
G0 F9000 X143.712 Y121.085
M204 S500
G1 F1800 X110.163 Y87.536 E1903.92876
M204 S2000
G0 F9000 X110.729 Y87.536
M204 S500
G1 F1800 X143.712 Y120.519 E1905.48018
M204 S2000
G0 F9000 X143.712 Y119.954
M204 S500
G1 F1800 X111.294 Y87.536 E1907.00502
M204 S2000
G0 F9000 X111.86 Y87.536
M204 S500
G1 F1800 X143.712 Y119.388 E1908.50324
M204 S2000
G0 F9000 X143.712 Y118.822
M204 S500
G1 F1800 X112.426 Y87.536 E1909.97484
M204 S2000
G0 F9000 X112.991 Y87.536
M204 S500
G1 F1800 X143.712 Y118.257 E1911.41986
M204 S2000
G0 F9000 X143.712 Y117.691
M204 S500
G1 F1800 X113.557 Y87.536 E1912.83826
M204 S2000
G0 F9000 X114.123 Y87.536
M204 S500
G1 F1800 X143.712 Y117.125 E1914.23003
M204 S2000
G0 F9000 X143.712 Y116.559
M204 S500
G1 F1800 X114.688 Y87.536 E1915.59521
M204 S2000
G0 F9000 X115.254 Y87.536
M204 S500
G1 F1800 X120.58 Y92.862 E1915.84573
M204 S2000
G0 F9000 X120.435 Y92.151
M204 S500
G1 F1800 X115.82 Y87.536 E1916.06281
M204 S2000
G0 F9000 X116.386 Y87.536
M204 S500
G1 F1800 X120.458 Y91.608 E1916.25434
M204 S2000
G0 F9000 X120.567 Y91.151
M204 S500
G1 F1800 X116.951 Y87.536 E1916.4244
M204 S2000
G0 F9000 X117.517 Y87.536
M204 S500
G1 F1800 X120.732 Y90.751 E1916.57563
M204 S2000
G0 F9000 X120.95 Y90.403
M204 S500
G1 F1800 X118.083 Y87.536 E1916.71048
M204 S2000
G0 F9000 X118.648 Y87.536
M204 S500
G1 F1800 X121.212 Y90.099 E1916.83106
M204 S2000
G0 F9000 X121.513 Y89.835
M204 S500
G1 F1800 X119.214 Y87.536 E1916.9392
M204 S2000
G0 F9000 X119.78 Y87.536
M204 S500
G1 F1800 X121.856 Y89.612 E1917.03685
M204 S2000
G0 F9000 X122.249 Y89.439
M204 S500
G1 F1800 X120.345 Y87.536 E1917.12638
M204 S2000
G0 F9000 X120.911 Y87.536
M204 S500
G1 F1800 X122.709 Y89.334 E1917.21095
M204 S2000
G0 F9000 X123.249 Y89.308
M204 S500
G1 F1800 X121.477 Y87.536 E1917.2943
M204 S2000
G0 F9000 X122.043 Y87.536
M204 S500
G1 F1800 X123.925 Y89.418 E1917.38283
M204 S2000
G1 F2400 E1916.58283
G0 F9000 X123.816 Y89.864
G0 X123.372 Y89.687
G0 X123.374 Y87.156
G0 X123.74 Y87.536
M204 S500
G1 F2400 E1917.38283
G1 F1800 X143.712 Y107.509 E1918.32227
M204 S2000
G0 F9000 X143.712 Y108.074
M204 S500
G1 F1800 X123.174 Y87.536 E1919.28832
M204 S2000
G0 F9000 X122.609 Y87.536
M204 S500
G1 F1800 X143.712 Y108.64 E1920.28096
M204 S2000
G0 F9000 X143.712 Y109.206
M204 S500
G1 F1800 X125.685 Y91.179 E1921.12889
M204 S2000
G0 F9000 X125.814 Y91.873
M204 S500
G1 F1800 X143.712 Y109.771 E1921.97076
M204 S2000
G0 F9000 X143.712 Y110.337
M204 S500
G1 F1800 X125.779 Y92.403 E1922.8143
M204 S2000
G0 F9000 X125.665 Y92.855
M204 S500
G1 F1800 X143.712 Y110.903 E1923.6632
M204 S2000
G0 F9000 X143.712 Y111.468
M204 S500
G1 F1800 X125.497 Y93.253 E1924.51998
M204 S2000
G0 F9000 X125.285 Y93.607
M204 S500
G1 F1800 X143.712 Y112.034 E1925.38673
M204 S2000
G0 F9000 X143.712 Y112.6
M204 S500
G1 F1800 X125.018 Y93.905 E1926.26606
M204 S2000
G0 F9000 X124.708 Y94.161
M204 S500
G1 F1800 X143.712 Y113.165 E1927.15995
M204 S2000
G0 F9000 X143.712 Y113.731
M204 S500
G1 F1800 X124.369 Y94.388 E1928.06978
M204 S2000
G0 F9000 X123.971 Y94.556
M204 S500
G1 F1800 X143.712 Y114.297 E1928.99834
M204 S2000
G0 F9000 X143.712 Y114.862
M204 S500
G1 F1800 X123.511 Y94.661 E1929.94853
M204 S2000
G0 F9000 X122.971 Y94.687
M204 S500
G1 F1800 X143.712 Y115.428 E1930.92412
M204 S2000
G0 F9000 X143.712 Y115.994
M204 S500
G1 F1800 X122.282 Y94.564 E1931.93213
M204 S2000
G1 F2400 E1931.13213
G0 F9000 X122.036 Y93.957
G0 X121.317 Y92.804
G0 X121.188 Y92.411
G0 X121.146 Y92
G0 X121.188 Y91.589
G0 X121.317 Y91.196
G0 X121.524 Y90.837
G0 X121.801 Y90.529
G0 X122.136 Y90.285
G0 X123.729 Y89.764
G0 X123.731 Y87.156
G0 X124.306 Y87.536
M204 S500
G1 F2400 E1931.93213
G1 F1800 X143.712 Y106.943 E1932.84495
M204 S2000
G0 F9000 X143.712 Y106.377
M204 S500
G1 F1800 X124.872 Y87.536 E1933.73115
M204 S2000
G0 F9000 X125.437 Y87.536
M204 S500
G1 F1800 X143.712 Y105.811 E1934.59075
M204 S2000
G0 F9000 X143.712 Y105.246
M204 S500
G1 F1800 X126.003 Y87.536 E1935.42375
M204 S2000
G0 F9000 X126.569 Y87.536
M204 S500
G1 F1800 X143.712 Y104.68 E1936.23013
M204 S2000
G0 F9000 X143.712 Y104.114
M204 S500
G1 F1800 X127.134 Y87.536 E1937.0099
M204 S2000
G0 F9000 X127.7 Y87.536
M204 S500
G1 F1800 X143.712 Y103.549 E1937.76308
M204 S2000
G0 F9000 X143.712 Y102.983
M204 S500
G1 F1800 X128.266 Y87.536 E1938.48964
M204 S2000
G0 F9000 X128.831 Y87.536
M204 S500
G1 F1800 X143.712 Y102.417 E1939.1896
M204 S2000
G0 F9000 X143.712 Y101.852
M204 S500
G1 F1800 X129.397 Y87.536 E1939.86295
M204 S2000
G0 F9000 X129.963 Y87.536
M204 S500
G1 F1800 X143.712 Y101.286 E1940.50969
M204 S2000
G0 F9000 X143.712 Y100.72
M204 S500
G1 F1800 X130.528 Y87.536 E1941.12982
M204 S2000
G0 F9000 X131.094 Y87.536
M204 S500
G1 F1800 X143.712 Y100.155 E1941.72336
M204 S2000
G0 F9000 X143.712 Y99.589
M204 S500
G1 F1800 X131.66 Y87.536 E1942.29027
M204 S2000
G0 F9000 X132.225 Y87.536
M204 S500
G1 F1800 X143.712 Y99.023 E1942.83058
M204 S2000
G0 F9000 X143.712 Y98.458
M204 S500
G1 F1800 X132.792 Y87.537 E1943.34425
M204 S2000
G0 F9000 X133.358 Y87.537
M204 S500
G1 F1800 X143.712 Y97.892 E1943.83129
M204 S2000
G0 F9000 X143.712 Y97.326
M204 S500
G1 F1800 X133.923 Y87.537 E1944.29174
M204 S2000
G0 F9000 X134.489 Y87.537
M204 S500
G1 F1800 X143.712 Y96.76 E1944.72556
M204 S2000
G0 F9000 X143.712 Y96.195
M204 S500
G1 F1800 X135.055 Y87.537 E1945.13278
M204 S2000
G0 F9000 X135.62 Y87.537
M204 S500
G1 F1800 X143.712 Y95.629 E1945.51341
M204 S2000
G0 F9000 X143.712 Y95.063
M204 S500
G1 F1800 X136.186 Y87.537 E1945.86741
M204 S2000
G0 F9000 X136.752 Y87.537
M204 S500
G1 F1800 X143.712 Y94.498 E1946.19481
M204 S2000
G0 F9000 X143.712 Y93.932
M204 S500
G1 F1800 X137.317 Y87.537 E1946.49561
M204 S2000
G0 F9000 X137.883 Y87.537
M204 S500
G1 F1800 X143.712 Y93.366 E1946.76979
M204 S2000
G0 F9000 X143.712 Y92.801
M204 S500
G1 F1800 X138.449 Y87.537 E1947.01736
M204 S2000
G0 F9000 X139.014 Y87.537
M204 S500
G1 F1800 X143.712 Y92.235 E1947.23834
M204 S2000
G0 F9000 X143.712 Y91.669
M204 S500
G1 F1800 X139.58 Y87.537 E1947.4327
M204 S2000
G0 F9000 X140.146 Y87.537
M204 S500
G1 F1800 X143.712 Y91.104 E1947.60046
M204 S2000
G0 F9000 X143.712 Y90.538
M204 S500
G1 F1800 X140.711 Y87.537 E1947.74162
M204 S2000
G0 F9000 X141.277 Y87.537
M204 S500
G1 F1800 X143.712 Y89.972 E1947.85615
M204 S2000
G0 F9000 X143.712 Y89.407
M204 S500
G1 F1800 X141.843 Y87.537 E1947.94409
M204 S2000
G0 F9000 X142.408 Y87.537
M204 S500
G1 F1800 X143.712 Y88.841 E1948.00542
M204 S2000
G0 F9000 X143.712 Y88.275
M204 S500
G1 F1800 X142.974 Y87.537 E1948.04014
M204 S2000
G1 F2400 E1947.24014
G0 F9000 X143.799 Y87.215
G0 X144.072 Y87.784
G0 X124.683 Y127.029
G0 X125.688 Y127.95
M204 S500
G1 F2400 E1948.04014
G1 F1800 X130.201 Y132.464 E1948.25244
M204 S2000
G0 F9000 X129.635 Y132.464
M204 S500
G1 F1800 X125.816 Y128.645 E1948.43207
M204 S2000
G0 F9000 X125.783 Y129.177
M204 S500
G1 F1800 X129.07 Y132.464 E1948.58668
M204 S2000
G0 F9000 X128.504 Y132.464
M204 S500
G1 F1800 X125.665 Y129.625 E1948.72022
M204 S2000
G0 F9000 X125.494 Y130.019
M204 S500
G1 F1800 X127.938 Y132.464 E1948.8352
M204 S2000
G0 F9000 X127.373 Y132.464
M204 S500
G1 F1800 X125.28 Y130.371 E1948.93365
M204 S2000
G0 F9000 X125.009 Y130.666
M204 S500
G1 F1800 X126.807 Y132.464 E1949.01822
M204 S2000
G0 F9000 X126.241 Y132.464
M204 S500
G1 F1800 X124.702 Y130.924 E1949.09064
M204 S2000
G0 F9000 X124.356 Y131.144
M204 S500
G1 F1800 X125.676 Y132.464 E1949.15272
M204 S2000
G0 F9000 X125.11 Y132.464
M204 S500
G1 F1800 X123.968 Y131.322 E1949.20644
M204 S2000
G0 F9000 X123.498 Y131.417
M204 S500
G1 F1800 X124.544 Y132.464 E1949.25566
M204 S2000
G0 F9000 X123.978 Y132.464
M204 S500
G1 F1800 X122.95 Y131.436 E1949.30402
M204 S2000
G0 F9000 X122.264 Y131.315
M204 S500
G1 F1800 X123.413 Y132.464 E1949.35806
M204 S2000
G0 F9000 X122.847 Y132.464
M204 S500
G1 F1800 X82.321 Y91.937 E1951.26431
M204 S2000
G0 F9000 X82.273 Y92.456
M204 S500
G1 F1800 X122.281 Y132.464 E1953.14616
M204 S2000
G0 F9000 X121.716 Y132.464
M204 S500
G1 F1800 X82.152 Y92.9 E1955.00713
M204 S2000
G0 F9000 X81.974 Y93.288
M204 S500
G1 F1800 X121.15 Y132.464 E1956.84985
M204 S2000
G0 F9000 X120.584 Y132.464
M204 S500
G1 F1800 X81.76 Y93.639 E1958.67603
M204 S2000
G0 F9000 X81.491 Y93.936
M204 S500
G1 F1800 X120.019 Y132.464 E1960.48827
M204 S2000
G0 F9000 X119.453 Y132.464
M204 S500
G1 F1800 X81.176 Y94.187 E1962.28871
M204 S2000
G0 F9000 X80.825 Y94.402
M204 S500
G1 F1800 X118.887 Y132.464 E1964.07902
M204 S2000
G0 F9000 X118.322 Y132.464
M204 S500
G1 F1800 X80.423 Y94.566 E1965.86165
M204 S2000
G0 F9000 X79.968 Y94.676
M204 S500
G1 F1800 X117.756 Y132.464 E1967.63909
M204 S2000
G0 F9000 X117.19 Y132.464
M204 S500
G1 F1800 X79.414 Y94.688 E1969.41595
M204 S2000
G0 F9000 X78.688 Y94.527
M204 S500
G1 F1800 X116.625 Y132.464 E1971.20039
M204 S2000
G1 F2400 E1970.40039
G0 F9000 X116.626 Y132.924
G0 X121.018 Y132.824
G0 X121.959 Y130.757
G0 X120.577 Y129.628
M204 S500
G1 F2400 E1971.20039
G1 F1800 X82.208 Y91.259 E1973.00515
M204 S2000
G1 F2400 E1972.20515
G0 F9000 X81.827 Y91.62
G0 X80.785 Y89.983
G0 X80.787 Y87.154
G0 X79.614 Y87.533
M204 S500
G1 F2400 E1973.00515
G1 F1800 X120.463 Y128.382 E1974.92657
M204 S2000
G0 F9000 X120.436 Y128.921
M204 S500
G1 F1800 X79.048 Y87.533 E1976.87333
M204 S2000
G1 F2400 E1976.07333
;MESH:NONMESH
G0 F300 X79.048 Y87.533 Z2
G0 F9000 X79.049 Y87.074
G0 X79.301 Y87.154
G0 X79.385 Y89.687
G0 X79.853 Y94.128
;TIME_ELAPSED:2283.432650
;LAYER:9
M204 S500
;TYPE:WALL-INNER
;MESH:raspberry pi 4 B bottom part case.stl
G1 F2400 E1976.87333
G1 F1800 X79.397 Y94.128 E1976.8885
G1 X78.963 Y94.034 E1976.90327
G1 X78.555 Y93.856 E1976.91807
G1 X78.19 Y93.592 E1976.93305
G1 X77.894 Y93.257 E1976.94792
G1 X77.664 Y92.871 E1976.96287
G1 X77.528 Y92.434 E1976.97809
G1 X77.484 Y92 E1976.9926
G1 X77.529 Y91.557 E1977.00741
G1 X77.665 Y91.128 E1977.02238
G1 X77.892 Y90.741 E1977.0373
G1 X78.191 Y90.404 E1977.05228
G1 X78.554 Y90.141 E1977.06719
G1 X78.963 Y89.961 E1977.08206
G1 X79.402 Y89.868 E1977.09698
G1 X79.851 Y89.868 E1977.11191
G1 X80.285 Y89.962 E1977.12668
G1 X80.695 Y90.141 E1977.14156
G1 X81.052 Y90.403 E1977.15629
G1 X81.356 Y90.741 E1977.17141
G1 X81.578 Y91.126 E1977.18619
G1 X81.72 Y91.559 E1977.20135
G1 X81.764 Y91.999 E1977.21606
G1 X81.714 Y92.446 E1977.23102
G1 X81.583 Y92.85 E1977.24514
G1 X81.355 Y93.257 E1977.26066
G1 X81.054 Y93.587 E1977.27552
G1 X80.689 Y93.858 E1977.29064
G1 X80.289 Y94.03 E1977.30512
G1 X79.853 Y94.128 E1977.31998
M204 S2000
G1 F2400 E1976.51998
G0 F9000 X79.299 Y94.211
G0 X79.871 Y94.309
G0 X79.876 Y126.439
G0 X80.283 Y130.788
M204 S500
G1 F2400 E1977.31998
G1 F1800 X79.848 Y130.876 E1977.33474
G1 X79.404 Y130.876 E1977.34951
G1 X78.965 Y130.788 E1977.3644
G1 X78.551 Y130.601 E1977.37951
G1 X78.21 Y130.352 E1977.39355
G1 X77.896 Y130.014 E1977.4089
G1 X77.665 Y129.62 E1977.42409
G1 X77.528 Y129.186 E1977.43923
G1 X77.484 Y128.748 E1977.45387
G1 X77.529 Y128.305 E1977.46868
G1 X77.666 Y127.875 E1977.48369
G1 X77.894 Y127.491 E1977.49854
G1 X78.19 Y127.156 E1977.51341
G1 X78.555 Y126.892 E1977.52839
G1 X78.963 Y126.714 E1977.5432
G1 X79.397 Y126.62 E1977.55797
G1 X79.853 Y126.62 E1977.57313
G1 X80.289 Y126.718 E1977.588
G1 X80.678 Y126.888 E1977.60212
G1 X81.059 Y127.166 E1977.6178
G1 X81.358 Y127.495 E1977.63259
G1 X81.574 Y127.874 E1977.6471
G1 X81.715 Y128.299 E1977.66199
G1 X81.764 Y128.745 E1977.67692
G1 X81.72 Y129.189 E1977.69176
G1 X81.578 Y129.622 E1977.70691
G1 X81.357 Y130.002 E1977.72153
G1 X81.052 Y130.341 E1977.7367
G1 X80.698 Y130.601 E1977.75131
G1 X80.283 Y130.788 E1977.76645
M204 S2000
G1 F2400 E1976.96645
G0 F9000 X80.308 Y130.886
G0 X81.504 Y130.11
G0 X81.504 Y132.824
G0 X110 Y133.024
M204 S500
G1 F2400 E1977.76645
G1 F1800 X143.346 Y133.024 E1978.87554
G1 X143.719 Y132.951 E1978.88818
G1 X144.011 Y132.755 E1978.89988
G1 X144.121 Y132.622 E1978.90562
G1 X144.272 Y132.246 E1978.9191
G1 X144.272 Y87.753 E1980.39894
G1 X144.12 Y87.376 E1980.41246
G1 X144.009 Y87.239 E1980.41832
G1 X143.719 Y87.045 E1980.42993
G1 X143.346 Y86.972 E1980.44257
G1 X76.65 Y86.972 E1982.66089
G1 X76.277 Y87.045 E1982.67353
G1 X75.989 Y87.237 E1982.68504
G1 X75.796 Y87.53 E1982.69671
G1 X75.724 Y87.898 E1982.70918
G1 X75.724 Y132.098 E1984.17928
G1 X75.797 Y132.472 E1984.19195
G1 X75.988 Y132.757 E1984.20337
G1 X76.277 Y132.951 E1984.21494
G1 X76.65 Y133.024 E1984.22758
G1 X110 Y133.024 E1985.33681
M204 S2000
G1 F2400 E1984.53681
G0 F9000 X110 Y132.924
G0 X122.504 Y132.824
G0 X122.858 Y131.051
G0 X122.904 Y130.876
M204 S500
G1 F2400 E1985.33681
G1 F1800 X122.465 Y130.789 E1985.35169
G1 X122.052 Y130.602 E1985.36677
G1 X121.69 Y130.34 E1985.38164
G1 X121.394 Y130.005 E1985.3965
G1 X121.163 Y129.617 E1985.41152
G1 X121.03 Y129.194 E1985.42627
G1 X120.984 Y128.74 E1985.44145
G1 X121.033 Y128.303 E1985.45607
G1 X121.161 Y127.885 E1985.47061
G1 X121.409 Y127.475 E1985.48655
G1 X121.69 Y127.158 E1985.50064
G1 X122.036 Y126.907 E1985.51486
G1 X122.442 Y126.724 E1985.52967
G1 X122.921 Y126.621 E1985.54597
G1 X123.349 Y126.623 E1985.5602
G1 X123.788 Y126.717 E1985.57513
G1 X124.191 Y126.892 E1985.58975
G1 X124.535 Y127.144 E1985.60393
G1 X124.84 Y127.477 E1985.61895
G1 X125.075 Y127.876 E1985.63435
G1 X125.215 Y128.299 E1985.64917
G1 X125.264 Y128.745 E1985.66409
G1 X125.22 Y129.189 E1985.67893
G1 X125.078 Y129.622 E1985.69409
G1 X124.853 Y130.012 E1985.70907
G1 X124.551 Y130.341 E1985.72392
G1 X124.198 Y130.601 E1985.7385
G1 X123.783 Y130.788 E1985.75364
G1 X123.348 Y130.876 E1985.7684
G1 X122.904 Y130.876 E1985.78317
M204 S2000
G1 F2400 E1984.98317
G0 F9000 X122.504 Y130.899
G0 X121.524 Y129.913
G0 X121.317 Y129.554
G0 X121.188 Y129.161
G0 X121.146 Y128.75
G0 X121.188 Y128.339
G0 X121.317 Y127.946
G0 X121.524 Y127.587
G0 X122.88 Y126.439
G0 X122.88 Y94.308
G0 X122.899 Y94.125
M204 S500
G1 F2400 E1985.78317
G1 F1800 X122.481 Y94.037 E1985.79738
G1 X122.036 Y93.841 E1985.81355
G1 X121.675 Y93.573 E1985.8285
G1 X121.388 Y93.25 E1985.84287
G1 X121.16 Y92.848 E1985.85825
G1 X121.03 Y92.443 E1985.87239
G1 X120.984 Y91.996 E1985.88734
G1 X121.028 Y91.558 E1985.90198
G1 X121.163 Y91.132 E1985.91684
G1 X121.392 Y90.741 E1985.93191
G1 X121.691 Y90.404 E1985.9469
G1 X122.054 Y90.141 E1985.96181
G1 X122.464 Y89.961 E1985.9767
G1 X122.902 Y89.868 E1985.99159
G1 X123.351 Y89.868 E1986.00653
G1 X123.785 Y89.962 E1986.0213
G1 X124.195 Y90.141 E1986.03618
G1 X124.552 Y90.403 E1986.05091
G1 X124.856 Y90.741 E1986.06603
G1 X125.078 Y91.126 E1986.08081
G1 X125.22 Y91.559 E1986.09596
G1 X125.264 Y91.999 E1986.11067
G1 X125.215 Y92.444 E1986.12556
G1 X125.075 Y92.872 E1986.14054
G1 X124.865 Y93.237 E1986.15454
G1 X124.535 Y93.604 E1986.17096
G1 X124.196 Y93.854 E1986.18497
G1 X123.788 Y94.031 E1986.19976
G1 X123.327 Y94.127 E1986.21542
G1 X122.899 Y94.125 E1986.22966
M204 S2000
G0 F9000 X122.921 Y93.724
M204 S500
;TYPE:WALL-OUTER
G1 F1800 X122.585 Y93.651 E1986.24109
G1 X122.261 Y93.509 E1986.25286
G1 X121.961 Y93.293 E1986.26516
G1 X121.724 Y93.027 E1986.27701
G1 X121.53 Y92.696 E1986.28977
G1 X121.424 Y92.358 E1986.30155
G1 X121.388 Y91.98 E1986.31418
G1 X121.42 Y91.66 E1986.32487
G1 X121.543 Y91.274 E1986.33835
G1 X121.707 Y90.994 E1986.34914
G1 X121.978 Y90.689 E1986.36271
G1 X122.238 Y90.501 E1986.37338
G1 X122.567 Y90.352 E1986.38539
G1 X122.929 Y90.271 E1986.39773
G1 X123.327 Y90.272 E1986.41097
G1 X123.681 Y90.352 E1986.42304
G1 X124.011 Y90.502 E1986.4351
G1 X124.267 Y90.69 E1986.44566
G1 X124.542 Y90.996 E1986.45935
G1 X124.718 Y91.313 E1986.4714
G1 X124.828 Y91.66 E1986.48351
G1 X124.86 Y91.98 E1986.49421
G1 X124.828 Y92.337 E1986.50613
G1 X124.711 Y92.707 E1986.51904
G1 X124.534 Y93.013 E1986.53079
G1 X124.277 Y93.298 E1986.54356
G1 X123.973 Y93.516 E1986.556
G1 X123.663 Y93.651 E1986.56725
G1 X123.299 Y93.728 E1986.57962
G1 X122.921 Y93.724 E1986.59219
M204 S2000
G1 F2400 E1985.79219
G0 F9000 X122.818 Y94.214
G0 X122.88 Y126.439
G0 X122.924 Y130.472
M204 S500
G1 F2400 E1986.59219
G1 F1800 X122.565 Y130.395 E1986.60441
G1 X122.238 Y130.243 E1986.6164
G1 X121.978 Y130.055 E1986.62707
G1 X121.708 Y129.751 E1986.64059
G1 X121.525 Y129.433 E1986.6528
G1 X121.429 Y129.129 E1986.6634
G1 X121.388 Y128.728 E1986.67681
G1 X121.424 Y128.386 E1986.68825
G1 X121.531 Y128.047 E1986.70007
G1 X121.715 Y127.733 E1986.71217
G1 X121.969 Y127.448 E1986.72487
G1 X122.275 Y127.232 E1986.73733
G1 X122.592 Y127.095 E1986.74881
G1 X122.949 Y127.02 E1986.76095
G1 X123.327 Y127.024 E1986.77352
G1 X123.663 Y127.097 E1986.78496
G1 X123.992 Y127.242 E1986.79691
G1 X124.277 Y127.45 E1986.80865
G1 X124.526 Y127.724 E1986.82096
G1 X124.711 Y128.041 E1986.83317
G1 X124.824 Y128.385 E1986.84521
G1 X124.86 Y128.728 E1986.85669
G1 X124.828 Y129.088 E1986.86871
G1 X124.702 Y129.472 E1986.88215
G1 X124.516 Y129.788 E1986.89434
G1 X124.267 Y130.054 E1986.90646
G1 X123.975 Y130.263 E1986.91841
G1 X123.64 Y130.409 E1986.93056
G1 X123.319 Y130.474 E1986.94145
G1 X122.924 Y130.472 E1986.95459
M204 S2000
G1 F2400 E1986.15459
G0 F9000 X122.504 Y130.899
G0 X121.247 Y130.111
G0 X121.247 Y132.824
G0 X110 Y133.424
M204 S500
G1 F2400 E1986.95459
G1 F1800 X143.366 Y133.424 E1988.06435
G1 X143.624 Y133.398 E1988.07297
G1 X143.989 Y133.287 E1988.08566
G1 X144.294 Y133.041 E1988.0987
G1 X144.456 Y132.844 E1988.10718
G1 X144.569 Y132.628 E1988.11529
G1 X144.646 Y132.373 E1988.12415
G1 X144.672 Y132.118 E1988.13267
G1 X144.672 Y87.878 E1989.6041
G1 X144.646 Y87.624 E1989.61259
G1 X144.532 Y87.249 E1989.62563
G1 X144.293 Y86.955 E1989.63823
G1 X143.99 Y86.709 E1989.65121
G1 X143.624 Y86.598 E1989.66393
G1 X143.366 Y86.572 E1989.67256
G1 X76.63 Y86.572 E1991.8922
G1 X76.372 Y86.598 E1991.90083
G1 X76.007 Y86.709 E1991.91352
G1 X75.703 Y86.954 E1991.9265
G1 X75.461 Y87.26 E1991.93948
G1 X75.349 Y87.624 E1991.95215
G1 X75.324 Y87.878 E1991.96064
G1 X75.324 Y132.118 E1993.43206
G1 X75.35 Y132.373 E1993.44059
G1 X75.46 Y132.74 E1993.45333
G1 X75.703 Y133.041 E1993.4662
G1 X76.006 Y133.287 E1993.47918
G1 X76.372 Y133.398 E1993.4919
G1 X76.63 Y133.424 E1993.50053
G1 X110 Y133.424 E1994.61042
M204 S2000
G1 F2400 E1993.81042
G0 F9000 X110 Y132.924
G0 X80.25 Y132.824
G0 X79.898 Y131.069
G0 X80.14 Y130.409
M204 S500
G1 F2400 E1994.61042
G1 F1800 X79.819 Y130.474 E1994.62131
G1 X79.424 Y130.472 E1994.63445
G1 X79.065 Y130.395 E1994.64666
G1 X78.738 Y130.243 E1994.65865
G1 X78.467 Y130.046 E1994.6698
G1 X78.207 Y129.754 E1994.6828
G1 X78.025 Y129.433 E1994.69507
G1 X77.921 Y129.091 E1994.70696
G1 X77.884 Y128.748 E1994.71844
G1 X77.921 Y128.405 E1994.72991
G1 X78.025 Y128.063 E1994.7418
G1 X78.23 Y127.715 E1994.75523
G1 X78.478 Y127.441 E1994.76753
G1 X78.738 Y127.253 E1994.7782
G1 X79.067 Y127.104 E1994.79021
G1 X79.421 Y127.024 E1994.80228
G1 X79.827 Y127.024 E1994.81578
G1 X80.181 Y127.104 E1994.82786
G1 X80.511 Y127.254 E1994.83991
G1 X80.777 Y127.45 E1994.8509
G1 X81.029 Y127.728 E1994.86338
G1 X81.202 Y128.023 E1994.87476
G1 X81.324 Y128.385 E1994.88746
G1 X81.36 Y128.768 E1994.90026
G1 X81.328 Y129.088 E1994.91095
G1 X81.202 Y129.473 E1994.92443
G1 X81.042 Y129.749 E1994.93504
G1 X80.767 Y130.054 E1994.9487
G1 X80.475 Y130.263 E1994.96064
G1 X80.14 Y130.409 E1994.97279
M204 S2000
G1 F2400 E1994.17279
G0 F9000 X80.25 Y130.898
G0 X81.226 Y129.913
G0 X81.433 Y129.554
G0 X81.562 Y129.161
G0 X81.604 Y128.75
G0 X81.562 Y128.339
G0 X81.433 Y127.946
G0 X81.226 Y127.587
G0 X79.876 Y126.439
G0 X79.871 Y94.309
G0 X80.181 Y93.644
M204 S500
G1 F2400 E1994.97279
G1 F1800 X79.827 Y93.724 E1994.98486
G1 X79.421 Y93.724 E1994.99837
G1 X79.067 Y93.644 E1995.01044
G1 X78.738 Y93.495 E1995.02245
G1 X78.478 Y93.307 E1995.03312
G1 X78.208 Y93.003 E1995.04665
G1 X78.025 Y92.684 E1995.05888
G1 X77.921 Y92.339 E1995.07086
G1 X77.884 Y92 E1995.0822
G1 X77.929 Y91.619 E1995.09497
G1 X78.043 Y91.274 E1995.10705
G1 X78.207 Y90.994 E1995.11784
G1 X78.478 Y90.689 E1995.13141
G1 X78.775 Y90.48 E1995.14349
G1 X79.105 Y90.34 E1995.15541
G1 X79.429 Y90.271 E1995.16643
G1 X79.827 Y90.272 E1995.17967
G1 X80.181 Y90.352 E1995.19174
G1 X80.511 Y90.502 E1995.2038
G1 X80.767 Y90.69 E1995.21436
G1 X81.042 Y90.996 E1995.22805
G1 X81.218 Y91.313 E1995.2401
G1 X81.328 Y91.66 E1995.25221
G1 X81.36 Y91.98 E1995.26291
G1 X81.324 Y92.36 E1995.2756
G1 X81.208 Y92.709 E1995.28784
G1 X81.023 Y93.028 E1995.3001
G1 X80.784 Y93.292 E1995.31195
G1 X80.5 Y93.501 E1995.32367
G1 X80.181 Y93.644 E1995.3353
M204 S2000
G1 F2400 E1994.5353
G0 F9000 X80.705 Y93.961
G0 X81.502 Y93.363
G0 X121.252 Y93.365
G0 X122.844 Y94.486
M204 S500
;TYPE:SKIN
G1 F2400 E1995.3353
G1 F1800 X123.397 Y94.486 E1995.35369
G1 X123.898 Y94.371 E1995.37079
G1 X124.373 Y94.165 E1995.38801
G1 X124.797 Y93.854 E1995.4055
G1 X125.159 Y93.452 E1995.42349
G1 X125.403 Y93.019 E1995.44002
G1 X125.564 Y92.524 E1995.45734
G1 X125.624 Y91.975 E1995.4757
G1 X125.575 Y91.499 E1995.49162
G1 X125.414 Y91.004 E1995.50893
G1 X125.163 Y90.55 E1995.52619
G1 X124.779 Y90.122 E1995.54531
G1 X124.391 Y89.838 E1995.5613
G1 X123.912 Y89.624 E1995.57875
G1 X123.411 Y89.512 E1995.59583
G1 X122.849 Y89.51 E1995.61452
G1 X122.375 Y89.608 E1995.63062
G1 X121.854 Y89.837 E1995.64955
G1 X121.434 Y90.146 E1995.66689
G1 X121.11 Y90.511 E1995.68312
G1 X120.82 Y91.009 E1995.70229
G1 X120.68 Y91.469 E1995.71828
G1 X120.621 Y91.973 E1995.73516
G1 X120.68 Y92.519 E1995.75343
G1 X120.828 Y92.993 E1995.76994
G1 X121.113 Y93.479 E1995.78868
G1 X121.437 Y93.853 E1995.80514
G1 X121.876 Y94.166 E1995.82307
G1 X122.349 Y94.375 E1995.84027
G1 X122.844 Y94.486 E1995.85714
M204 S2000
G1 F2400 E1995.05714
G0 F9000 X122.883 Y94.229
G0 X122.88 Y126.439
G0 X122.848 Y131.233
M204 S500
G1 F2400 E1995.85714
G1 F1800 X123.395 Y131.233 E1995.87534
G1 X123.88 Y131.137 E1995.89178
G1 X124.36 Y130.922 E1995.90927
G1 X124.775 Y130.621 E1995.92633
G1 X125.136 Y130.231 E1995.944
G1 X125.398 Y129.784 E1995.96123
G1 X125.576 Y129.244 E1995.98015
G1 X125.623 Y128.716 E1995.99778
G1 X125.559 Y128.197 E1996.01517
G1 X125.403 Y127.725 E1996.0317
G1 X125.143 Y127.275 E1996.04899
G1 X124.798 Y126.887 E1996.06626
G1 X124.367 Y126.573 E1996.08399
G1 X123.892 Y126.371 E1996.10116
G1 X123.401 Y126.262 E1996.11789
G1 X122.848 Y126.262 E1996.13628
G1 X122.353 Y126.369 E1996.15313
G1 X121.868 Y126.581 E1996.17073
G1 X121.441 Y126.891 E1996.18828
G1 X121.097 Y127.285 E1996.20568
G1 X120.834 Y127.735 E1996.22301
G1 X120.684 Y128.205 E1996.23942
G1 X120.621 Y128.716 E1996.25655
G1 X120.669 Y129.237 E1996.27395
G1 X120.825 Y129.748 E1996.29172
G1 X121.106 Y130.226 E1996.31016
G1 X121.434 Y130.594 E1996.32656
G1 X121.846 Y130.898 E1996.34359
G1 X122.368 Y131.137 E1996.36268
G1 X122.848 Y131.233 E1996.37896
M204 S2000
G1 F2400 E1995.57896
G0 F9000 X122.504 Y130.899
G0 X121.247 Y130.111
G0 X121.247 Y132.824
G0 X110 Y132.664
M204 S500
G1 F2400 E1996.37896
G1 F1800 X76.672 Y132.663 E1997.48746
G1 X76.415 Y132.611 E1997.49618
G1 X76.245 Y132.499 E1997.50295
G1 X76.134 Y132.331 E1997.50965
G1 X76.085 Y132.073 E1997.51838
G1 X76.084 Y87.919 E1998.98695
G1 X76.13 Y87.669 E1998.9954
G1 X76.249 Y87.489 E1999.00258
G1 X76.413 Y87.381 E1999.00911
G1 X76.671 Y87.332 E1999.01785
G1 X143.321 Y87.332 E2001.23463
G1 X143.579 Y87.381 E2001.24337
G1 X143.79 Y87.52 E2001.25177
G1 X143.912 Y87.816 E2001.26242
G1 X143.912 Y132.18 E2002.73797
G1 X143.814 Y132.417 E2002.7465
G1 X143.666 Y132.562 E2002.75339
G1 X143.427 Y132.664 E2002.76204
G1 X110 Y132.664 E2003.87382
M204 S2000
G1 F2400 E2003.07382
G0 F9000 X110 Y132.924
G0 X80.321 Y132.824
G0 X79.966 Y131.056
G0 X80.38 Y131.137
M204 S500
G1 F2400 E2003.87382
G1 F1800 X80.86 Y130.922 E2003.89132
G1 X81.309 Y130.59 E2003.90989
G1 X81.658 Y130.197 E2003.92737
G1 X81.894 Y129.789 E2003.94305
G1 X82.076 Y129.24 E2003.96229
G1 X82.123 Y128.716 E2003.97978
G1 X82.058 Y128.196 E2003.99721
G1 X81.89 Y127.703 E2004.01454
G1 X81.638 Y127.272 E2004.03114
G1 X81.293 Y126.886 E2004.04836
G1 X80.875 Y126.583 E2004.06553
G1 X80.404 Y126.378 E2004.08262
G1 X79.917 Y126.265 E2004.09925
G1 X79.333 Y126.264 E2004.11867
G1 X78.869 Y126.364 E2004.13446
G1 X78.354 Y126.589 E2004.15315
G1 X77.966 Y126.869 E2004.16906
G1 X77.606 Y127.266 E2004.18689
G1 X77.343 Y127.706 E2004.20394
G1 X77.177 Y128.215 E2004.22174
G1 X77.12 Y128.744 E2004.23944
G1 X77.17 Y129.251 E2004.25639
G1 X77.339 Y129.778 E2004.27479
G1 X77.595 Y130.214 E2004.29161
G1 X77.975 Y130.626 E2004.31025
G1 X78.383 Y130.918 E2004.32694
G1 X78.868 Y131.137 E2004.34464
G1 X79.348 Y131.233 E2004.36092
G1 X79.895 Y131.233 E2004.37911
G1 X80.38 Y131.137 E2004.39556
M204 S2000
G1 F2400 E2003.59556
G0 F9000 X80.321 Y130.883
G0 X81.226 Y129.913
G0 X81.433 Y129.554
G0 X81.562 Y129.161
G0 X81.604 Y128.75
G0 X81.562 Y128.339
G0 X81.433 Y127.946
G0 X81.226 Y127.587
G0 X79.876 Y126.439
G0 X79.871 Y94.309
G0 X79.913 Y94.483
M204 S500
G1 F2400 E2004.39556
G1 F1800 X80.415 Y94.364 E2004.41272
G1 X80.873 Y94.165 E2004.42932
G1 X81.292 Y93.852 E2004.44672
G1 X81.648 Y93.464 E2004.46423
G1 X81.919 Y92.97 E2004.48297
G1 X82.064 Y92.52 E2004.4987
G1 X82.124 Y91.975 E2004.51694
G1 X82.075 Y91.499 E2004.53285
G1 X81.914 Y91.004 E2004.55016
G1 X81.663 Y90.55 E2004.56742
G1 X81.279 Y90.122 E2004.58654
G1 X80.891 Y89.838 E2004.60253
G1 X80.412 Y89.624 E2004.61998
G1 X79.911 Y89.512 E2004.63706
G1 X79.349 Y89.51 E2004.65575
G1 X78.875 Y89.608 E2004.67185
G1 X78.354 Y89.837 E2004.69078
G1 X77.966 Y90.117 E2004.70669
G1 X77.61 Y90.511 E2004.72435
G1 X77.339 Y90.966 E2004.74197
G1 X77.177 Y91.468 E2004.75951
G1 X77.12 Y91.996 E2004.77718
G1 X77.174 Y92.479 E2004.79334
G1 X77.319 Y92.984 E2004.81082
G1 X77.587 Y93.45 E2004.8287
G1 X77.938 Y93.85 E2004.8464
G1 X78.39 Y94.175 E2004.86491
G1 X78.869 Y94.384 E2004.88229
G1 X79.333 Y94.484 E2004.89808
G1 X79.913 Y94.483 E2004.91737
M204 S2000
G1 F2400 E2004.11737
G0 F9000 X79.299 Y94.211
G0 X78.301 Y93.471
G0 X78.024 Y93.163
G0 X77.817 Y92.804
G0 X77.689 Y92.412
G0 X77.645 Y92
G0 X77.689 Y91.588
G0 X78.466 Y89.982
G0 X78.466 Y87.172
G0 X76.508 Y87.099
G0 X77.083 Y87.531
M204 S500
G1 F2400 E2004.91737
G1 F1800 X76.284 Y88.33 E2004.95495
M204 S2000
G0 F9000 X76.284 Y88.896
M204 S500
G1 F1800 X77.649 Y87.531 E2005.01916
M204 S2000
G0 F9000 X78.214 Y87.531
M204 S500
G1 F1800 X76.284 Y89.462 E2005.10996
M204 S2000
G0 F9000 X76.284 Y90.027
M204 S500
G1 F1800 X78.78 Y87.531 E2005.22737
M204 S2000
G0 F9000 X79.346 Y87.531
M204 S500
G1 F1800 X76.284 Y90.593 E2005.3714
M204 S2000
G0 F9000 X76.284 Y91.159
M204 S500
G1 F1800 X79.912 Y87.531 E2005.54205
M204 S2000
G0 F9000 X80.477 Y87.531
M204 S500
G1 F1800 X78.426 Y89.583 E2005.63854
M204 S2000
G0 F9000 X79.248 Y89.327
M204 S500
G1 F1800 X81.043 Y87.531 E2005.723
M204 S2000
G0 F9000 X81.609 Y87.531
M204 S500
G1 F1800 X79.831 Y89.309 E2005.80663
M204 S2000
G0 F9000 X80.312 Y89.394
M204 S500
G1 F1800 X82.174 Y87.531 E2005.89424
M204 S2000
G0 F9000 X82.74 Y87.531
M204 S500
G1 F1800 X80.727 Y89.544 E2005.98892
M204 S2000
G0 F9000 X81.096 Y89.741
M204 S500
G1 F1800 X83.306 Y87.531 E2006.09287
M204 S2000
G0 F9000 X83.871 Y87.531
M204 S500
G1 F1800 X81.423 Y89.98 E2006.20804
M204 S2000
G0 F9000 X81.693 Y90.276
M204 S500
G1 F1800 X84.437 Y87.531 E2006.33713
M204 S2000
G0 F9000 X85.003 Y87.531
M204 S500
G1 F1800 X81.924 Y90.61 E2006.48196
M204 S2000
G0 F9000 X82.118 Y90.981
M204 S500
G1 F1800 X85.568 Y87.531 E2006.64424
M204 S2000
G0 F9000 X86.134 Y87.531
M204 S500
G1 F1800 X82.26 Y91.406 E2006.82648
M204 S2000
G0 F9000 X82.319 Y91.913
M204 S500
G1 F1800 X86.7 Y87.531 E2007.03258
M204 S2000
G0 F9000 X87.265 Y87.531
M204 S500
G1 F1800 X82.263 Y92.533 E2007.26785
M204 S2000
G0 F9000 X81.813 Y92.468
G0 X81.451 Y93.291
G0 X81.849 Y93.513
M204 S500
G1 F1800 X87.831 Y87.531 E2007.54923
M204 S2000
G0 F9000 X88.397 Y87.531
M204 S500
G1 F1800 X76.285 Y99.643 E2008.11894
M204 S2000
G0 F9000 X76.285 Y99.078
M204 S500
G1 F1800 X81.172 Y94.191 E2008.34881
M204 S2000
G0 F9000 X80.723 Y93.953
G0 X80.171 Y94.626
M204 S500
G1 F1800 X76.285 Y98.512 E2008.5316
M204 S2000
G0 F9000 X76.285 Y97.946
M204 S500
G1 F1800 X79.543 Y94.688 E2008.68484
M204 S2000
G0 F9000 X79.04 Y94.625
M204 S500
G1 F1800 X76.285 Y97.381 E2008.81445
M204 S2000
G0 F9000 X76.285 Y96.815
M204 S500
G1 F1800 X78.608 Y94.491 E2008.92374
M204 S2000
G0 F9000 X78.226 Y94.308
M204 S500
G1 F1800 X76.285 Y96.249 E2009.01504
M204 S2000
G0 F9000 X76.285 Y95.684
M204 S500
G1 F1800 X77.897 Y94.071 E2009.09089
M204 S2000
G0 F9000 X77.615 Y93.788
M204 S500
G1 F1800 X76.285 Y95.118 E2009.15345
M204 S2000
G0 F9000 X76.285 Y94.552
M204 S500
G1 F1800 X77.367 Y93.47 E2009.20434
M204 S2000
G0 F9000 X77.157 Y93.115
M204 S500
G1 F1800 X76.285 Y93.987 E2009.24536
M204 S2000
G0 F9000 X76.285 Y93.421
M204 S500
G1 F1800 X77.024 Y92.681 E2009.28014
M204 S2000
G0 F9000 X76.94 Y92.2
M204 S500
G1 F1800 X76.285 Y92.855 E2009.31095
M204 S2000
G0 F9000 X76.285 Y92.289
M204 S500
G1 F1800 X76.956 Y91.618 E2009.34251
M204 S2000
G0 F9000 X76.285 Y91.724
M204 S500
G1 F1800 X77.196 Y90.813 E2009.38536
M204 S2000
G1 F2400 E2008.58536
G0 F9000 X77.594 Y91.048
G0 X77.747 Y93.363
G0 X75.924 Y93.363
G0 X76.285 Y100.209
M204 S500
G1 F2400 E2009.38536
G1 F1800 X88.963 Y87.531 E2009.9817
M204 S2000
G0 F9000 X89.528 Y87.531
M204 S500
G1 F1800 X76.285 Y100.775 E2010.60463
M204 S2000
G0 F9000 X76.285 Y101.34
M204 S500
G1 F1800 X90.094 Y87.531 E2011.25416
M204 S2000
G0 F9000 X90.66 Y87.531
M204 S500
G1 F1800 X76.285 Y101.906 E2011.93032
M204 S2000
G0 F9000 X76.285 Y102.472
M204 S500
G1 F1800 X91.225 Y87.531 E2012.63308
M204 S2000
G0 F9000 X91.791 Y87.531
M204 S500
G1 F1800 X76.285 Y103.037 E2013.36243
M204 S2000
G0 F9000 X76.285 Y103.603
M204 S500
G1 F1800 X92.357 Y87.531 E2014.11841
M204 S2000
G0 F9000 X92.922 Y87.531
M204 S500
G1 F1800 X76.285 Y104.169 E2014.90098
M204 S2000
G0 F9000 X76.285 Y104.735
M204 S500
G1 F1800 X93.488 Y87.531 E2015.71018
M204 S2000
G0 F9000 X94.054 Y87.531
M204 S500
G1 F1800 X76.285 Y105.3 E2016.54598
M204 S2000
G0 F9000 X76.285 Y105.866
M204 S500
G1 F1800 X94.619 Y87.531 E2017.40838
M204 S2000
G0 F9000 X95.185 Y87.531
M204 S500
G1 F1800 X76.285 Y106.432 E2018.2974
M204 S2000
G0 F9000 X76.285 Y106.997
M204 S500
G1 F1800 X95.751 Y87.531 E2019.21303
M204 S2000
G0 F9000 X96.316 Y87.531
M204 S500
G1 F1800 X76.285 Y107.563 E2020.15525
M204 S2000
G0 F9000 X76.285 Y108.129
M204 S500
G1 F1800 X96.882 Y87.531 E2021.12409
M204 S2000
G0 F9000 X97.448 Y87.531
M204 S500
G1 F1800 X76.285 Y108.694 E2022.11953
M204 S2000
G0 F9000 X76.285 Y109.26
M204 S500
G1 F1800 X98.013 Y87.531 E2023.14157
M204 S2000
G0 F9000 X98.579 Y87.531
M204 S500
G1 F1800 X76.285 Y109.826 E2024.19024
M204 S2000
G0 F9000 X76.285 Y110.391
M204 S500
G1 F1800 X99.145 Y87.531 E2025.2655
M204 S2000
G0 F9000 X99.711 Y87.531
M204 S500
G1 F1800 X76.285 Y110.957 E2026.36739
M204 S2000
G0 F9000 X76.285 Y111.523
M204 S500
G1 F1800 X100.276 Y87.531 E2027.49588
M204 S2000
G0 F9000 X100.842 Y87.531
M204 S500
G1 F1800 X76.285 Y112.088 E2028.65096
M204 S2000
G0 F9000 X76.285 Y112.654
M204 S500
G1 F1800 X101.408 Y87.531 E2029.83267
M204 S2000
G0 F9000 X101.973 Y87.531
M204 S500
G1 F1800 X76.285 Y113.22 E2031.04098
M204 S2000
G0 F9000 X76.285 Y113.786
M204 S500
G1 F1800 X102.539 Y87.531 E2032.27591
M204 S2000
G0 F9000 X103.105 Y87.531
M204 S500
G1 F1800 X76.285 Y114.351 E2033.53744
M204 S2000
G0 F9000 X76.285 Y114.917
M204 S500
G1 F1800 X103.67 Y87.531 E2034.82557
M204 S2000
G0 F9000 X104.236 Y87.531
M204 S500
G1 F1800 X76.285 Y115.483 E2036.14032
M204 S2000
G0 F9000 X76.285 Y116.048
M204 S500
G1 F1800 X104.802 Y87.531 E2037.48168
M204 S2000
G0 F9000 X105.367 Y87.531
M204 S500
G1 F1800 X76.285 Y116.614 E2038.84963
M204 S2000
G0 F9000 X76.285 Y117.18
M204 S500
G1 F1800 X105.933 Y87.531 E2040.2442
M204 S2000
G0 F9000 X106.499 Y87.531
M204 S500
G1 F1800 X76.285 Y117.745 E2041.66538
M204 S2000
G0 F9000 X76.285 Y118.311
M204 S500
G1 F1800 X107.064 Y87.531 E2043.11315
M204 S2000
G0 F9000 X107.63 Y87.531
M204 S500
G1 F1800 X76.285 Y118.877 E2044.58755
M204 S2000
G0 F9000 X76.285 Y119.442
M204 S500
G1 F1800 X108.196 Y87.531 E2046.08854
M204 S2000
G0 F9000 X108.762 Y87.531
M204 S500
G1 F1800 X76.285 Y120.008 E2047.61616
M204 S2000
G0 F9000 X76.285 Y120.574
M204 S500
G1 F1800 X109.327 Y87.531 E2049.17038
M204 S2000
G0 F9000 X109.893 Y87.531
M204 S500
G1 F1800 X76.285 Y121.139 E2050.7512
M204 S2000
G0 F9000 X76.285 Y121.705
M204 S500
G1 F1800 X110.459 Y87.531 E2052.35864
M204 S2000
G0 F9000 X111.024 Y87.531
M204 S500
G1 F1800 X76.285 Y122.271 E2053.99268
M204 S2000
G0 F9000 X76.285 Y122.836
M204 S500
G1 F1800 X111.59 Y87.531 E2055.65331
M204 S2000
G0 F9000 X112.156 Y87.531
M204 S500
G1 F1800 X76.285 Y123.402 E2057.34058
M204 S2000
G0 F9000 X76.285 Y123.968
M204 S500
G1 F1800 X112.721 Y87.531 E2059.05444
M204 S2000
G0 F9000 X113.287 Y87.531
M204 S500
G1 F1800 X76.285 Y124.534 E2060.79492
M204 S2000
G0 F9000 X76.285 Y125.099
M204 S500
G1 F1800 X113.853 Y87.531 E2062.56201
M204 S2000
G0 F9000 X114.418 Y87.531
M204 S500
G1 F1800 X76.285 Y125.665 E2064.35569
M204 S2000
G0 F9000 X76.285 Y126.231
M204 S500
G1 F1800 X114.984 Y87.531 E2066.17599
M204 S2000
G0 F9000 X115.55 Y87.531
M204 S500
G1 F1800 X76.285 Y126.796 E2068.0229
M204 S2000
G0 F9000 X76.285 Y127.362
M204 S500
G1 F1800 X116.115 Y87.531 E2069.8964
M204 S2000
G0 F9000 X116.681 Y87.531
M204 S500
G1 F1800 X76.285 Y127.928 E2071.79653
M204 S2000
G0 F9000 X76.285 Y128.493
M204 S500
G1 F1800 X77.169 Y127.609 E2071.83811
M204 S2000
G0 F9000 X76.954 Y128.39
M204 S500
G1 F1800 X76.285 Y129.059 E2071.86958
M204 S2000
G0 F9000 X76.285 Y129.625
M204 S500
G1 F1800 X76.942 Y128.968 E2071.90048
M204 S2000
G0 F9000 X77.024 Y129.451
M204 S500
G1 F1800 X76.285 Y130.19 E2071.93524
M204 S2000
G0 F9000 X76.285 Y130.756
M204 S500
G1 F1800 X77.164 Y129.876 E2071.97661
M204 S2000
G0 F9000 X77.373 Y130.234
M204 S500
G1 F1800 X76.285 Y131.322 E2072.02779
M204 S2000
G0 F9000 X76.285 Y131.887
M204 S500
G1 F1800 X77.626 Y130.546 E2072.09086
M204 S2000
G0 F9000 X77.913 Y130.825
M204 S500
G1 F1800 X76.404 Y132.334 E2072.16184
M204 S2000
G0 F9000 X76.84 Y132.464
M204 S500
G1 F1800 X78.243 Y131.06 E2072.22786
M204 S2000
G0 F9000 X78.621 Y131.248
M204 S500
G1 F1800 X77.406 Y132.464 E2072.28503
M204 S2000
G0 F9000 X77.971 Y132.464
M204 S500
G1 F1800 X79.057 Y131.378 E2072.33612
M204 S2000
G0 F9000 X79.568 Y131.433
M204 S500
G1 F1800 X78.537 Y132.464 E2072.38461
M204 S2000
G0 F9000 X79.103 Y132.464
M204 S500
G1 F1800 X80.188 Y131.378 E2072.43567
M204 S2000
G0 F9000 X80.099 Y130.928
G0 X79.866 Y131.057
G0 X79.866 Y132.824
G0 X80.234 Y132.464
M204 S500
G1 F1800 X120.447 Y92.251 E2074.32717
M204 S2000
G0 F9000 X120.536 Y92.727
M204 S500
G1 F1800 X80.8 Y132.464 E2076.19625
M204 S2000
G0 F9000 X81.365 Y132.464
M204 S500
G1 F1800 X120.685 Y93.144 E2078.04574
M204 S2000
G0 F9000 X120.895 Y93.5
M204 S500
G1 F1800 X81.931 Y132.464 E2079.87849
M204 S2000
G0 F9000 X82.497 Y132.464
M204 S500
G1 F1800 X121.142 Y93.818 E2081.69625
M204 S2000
G0 F9000 X121.434 Y94.093
M204 S500
G1 F1800 X83.062 Y132.464 E2083.50113
M204 S2000
G0 F9000 X83.628 Y132.464
M204 S500
G1 F1800 X121.761 Y94.331 E2085.29479
M204 S2000
G0 F9000 X122.153 Y94.505
M204 S500
G1 F1800 X84.194 Y132.464 E2087.08027
M204 S2000
G0 F9000 X84.759 Y132.464
M204 S500
G1 F1800 X122.591 Y94.632 E2088.85977
M204 S2000
G0 F9000 X123.102 Y94.687
M204 S500
G1 F1800 X85.325 Y132.464 E2090.63668
M204 S2000
G0 F9000 X85.891 Y132.464
M204 S500
G1 F1800 X123.749 Y94.606 E2092.41741
M204 S2000
G0 F9000 X124.24 Y93.947
G0 X124.879 Y94.041
M204 S500
G1 F1800 X86.457 Y132.464 E2094.22468
M204 S2000
G0 F9000 X87.022 Y132.464
M204 S500
G1 F1800 X131.955 Y87.531 E2096.33819
M204 S2000
G0 F9000 X132.52 Y87.531
M204 S500
G1 F1800 X87.588 Y132.464 E2098.45168
M204 S2000
G0 F9000 X88.154 Y132.464
M204 S500
G1 F1800 X133.086 Y87.531 E2100.56517
M204 S2000
G0 F9000 X133.652 Y87.531
M204 S500
G1 F1800 X88.719 Y132.464 E2102.67868
M204 S2000
G0 F9000 X89.285 Y132.464
M204 S500
G1 F1800 X134.217 Y87.531 E2104.79216
M204 S2000
G0 F9000 X134.783 Y87.531
M204 S500
G1 F1800 X89.851 Y132.464 E2106.90565
M204 S2000
G0 F9000 X90.416 Y132.464
M204 S500
G1 F1800 X135.349 Y87.531 E2109.01916
M204 S2000
G0 F9000 X135.914 Y87.531
M204 S500
G1 F1800 X90.982 Y132.464 E2111.13265
M204 S2000
G0 F9000 X91.548 Y132.464
M204 S500
G1 F1800 X136.48 Y87.531 E2113.24614
M204 S2000
G0 F9000 X137.046 Y87.531
M204 S500
G1 F1800 X92.113 Y132.464 E2115.35965
M204 S2000
G0 F9000 X92.679 Y132.464
M204 S500
G1 F1800 X137.611 Y87.531 E2117.47313
M204 S2000
G0 F9000 X138.177 Y87.531
M204 S500
G1 F1800 X93.245 Y132.464 E2119.58662
M204 S2000
G0 F9000 X93.81 Y132.464
M204 S500
G1 F1800 X138.743 Y87.531 E2121.70013
M204 S2000
G0 F9000 X139.309 Y87.531
M204 S500
G1 F1800 X94.376 Y132.464 E2123.81364
M204 S2000
G0 F9000 X94.942 Y132.464
M204 S500
G1 F1800 X139.874 Y87.531 E2125.92713
M204 S2000
G0 F9000 X140.44 Y87.531
M204 S500
G1 F1800 X95.507 Y132.464 E2128.04064
M204 S2000
G0 F9000 X96.073 Y132.464
M204 S500
G1 F1800 X141.006 Y87.531 E2130.15415
M204 S2000
G0 F9000 X141.571 Y87.531
M204 S500
G1 F1800 X96.639 Y132.464 E2132.26764
M204 S2000
G0 F9000 X97.205 Y132.464
M204 S500
G1 F1800 X142.137 Y87.531 E2134.38112
M204 S2000
G0 F9000 X142.703 Y87.531
M204 S500
G1 F1800 X97.77 Y132.464 E2136.49463
M204 S2000
G0 F9000 X98.336 Y132.464
M204 S500
G1 F1800 X143.268 Y87.531 E2138.60812
M204 S2000
G0 F9000 X143.649 Y87.717
M204 S500
G1 F1800 X98.902 Y132.464 E2140.71288
M204 S2000
G0 F9000 X99.467 Y132.464
M204 S500
G1 F1800 X143.712 Y88.219 E2142.79403
M204 S2000
G0 F9000 X143.712 Y88.784
M204 S500
G1 F1800 X100.033 Y132.464 E2144.84858
M204 S2000
G0 F9000 X100.599 Y132.464
M204 S500
G1 F1800 X143.712 Y89.35 E2146.87651
M204 S2000
G0 F9000 X143.712 Y89.916
M204 S500
G1 F1800 X101.164 Y132.464 E2148.87784
M204 S2000
G0 F9000 X101.73 Y132.464
M204 S500
G1 F1800 X143.712 Y90.481 E2150.85256
M204 S2000
G0 F9000 X143.712 Y91.047
M204 S500
G1 F1800 X102.296 Y132.464 E2152.80067
M204 S2000
G0 F9000 X102.861 Y132.464
M204 S500
G1 F1800 X143.712 Y91.613 E2154.72218
M204 S2000
G0 F9000 X143.712 Y92.178
M204 S500
G1 F1800 X103.427 Y132.464 E2156.61708
M204 S2000
G0 F9000 X103.993 Y132.464
M204 S500
G1 F1800 X143.712 Y92.744 E2158.48537
M204 S2000
G0 F9000 X143.712 Y93.31
M204 S500
G1 F1800 X104.558 Y132.464 E2160.32705
M204 S2000
G0 F9000 X105.124 Y132.464
M204 S500
G1 F1800 X143.712 Y93.875 E2162.14213
M204 S2000
G0 F9000 X143.712 Y94.441
M204 S500
G1 F1800 X105.69 Y132.464 E2163.9306
M204 S2000
G0 F9000 X106.256 Y132.464
M204 S500
G1 F1800 X143.712 Y95.007 E2165.69244
M204 S2000
G0 F9000 X143.712 Y95.573
M204 S500
G1 F1800 X106.821 Y132.464 E2167.42767
M204 S2000
G0 F9000 X107.387 Y132.464
M204 S500
G1 F1800 X143.712 Y96.138 E2169.13631
M204 S2000
G0 F9000 X143.712 Y96.704
M204 S500
G1 F1800 X107.953 Y132.464 E2170.81833
M204 S2000
G0 F9000 X108.518 Y132.464
M204 S500
G1 F1800 X143.712 Y97.27 E2172.47375
M204 S2000
G0 F9000 X143.712 Y97.835
M204 S500
G1 F1800 X109.084 Y132.464 E2174.10257
M204 S2000
G0 F9000 X109.65 Y132.464
M204 S500
G1 F1800 X143.712 Y98.401 E2175.70476
M204 S2000
G0 F9000 X143.712 Y98.967
M204 S500
G1 F1800 X110.215 Y132.464 E2177.28036
M204 S2000
G0 F9000 X110.781 Y132.464
M204 S500
G1 F1800 X143.712 Y99.532 E2178.82936
M204 S2000
G0 F9000 X143.712 Y100.098
M204 S500
G1 F1800 X111.347 Y132.464 E2180.35173
M204 S2000
G0 F9000 X111.912 Y132.464
M204 S500
G1 F1800 X143.712 Y100.664 E2181.84751
M204 S2000
G0 F9000 X143.712 Y101.229
M204 S500
G1 F1800 X112.478 Y132.464 E2183.31668
M204 S2000
G0 F9000 X113.044 Y132.464
M204 S500
G1 F1800 X143.712 Y101.795 E2184.75923
M204 S2000
G0 F9000 X143.712 Y102.361
M204 S500
G1 F1800 X113.609 Y132.464 E2186.17519
M204 S2000
G0 F9000 X114.175 Y132.464
M204 S500
G1 F1800 X143.712 Y102.926 E2187.56454
M204 S2000
G0 F9000 X143.712 Y103.492
M204 S500
G1 F1800 X114.741 Y132.464 E2188.92727
M204 S2000
G0 F9000 X115.306 Y132.464
M204 S500
G1 F1800 X143.712 Y104.058 E2190.2634
M204 S2000
G0 F9000 X143.712 Y104.624
M204 S500
G1 F1800 X122.052 Y126.284 E2191.28222
M204 S2000
G0 F9000 X122.836 Y126.065
M204 S500
G1 F1800 X143.712 Y105.189 E2192.26416
M204 S2000
G0 F9000 X143.712 Y105.755
M204 S500
G1 F1800 X123.405 Y126.062 E2193.21934
M204 S2000
G0 F9000 X123.869 Y126.164
M204 S500
G1 F1800 X143.712 Y106.321 E2194.1527
M204 S2000
G0 F9000 X143.712 Y106.886
M204 S500
G1 F1800 X124.28 Y126.318 E2195.06672
M204 S2000
G0 F9000 X124.637 Y126.527
M204 S500
G1 F1800 X143.712 Y107.452 E2195.96395
M204 S2000
G0 F9000 X143.712 Y108.018
M204 S500
G1 F1800 X124.96 Y126.77 E2196.84598
M204 S2000
G0 F9000 X125.226 Y127.069
M204 S500
G1 F1800 X143.712 Y108.583 E2197.71551
M204 S2000
G0 F9000 X143.712 Y109.149
M204 S500
G1 F1800 X125.451 Y127.41 E2198.57445
M204 S2000
G0 F9000 X125.635 Y127.792
M204 S500
G1 F1800 X143.712 Y109.715 E2199.42474
M204 S2000
G0 F9000 X143.712 Y110.28
M204 S500
G1 F1800 X125.768 Y128.225 E2200.26879
M204 S2000
G0 F9000 X125.827 Y128.732
M204 S500
G1 F1800 X143.712 Y110.846 E2201.11007
M204 S2000
G0 F9000 X143.712 Y111.412
M204 S500
G1 F1800 X125.748 Y129.376 E2201.95504
M204 S2000
G0 F9000 X125.312 Y129.232
G0 X124.613 Y130.033
G0 X123.671 Y130.914
G0 X123.76 Y131.364
M204 S500
G1 F1800 X122.66 Y132.464 E2202.00678
M204 S2000
G0 F9000 X122.095 Y132.464
M204 S500
G1 F1800 X123.125 Y131.433 E2202.05525
M204 S2000
G0 F9000 X122.605 Y131.388
M204 S500
G1 F1800 X121.529 Y132.464 E2202.10587
M204 S2000
G0 F9000 X120.963 Y132.464
M204 S500
G1 F1800 X122.16 Y131.267 E2202.16217
M204 S2000
G0 F9000 X121.774 Y131.088
M204 S500
G1 F1800 X120.398 Y132.464 E2202.22689
M204 S2000
G0 F9000 X119.832 Y132.464
M204 S500
G1 F1800 X121.443 Y130.852 E2202.30269
M204 S2000
G0 F9000 X121.152 Y130.578
M204 S500
G1 F1800 X119.266 Y132.464 E2202.3914
M204 S2000
G0 F9000 X118.701 Y132.464
M204 S500
G1 F1800 X120.895 Y130.27 E2202.4946
M204 S2000
G0 F9000 X120.684 Y129.915
M204 S500
G1 F1800 X118.135 Y132.464 E2202.6145
M204 S2000
G0 F9000 X117.569 Y132.464
M204 S500
G1 F1800 X120.536 Y129.497 E2202.75406
M204 S2000
G0 F9000 X120.445 Y129.022
M204 S500
G1 F1800 X117.004 Y132.464 E2202.91594
M204 S2000
G0 F9000 X116.438 Y132.464
M204 S500
G1 F1800 X120.454 Y128.448 E2203.10484
M204 S2000
G0 F9000 X120.627 Y127.708
M204 S500
G1 F1800 X115.872 Y132.464 E2203.32852
M204 S2000
G0 F9000 X115.872 Y132.924
G0 X123.226 Y132.924
G0 X123.226 Y132.464
M204 S500
G1 F1800 X143.712 Y111.977 E2204.29214
M204 S2000
G0 F9000 X143.712 Y112.543
M204 S500
G1 F1800 X123.792 Y132.464 E2205.22914
M204 S2000
G0 F9000 X124.357 Y132.464
M204 S500
G1 F1800 X143.712 Y113.109 E2206.13954
M204 S2000
G0 F9000 X143.712 Y113.674
M204 S500
G1 F1800 X124.923 Y132.464 E2207.02334
M204 S2000
G0 F9000 X125.489 Y132.464
M204 S500
G1 F1800 X143.712 Y114.24 E2207.88052
M204 S2000
G0 F9000 X143.712 Y114.806
M204 S500
G1 F1800 X126.055 Y132.464 E2208.71107
M204 S2000
G0 F9000 X126.62 Y132.464
M204 S500
G1 F1800 X143.712 Y115.372 E2209.51503
M204 S2000
G0 F9000 X143.712 Y115.937
M204 S500
G1 F1800 X127.186 Y132.464 E2210.29239
M204 S2000
G0 F9000 X127.752 Y132.464
M204 S500
G1 F1800 X143.712 Y116.503 E2211.04312
M204 S2000
G0 F9000 X143.712 Y117.069
M204 S500
G1 F1800 X128.317 Y132.464 E2211.76725
M204 S2000
G0 F9000 X128.883 Y132.464
M204 S500
G1 F1800 X143.712 Y117.634 E2212.46479
M204 S2000
G0 F9000 X143.712 Y118.2
M204 S500
G1 F1800 X129.449 Y132.464 E2213.1357
M204 S2000
G0 F9000 X130.014 Y132.464
M204 S500
G1 F1800 X143.712 Y118.766 E2213.78001
M204 S2000
G0 F9000 X143.712 Y119.331
M204 S500
G1 F1800 X130.58 Y132.464 E2214.39772
M204 S2000
G0 F9000 X131.146 Y132.464
M204 S500
G1 F1800 X143.712 Y119.897 E2214.98881
M204 S2000
G0 F9000 X143.712 Y120.463
M204 S500
G1 F1800 X131.711 Y132.464 E2215.5533
M204 S2000
G0 F9000 X132.277 Y132.464
M204 S500
G1 F1800 X143.712 Y121.028 E2216.09119
M204 S2000
G0 F9000 X143.712 Y121.594
M204 S500
G1 F1800 X132.843 Y132.464 E2216.60246
M204 S2000
G0 F9000 X133.408 Y132.464
M204 S500
G1 F1800 X143.712 Y122.16 E2217.08713
M204 S2000
G0 F9000 X143.712 Y122.725
M204 S500
G1 F1800 X133.974 Y132.464 E2217.5452
M204 S2000
G0 F9000 X134.54 Y132.464
M204 S500
G1 F1800 X143.712 Y123.291 E2217.97664
M204 S2000
G0 F9000 X143.712 Y123.857
M204 S500
G1 F1800 X135.105 Y132.464 E2218.38149
M204 S2000
G0 F9000 X135.671 Y132.464
M204 S500
G1 F1800 X143.712 Y124.423 E2218.75972
M204 S2000
G0 F9000 X143.712 Y124.988
M204 S500
G1 F1800 X136.237 Y132.464 E2219.11134
M204 S2000
G0 F9000 X136.803 Y132.464
M204 S500
G1 F1800 X143.712 Y125.554 E2219.43634
M204 S2000
G0 F9000 X143.712 Y126.12
M204 S500
G1 F1800 X137.368 Y132.464 E2219.73474
M204 S2000
G0 F9000 X137.934 Y132.464
M204 S500
G1 F1800 X143.712 Y126.685 E2220.00655
M204 S2000
G0 F9000 X143.712 Y127.251
M204 S500
G1 F1800 X138.5 Y132.464 E2220.25173
M204 S2000
G0 F9000 X139.065 Y132.464
M204 S500
G1 F1800 X143.712 Y127.817 E2220.47031
M204 S2000
G0 F9000 X143.712 Y128.382
M204 S500
G1 F1800 X139.631 Y132.464 E2220.66229
M204 S2000
G0 F9000 X140.197 Y132.464
M204 S500
G1 F1800 X143.712 Y128.948 E2220.82765
M204 S2000
G0 F9000 X143.712 Y129.514
M204 S500
G1 F1800 X140.762 Y132.464 E2220.96641
M204 S2000
G0 F9000 X141.328 Y132.464
M204 S500
G1 F1800 X143.712 Y130.079 E2221.07857
M204 S2000
G0 F9000 X143.712 Y130.645
M204 S500
G1 F1800 X141.894 Y132.464 E2221.1641
M204 S2000
G0 F9000 X142.459 Y132.464
M204 S500
G1 F1800 X143.712 Y131.211 E2221.22304
M204 S2000
G0 F9000 X143.712 Y131.776
M204 S500
G1 F1800 X143.025 Y132.464 E2221.25538
M204 S2000
G1 F2400 E2220.45538
G0 F9000 X143.025 Y132.924
G0 X124.168 Y132.824
G0 X123.844 Y94.202
G0 X125.038 Y93.882
M204 S500
G1 F2400 E2221.25538
G1 F1800 X131.389 Y87.531 E2221.55411
M204 S2000
G0 F9000 X130.823 Y87.531
M204 S500
G1 F1800 X125.747 Y92.608 E2221.79289
M204 S2000
G0 F9000 X125.824 Y91.965
M204 S500
G1 F1800 X130.258 Y87.531 E2222.00145
M204 S2000
G0 F9000 X129.692 Y87.531
M204 S500
G1 F1800 X125.772 Y91.452 E2222.18586
M204 S2000
G0 F9000 X125.633 Y91.024
M204 S500
G1 F1800 X129.126 Y87.531 E2222.35016
M204 S2000
G0 F9000 X128.56 Y87.531
M204 S500
G1 F1800 X125.444 Y90.648 E2222.49675
M204 S2000
G0 F9000 X125.22 Y90.306
M204 S500
G1 F1800 X127.995 Y87.531 E2222.62728
M204 S2000
G0 F9000 X127.429 Y87.531
M204 S500
G1 F1800 X124.952 Y90.008 E2222.74379
M204 S2000
G0 F9000 X124.63 Y89.765
M204 S500
G1 F1800 X126.863 Y87.531 E2222.84885
M204 S2000
G0 F9000 X126.298 Y87.531
M204 S500
G1 F1800 X124.268 Y89.561 E2222.94433
M204 S2000
G0 F9000 X123.859 Y89.404
M204 S500
G1 F1800 X125.732 Y87.531 E2223.03243
M204 S2000
G0 F9000 X125.166 Y87.531
M204 S500
G1 F1800 X123.389 Y89.308 E2223.11602
M204 S2000
G0 F9000 X122.819 Y89.313
M204 S500
G1 F1800 X124.601 Y87.531 E2223.19984
M204 S2000
G0 F9000 X124.035 Y87.531
M204 S500
G1 F1800 X122.028 Y89.538 E2223.29424
M204 S2000
G0 F9000 X122.213 Y89.961
G0 X121.073 Y91.085
G0 X120.635 Y90.932
M204 S500
G1 F1800 X82.273 Y129.294 E2225.09867
M204 S2000
G0 F9000 X82.321 Y128.679
M204 S500
G1 F1800 X123.469 Y87.531 E2227.03415
M204 S2000
G0 F9000 X122.904 Y87.531
M204 S500
G1 F1800 X82.262 Y128.173 E2228.94582
M204 S2000
G0 F9000 X82.119 Y127.75
M204 S500
G1 F1800 X122.338 Y87.531 E2230.8376
M204 S2000
G0 F9000 X121.772 Y87.531
M204 S500
G1 F1800 X81.928 Y127.375 E2232.71174
M204 S2000
G0 F9000 X81.699 Y127.039
M204 S500
G1 F1800 X121.207 Y87.531 E2234.57008
M204 S2000
G0 F9000 X120.641 Y87.531
M204 S500
G1 F1800 X81.428 Y126.744 E2236.41454
M204 S2000
G0 F9000 X81.102 Y126.505
M204 S500
G1 F1800 X120.075 Y87.531 E2238.24773
M204 S2000
G0 F9000 X119.51 Y87.531
M204 S500
G1 F1800 X80.735 Y126.306 E2240.07159
M204 S2000
G0 F9000 X80.321 Y126.154
M204 S500
G1 F1800 X118.944 Y87.531 E2241.88829
M204 S2000
G0 F9000 X118.378 Y87.531
M204 S500
G1 F1800 X79.849 Y126.06 E2243.70058
M204 S2000
G0 F9000 X79.27 Y126.074
M204 S500
G1 F1800 X117.812 Y87.531 E2245.5135
M204 S2000
G0 F9000 X117.247 Y87.531
M204 S500
G1 F1800 X78.455 Y126.323 E2247.33816
M204 S2000
G0 F9000 X78.639 Y126.745
G0 X79.832 Y126.782
G0 X80.236 Y126.867
G0 X80.614 Y127.035
G0 X80.949 Y127.279
G0 X81.226 Y127.587
G0 X81.433 Y127.946
G0 X81.562 Y128.339
G0 X81.44 Y130.063
G0 X81.827 Y130.305
M204 S500
G1 F1800 X120.452 Y91.68 E2249.15496
M204 S2000
G1 F2400 E2248.35496
G0 F9000 X120.91 Y91.727
G0 X120.856 Y92.479
G0 X81.946 Y128.743
G0 X81.231 Y130.901
M204 S500
G1 F2400 E2249.15496
G1 F1800 X79.668 Y132.464 E2249.22848
M204 S2000
G1 F2400 E2248.42848
;MESH:NONMESH
G0 F300 X79.668 Y132.464 Z2.2
G0 F9000 X79.668 Y132.924
G0 X80.705 Y132.824
G0 X79.871 Y94.309
G0 X80.289 Y94.03
;TIME_ELAPSED:2593.233081
;LAYER:10
M204 S500
;TYPE:WALL-INNER
;MESH:raspberry pi 4 B bottom part case.stl
G1 F2400 E2249.22848
G1 F1800 X79.853 Y94.128 E2249.24334
G1 X79.397 Y94.128 E2249.25851
G1 X78.963 Y94.034 E2249.27328
G1 X78.555 Y93.856 E2249.28808
G1 X78.19 Y93.592 E2249.30307
G1 X77.894 Y93.257 E2249.31793
G1 X77.664 Y92.871 E2249.33288
G1 X77.528 Y92.434 E2249.3481
G1 X77.484 Y92 E2249.36261
G1 X77.529 Y91.557 E2249.37742
G1 X77.665 Y91.128 E2249.39239
G1 X77.892 Y90.741 E2249.40731
G1 X78.191 Y90.404 E2249.4223
G1 X78.554 Y90.141 E2249.4372
G1 X78.963 Y89.961 E2249.45207
G1 X79.402 Y89.868 E2249.46699
G1 X79.851 Y89.868 E2249.48193
G1 X80.285 Y89.962 E2249.4967
G1 X80.695 Y90.141 E2249.51158
G1 X81.052 Y90.403 E2249.5263
G1 X81.356 Y90.741 E2249.54142
G1 X81.578 Y91.126 E2249.5562
G1 X81.72 Y91.559 E2249.57136
G1 X81.764 Y91.999 E2249.58607
G1 X81.714 Y92.446 E2249.60103
G1 X81.583 Y92.85 E2249.61515
G1 X81.351 Y93.258 E2249.63077
G1 X81.054 Y93.587 E2249.64551
G1 X80.689 Y93.858 E2249.66063
G1 X80.289 Y94.03 E2249.67511
M204 S2000
G1 F2400 E2248.87511
G0 F9000 X80.705 Y93.961
G0 X79.871 Y94.309
G0 X79.876 Y126.439
G0 X80.283 Y130.788
M204 S500
G1 F2400 E2249.67511
G1 F1800 X79.848 Y130.876 E2249.68987
G1 X79.404 Y130.876 E2249.70464
G1 X78.965 Y130.788 E2249.71953
G1 X78.551 Y130.601 E2249.73464
G1 X78.21 Y130.352 E2249.74868
G1 X77.896 Y130.014 E2249.76403
G1 X77.665 Y129.62 E2249.77922
G1 X77.528 Y129.186 E2249.79435
G1 X77.484 Y128.748 E2249.809
G1 X77.529 Y128.305 E2249.82381
G1 X77.666 Y127.875 E2249.83882
G1 X77.894 Y127.491 E2249.85367
G1 X78.19 Y127.156 E2249.86854
G1 X78.555 Y126.892 E2249.88352
G1 X78.963 Y126.714 E2249.89833
G1 X79.397 Y126.62 E2249.9131
G1 X79.853 Y126.62 E2249.92826
G1 X80.289 Y126.718 E2249.94313
G1 X80.69 Y126.89 E2249.95764
G1 X81.059 Y127.166 E2249.97296
G1 X81.358 Y127.495 E2249.98775
G1 X81.574 Y127.874 E2250.00226
G1 X81.715 Y128.299 E2250.01715
G1 X81.764 Y128.745 E2250.03208
G1 X81.72 Y129.189 E2250.04692
G1 X81.578 Y129.622 E2250.06207
G1 X81.357 Y130.002 E2250.07669
G1 X81.052 Y130.341 E2250.09186
G1 X80.698 Y130.601 E2250.10647
G1 X80.283 Y130.788 E2250.12161
M204 S2000
G1 F2400 E2249.32161
G0 F9000 X80.308 Y130.886
G0 X81.504 Y130.11
G0 X81.504 Y132.824
G0 X110 Y133.024
M204 S500
G1 F2400 E2250.12161
G1 F1800 X143.346 Y133.024 E2251.2307
G1 X143.719 Y132.951 E2251.24334
G1 X144.011 Y132.755 E2251.25504
G1 X144.121 Y132.622 E2251.26078
G1 X144.272 Y132.246 E2251.27426
G1 X144.272 Y87.753 E2252.7541
G1 X144.12 Y87.376 E2252.76762
G1 X144.009 Y87.239 E2252.77348
G1 X143.719 Y87.045 E2252.78509
G1 X143.346 Y86.972 E2252.79773
G1 X76.65 Y86.972 E2255.01605
G1 X76.277 Y87.045 E2255.02869
G1 X75.989 Y87.237 E2255.0402
G1 X75.796 Y87.53 E2255.05187
G1 X75.724 Y87.898 E2255.06434
G1 X75.724 Y132.098 E2256.53444
G1 X75.797 Y132.472 E2256.54711
G1 X75.988 Y132.757 E2256.55853
G1 X76.277 Y132.951 E2256.5701
G1 X76.65 Y133.024 E2256.58274
G1 X110 Y133.024 E2257.69197
M204 S2000
G1 F2400 E2256.89197
G0 F9000 X110 Y132.924
G0 X122.504 Y132.824
G0 X122.858 Y131.051
G0 X122.904 Y130.876
M204 S500
G1 F2400 E2257.69197
G1 F1800 X122.465 Y130.789 E2257.70685
G1 X122.052 Y130.602 E2257.72193
G1 X121.69 Y130.34 E2257.7368
G1 X121.394 Y130.005 E2257.75167
G1 X121.163 Y129.617 E2257.76668
G1 X121.03 Y129.194 E2257.78143
G1 X120.984 Y128.74 E2257.79661
G1 X121.033 Y128.303 E2257.81124
G1 X121.161 Y127.885 E2257.82578
G1 X121.409 Y127.475 E2257.84171
G1 X121.69 Y127.158 E2257.8558
G1 X122.036 Y126.907 E2257.87002
G1 X122.442 Y126.724 E2257.88483
G1 X122.921 Y126.621 E2257.90113
G1 X123.349 Y126.623 E2257.91536
G1 X123.788 Y126.717 E2257.93029
G1 X124.191 Y126.892 E2257.94491
G1 X124.535 Y127.144 E2257.95909
G1 X124.84 Y127.477 E2257.97411
G1 X125.075 Y127.876 E2257.98951
G1 X125.215 Y128.299 E2258.00433
G1 X125.264 Y128.745 E2258.01925
G1 X125.22 Y129.189 E2258.03409
G1 X125.078 Y129.622 E2258.04925
G1 X124.853 Y130.012 E2258.06423
G1 X124.551 Y130.341 E2258.07908
G1 X124.198 Y130.601 E2258.09366
G1 X123.783 Y130.788 E2258.1088
G1 X123.348 Y130.876 E2258.12356
G1 X122.904 Y130.876 E2258.13833
M204 S2000
G1 F2400 E2257.33833
G0 F9000 X122.504 Y130.899
G0 X121.524 Y129.913
G0 X121.317 Y129.554
G0 X121.188 Y129.161
G0 X121.146 Y128.75
G0 X121.188 Y128.339
G0 X121.317 Y127.946
G0 X121.524 Y127.587
G0 X122.88 Y126.439
G0 X122.88 Y94.308
G0 X122.899 Y94.125
M204 S500
G1 F2400 E2258.13833
G1 F1800 X122.481 Y94.037 E2258.15254
G1 X122.036 Y93.841 E2258.16871
G1 X121.675 Y93.573 E2258.18366
G1 X121.388 Y93.25 E2258.19803
G1 X121.16 Y92.848 E2258.21341
G1 X121.03 Y92.443 E2258.22755
G1 X120.984 Y91.996 E2258.2425
G1 X121.028 Y91.558 E2258.25714
G1 X121.163 Y91.132 E2258.272
G1 X121.392 Y90.741 E2258.28707
G1 X121.691 Y90.404 E2258.30206
G1 X122.054 Y90.141 E2258.31697
G1 X122.464 Y89.961 E2258.33186
G1 X122.902 Y89.868 E2258.34675
G1 X123.351 Y89.868 E2258.36169
G1 X123.785 Y89.962 E2258.37646
G1 X124.195 Y90.141 E2258.39134
G1 X124.552 Y90.403 E2258.40607
G1 X124.856 Y90.741 E2258.42119
G1 X125.078 Y91.126 E2258.43597
G1 X125.22 Y91.559 E2258.45112
G1 X125.264 Y91.999 E2258.46583
G1 X125.215 Y92.444 E2258.48072
G1 X125.075 Y92.872 E2258.4957
G1 X124.865 Y93.237 E2258.5097
G1 X124.535 Y93.604 E2258.52612
G1 X124.196 Y93.854 E2258.54013
G1 X123.788 Y94.031 E2258.55492
G1 X123.327 Y94.127 E2258.57058
G1 X122.899 Y94.125 E2258.58482
M204 S2000
G0 F9000 X122.921 Y93.724
M204 S500
;TYPE:WALL-OUTER
G1 F1800 X122.585 Y93.651 E2258.59626
G1 X122.261 Y93.509 E2258.60802
G1 X121.961 Y93.293 E2258.62032
G1 X121.724 Y93.027 E2258.63217
G1 X121.53 Y92.696 E2258.64493
G1 X121.424 Y92.358 E2258.65671
G1 X121.388 Y91.98 E2258.66934
G1 X121.42 Y91.66 E2258.68003
G1 X121.543 Y91.274 E2258.69351
G1 X121.707 Y90.994 E2258.7043
G1 X121.978 Y90.689 E2258.71787
G1 X122.238 Y90.501 E2258.72854
G1 X122.567 Y90.352 E2258.74055
G1 X122.929 Y90.271 E2258.75289
G1 X123.327 Y90.272 E2258.76613
G1 X123.681 Y90.352 E2258.7782
G1 X124.011 Y90.502 E2258.79026
G1 X124.267 Y90.69 E2258.80082
G1 X124.542 Y90.996 E2258.81451
G1 X124.718 Y91.313 E2258.82657
G1 X124.828 Y91.66 E2258.83867
G1 X124.86 Y91.98 E2258.84937
G1 X124.828 Y92.337 E2258.86129
G1 X124.711 Y92.707 E2258.8742
G1 X124.534 Y93.013 E2258.88595
G1 X124.277 Y93.298 E2258.89872
G1 X123.973 Y93.516 E2258.91116
G1 X123.663 Y93.651 E2258.92241
G1 X123.299 Y93.728 E2258.93478
G1 X122.921 Y93.724 E2258.94735
M204 S2000
G1 F2400 E2258.14735
G0 F9000 X122.818 Y94.214
G0 X122.88 Y126.439
G0 X122.924 Y130.472
M204 S500
G1 F2400 E2258.94735
G1 F1800 X122.565 Y130.395 E2258.95957
G1 X122.238 Y130.243 E2258.97156
G1 X121.978 Y130.055 E2258.98223
G1 X121.708 Y129.751 E2258.99575
G1 X121.525 Y129.433 E2259.00796
G1 X121.429 Y129.129 E2259.01856
G1 X121.388 Y128.728 E2259.03197
G1 X121.424 Y128.386 E2259.04341
G1 X121.531 Y128.047 E2259.05523
G1 X121.715 Y127.733 E2259.06733
G1 X121.969 Y127.448 E2259.08003
G1 X122.275 Y127.232 E2259.09249
G1 X122.592 Y127.095 E2259.10397
G1 X122.949 Y127.02 E2259.11611
G1 X123.327 Y127.024 E2259.12868
G1 X123.663 Y127.097 E2259.14012
G1 X123.992 Y127.242 E2259.15208
G1 X124.277 Y127.45 E2259.16381
G1 X124.526 Y127.724 E2259.17612
G1 X124.711 Y128.041 E2259.18833
G1 X124.824 Y128.385 E2259.20038
G1 X124.86 Y128.768 E2259.21317
G1 X124.828 Y129.088 E2259.22387
G1 X124.702 Y129.472 E2259.23731
G1 X124.516 Y129.788 E2259.2495
G1 X124.267 Y130.054 E2259.26162
G1 X123.975 Y130.263 E2259.27357
G1 X123.64 Y130.409 E2259.28572
G1 X123.319 Y130.474 E2259.29661
G1 X122.924 Y130.472 E2259.30975
M204 S2000
G1 F2400 E2258.50975
G0 F9000 X122.504 Y130.899
G0 X121.247 Y130.111
G0 X121.247 Y132.824
G0 X110 Y133.424
M204 S500
G1 F2400 E2259.30975
G1 F1800 X143.366 Y133.424 E2260.41951
G1 X143.624 Y133.398 E2260.42813
G1 X143.989 Y133.287 E2260.44082
G1 X144.294 Y133.041 E2260.45386
G1 X144.456 Y132.844 E2260.46234
G1 X144.569 Y132.628 E2260.47045
G1 X144.646 Y132.373 E2260.47931
G1 X144.672 Y132.118 E2260.48783
G1 X144.672 Y87.878 E2261.95926
G1 X144.646 Y87.624 E2261.96775
G1 X144.532 Y87.249 E2261.98079
G1 X144.293 Y86.955 E2261.99339
G1 X143.99 Y86.709 E2262.00637
G1 X143.624 Y86.598 E2262.01909
G1 X143.366 Y86.572 E2262.02772
G1 X76.63 Y86.572 E2264.24736
G1 X76.372 Y86.598 E2264.25599
G1 X76.007 Y86.709 E2264.26868
G1 X75.703 Y86.954 E2264.28166
G1 X75.461 Y87.26 E2264.29464
G1 X75.349 Y87.624 E2264.30731
G1 X75.324 Y87.878 E2264.3158
G1 X75.324 Y132.118 E2265.78722
G1 X75.35 Y132.373 E2265.79575
G1 X75.46 Y132.74 E2265.80849
G1 X75.703 Y133.041 E2265.82136
G1 X76.006 Y133.287 E2265.83434
G1 X76.372 Y133.398 E2265.84706
G1 X76.63 Y133.424 E2265.85569
G1 X110 Y133.424 E2266.96558
M204 S2000
G1 F2400 E2266.16558
G0 F9000 X110 Y132.924
G0 X80.25 Y132.824
G0 X79.898 Y131.069
G0 X80.14 Y130.409
M204 S500
G1 F2400 E2266.96558
G1 F1800 X79.819 Y130.474 E2266.97647
G1 X79.424 Y130.472 E2266.98961
G1 X79.065 Y130.395 E2267.00182
G1 X78.738 Y130.243 E2267.01381
G1 X78.467 Y130.046 E2267.02496
G1 X78.207 Y129.754 E2267.03796
G1 X78.025 Y129.433 E2267.05023
G1 X77.921 Y129.091 E2267.06212
G1 X77.884 Y128.748 E2267.0736
G1 X77.929 Y128.367 E2267.08636
G1 X78.044 Y128.021 E2267.09848
G1 X78.23 Y127.715 E2267.11039
G1 X78.478 Y127.441 E2267.12269
G1 X78.738 Y127.253 E2267.13336
G1 X79.067 Y127.104 E2267.14537
G1 X79.421 Y127.024 E2267.15744
G1 X79.827 Y127.024 E2267.17094
G1 X80.181 Y127.104 E2267.18302
G1 X80.473 Y127.232 E2267.19362
G1 X80.777 Y127.45 E2267.20606
G1 X81.029 Y127.728 E2267.21854
G1 X81.202 Y128.023 E2267.22992
G1 X81.324 Y128.385 E2267.24262
G1 X81.36 Y128.768 E2267.25542
G1 X81.328 Y129.088 E2267.26611
G1 X81.202 Y129.473 E2267.27959
G1 X81.042 Y129.749 E2267.2902
G1 X80.767 Y130.054 E2267.30386
G1 X80.475 Y130.263 E2267.3158
G1 X80.14 Y130.409 E2267.32795
M204 S2000
G1 F2400 E2266.52795
G0 F9000 X80.25 Y130.898
G0 X81.226 Y129.913
G0 X81.433 Y129.554
G0 X81.562 Y129.161
G0 X81.604 Y128.75
G0 X81.562 Y128.339
G0 X81.433 Y127.946
G0 X81.226 Y127.587
G0 X79.876 Y126.439
G0 X79.871 Y94.309
G0 X80.181 Y93.644
M204 S500
G1 F2400 E2267.32795
G1 F1800 X79.827 Y93.724 E2267.34002
G1 X79.421 Y93.724 E2267.35353
G1 X79.067 Y93.644 E2267.3656
G1 X78.738 Y93.495 E2267.37761
G1 X78.478 Y93.307 E2267.38828
G1 X78.208 Y93.003 E2267.40181
G1 X78.025 Y92.684 E2267.41404
G1 X77.921 Y92.339 E2267.42602
G1 X77.884 Y92 E2267.43737
G1 X77.929 Y91.619 E2267.45013
G1 X78.043 Y91.274 E2267.46221
G1 X78.207 Y90.994 E2267.473
G1 X78.478 Y90.689 E2267.48657
G1 X78.775 Y90.48 E2267.49865
G1 X79.105 Y90.34 E2267.51057
G1 X79.429 Y90.271 E2267.52159
G1 X79.827 Y90.272 E2267.53483
G1 X80.181 Y90.352 E2267.5469
G1 X80.511 Y90.502 E2267.55896
G1 X80.767 Y90.69 E2267.56952
G1 X81.042 Y90.996 E2267.58321
G1 X81.218 Y91.313 E2267.59527
G1 X81.328 Y91.66 E2267.60737
G1 X81.36 Y91.98 E2267.61807
G1 X81.324 Y92.36 E2267.63076
G1 X81.208 Y92.709 E2267.643
G1 X81.036 Y93.01 E2267.65453
G1 X80.784 Y93.292 E2267.66711
G1 X80.5 Y93.501 E2267.67883
G1 X80.181 Y93.644 E2267.69046
M204 S2000
G1 F2400 E2266.89046
G0 F9000 X80.705 Y93.961
G0 X81.499 Y93.368
G0 X121.252 Y93.365
G0 X122.844 Y94.486
M204 S500
;TYPE:SKIN
G1 F2400 E2267.69046
G1 F1800 X123.397 Y94.486 E2267.70885
G1 X123.898 Y94.371 E2267.72595
G1 X124.373 Y94.165 E2267.74317
G1 X124.797 Y93.854 E2267.76066
G1 X125.159 Y93.452 E2267.77865
G1 X125.403 Y93.019 E2267.79518
G1 X125.564 Y92.524 E2267.8125
G1 X125.624 Y91.975 E2267.83086
G1 X125.575 Y91.499 E2267.84678
G1 X125.414 Y91.004 E2267.86409
G1 X125.163 Y90.55 E2267.88135
G1 X124.779 Y90.122 E2267.90047
G1 X124.391 Y89.838 E2267.91646
G1 X123.912 Y89.624 E2267.93391
G1 X123.411 Y89.512 E2267.95099
G1 X122.849 Y89.51 E2267.96968
G1 X122.375 Y89.608 E2267.98578
G1 X121.854 Y89.837 E2268.00471
G1 X121.434 Y90.146 E2268.02205
G1 X121.11 Y90.511 E2268.03828
G1 X120.82 Y91.009 E2268.05745
G1 X120.68 Y91.469 E2268.07344
G1 X120.621 Y91.973 E2268.09032
G1 X120.68 Y92.519 E2268.10859
G1 X120.828 Y92.993 E2268.1251
G1 X121.113 Y93.479 E2268.14384
G1 X121.437 Y93.853 E2268.1603
G1 X121.876 Y94.166 E2268.17823
G1 X122.349 Y94.375 E2268.19543
G1 X122.844 Y94.486 E2268.2123
M204 S2000
G1 F2400 E2267.4123
G0 F9000 X122.883 Y94.229
G0 X122.88 Y126.439
G0 X122.848 Y131.233
M204 S500
G1 F2400 E2268.2123
G1 F1800 X123.395 Y131.233 E2268.2305
G1 X123.88 Y131.137 E2268.24694
G1 X124.36 Y130.922 E2268.26443
G1 X124.775 Y130.621 E2268.28149
G1 X125.136 Y130.231 E2268.29916
G1 X125.398 Y129.784 E2268.31639
G1 X125.576 Y129.244 E2268.33531
G1 X125.623 Y128.716 E2268.35294
G1 X125.559 Y128.197 E2268.37033
G1 X125.403 Y127.725 E2268.38686
G1 X125.143 Y127.275 E2268.40415
G1 X124.798 Y126.887 E2268.42142
G1 X124.367 Y126.573 E2268.43915
G1 X123.892 Y126.371 E2268.45632
G1 X123.401 Y126.262 E2268.47305
G1 X122.848 Y126.262 E2268.49144
G1 X122.353 Y126.369 E2268.50829
G1 X121.868 Y126.581 E2268.52589
G1 X121.441 Y126.891 E2268.54344
G1 X121.097 Y127.285 E2268.56084
G1 X120.834 Y127.735 E2268.57817
G1 X120.684 Y128.205 E2268.59458
G1 X120.621 Y128.716 E2268.61171
G1 X120.669 Y129.237 E2268.62911
G1 X120.825 Y129.748 E2268.64688
G1 X121.106 Y130.226 E2268.66532
G1 X121.434 Y130.594 E2268.68172
G1 X121.846 Y130.898 E2268.69875
G1 X122.368 Y131.137 E2268.71784
G1 X122.848 Y131.233 E2268.73412
M204 S2000
G1 F2400 E2267.93412
G0 F9000 X122.504 Y130.899
G0 X121.247 Y130.111
G0 X121.247 Y132.824
G0 X110 Y132.664
M204 S500
G1 F2400 E2268.73412
G1 F1800 X76.672 Y132.663 E2269.84262
G1 X76.415 Y132.611 E2269.85134
G1 X76.245 Y132.499 E2269.85811
G1 X76.134 Y132.331 E2269.86481
G1 X76.085 Y132.073 E2269.87354
G1 X76.084 Y87.919 E2271.34211
G1 X76.13 Y87.669 E2271.35056
G1 X76.249 Y87.489 E2271.35774
G1 X76.413 Y87.381 E2271.36427
G1 X76.671 Y87.332 E2271.37301
G1 X143.321 Y87.332 E2273.58979
G1 X143.579 Y87.381 E2273.59853
G1 X143.79 Y87.52 E2273.60693
G1 X143.912 Y87.816 E2273.61758
G1 X143.912 Y132.18 E2275.09313
G1 X143.814 Y132.417 E2275.10166
G1 X143.666 Y132.562 E2275.10855
G1 X143.427 Y132.664 E2275.1172
G1 X110 Y132.664 E2276.22898
M204 S2000
G1 F2400 E2275.42898
G0 F9000 X110 Y132.924
G0 X80.321 Y132.824
G0 X79.966 Y131.056
G0 X80.38 Y131.137
M204 S500
G1 F2400 E2276.22898
G1 F1800 X80.86 Y130.922 E2276.24648
G1 X81.309 Y130.59 E2276.26505
G1 X81.658 Y130.197 E2276.28253
G1 X81.894 Y129.789 E2276.29821
G1 X82.076 Y129.24 E2276.31745
G1 X82.123 Y128.716 E2276.33494
G1 X82.058 Y128.196 E2276.35237
G1 X81.89 Y127.703 E2276.3697
G1 X81.638 Y127.272 E2276.3863
G1 X81.293 Y126.886 E2276.40352
G1 X80.875 Y126.583 E2276.42069
G1 X80.404 Y126.378 E2276.43778
G1 X79.917 Y126.265 E2276.45441
G1 X79.333 Y126.264 E2276.47383
G1 X78.869 Y126.364 E2276.48962
G1 X78.354 Y126.589 E2276.50831
G1 X77.966 Y126.869 E2276.52422
G1 X77.606 Y127.266 E2276.54205
G1 X77.343 Y127.706 E2276.5591
G1 X77.177 Y128.215 E2276.5769
G1 X77.12 Y128.744 E2276.5946
G1 X77.17 Y129.251 E2276.61155
G1 X77.339 Y129.778 E2276.62995
G1 X77.595 Y130.214 E2276.64677
G1 X77.975 Y130.626 E2276.66541
G1 X78.383 Y130.918 E2276.6821
G1 X78.868 Y131.137 E2276.6998
G1 X79.348 Y131.233 E2276.71608
G1 X79.895 Y131.233 E2276.73427
G1 X80.38 Y131.137 E2276.75072
M204 S2000
G1 F2400 E2275.95072
G0 F9000 X80.321 Y130.883
G0 X81.226 Y129.913
G0 X81.433 Y129.554
G0 X81.562 Y129.161
G0 X81.604 Y128.75
G0 X81.562 Y128.339
G0 X81.433 Y127.946
G0 X81.226 Y127.587
G0 X79.876 Y126.439
G0 X79.871 Y94.309
G0 X79.913 Y94.483
M204 S500
G1 F2400 E2276.75072
G1 F1800 X80.415 Y94.364 E2276.76788
G1 X80.859 Y94.173 E2276.78395
G1 X81.296 Y93.852 E2276.80199
G1 X81.648 Y93.468 E2276.81931
G1 X81.916 Y92.985 E2276.83768
G1 X82.064 Y92.524 E2276.85379
G1 X82.124 Y91.975 E2276.87216
G1 X82.075 Y91.499 E2276.88807
G1 X81.914 Y91.004 E2276.90538
G1 X81.663 Y90.55 E2276.92264
G1 X81.279 Y90.122 E2276.94176
G1 X80.891 Y89.838 E2276.95776
G1 X80.412 Y89.624 E2276.97521
G1 X79.911 Y89.512 E2276.99228
G1 X79.349 Y89.51 E2277.01097
G1 X78.875 Y89.608 E2277.02707
G1 X78.354 Y89.837 E2277.046
G1 X77.966 Y90.117 E2277.06191
G1 X77.61 Y90.511 E2277.07958
G1 X77.339 Y90.966 E2277.09719
G1 X77.177 Y91.468 E2277.11473
G1 X77.12 Y91.996 E2277.1324
G1 X77.174 Y92.479 E2277.14856
G1 X77.319 Y92.984 E2277.16604
G1 X77.587 Y93.45 E2277.18392
G1 X77.938 Y93.85 E2277.20162
G1 X78.39 Y94.175 E2277.22013
G1 X78.869 Y94.384 E2277.23752
G1 X79.333 Y94.484 E2277.2533
G1 X79.913 Y94.483 E2277.27259
M204 S2000
G1 F2400 E2276.47259
G0 F9000 X79.299 Y94.211
G0 X75.924 Y94.309
G0 X75.847 Y132.218
G0 X76.285 Y131.722
M204 S500
G1 F2400 E2277.27259
G1 F1800 X77.026 Y132.463 E2277.30745
M204 S2000
G0 F9000 X77.592 Y132.463
M204 S500
G1 F1800 X76.285 Y131.156 E2277.36892
M204 S2000
G0 F9000 X76.285 Y130.591
M204 S500
G1 F1800 X78.157 Y132.463 E2277.45698
M204 S2000
G0 F9000 X78.723 Y132.463
M204 S500
G1 F1800 X76.285 Y130.025 E2277.57165
M204 S2000
G0 F9000 X76.285 Y129.459
M204 S500
G1 F1800 X79.289 Y132.463 E2277.71295
M204 S2000
G0 F9000 X79.854 Y132.463
M204 S500
G1 F1800 X78.657 Y131.266 E2277.76926
M204 S2000
G0 F9000 X79.393 Y131.436
M204 S500
G1 F1800 X80.42 Y132.463 E2277.81756
M204 S2000
G0 F9000 X80.986 Y132.463
M204 S500
G1 F1800 X79.949 Y131.426 E2277.86634
M204 S2000
G0 F9000 X80.421 Y131.332
M204 S500
G1 F1800 X81.551 Y132.463 E2277.91952
M204 S2000
G0 F9000 X82.117 Y132.463
M204 S500
G1 F1800 X80.817 Y131.163 E2277.98066
M204 S2000
G0 F9000 X81.168 Y130.948
M204 S500
G1 F1800 X82.683 Y132.463 E2278.05192
M204 S2000
G0 F9000 X83.248 Y132.463
M204 S500
G1 F1800 X81.482 Y130.697 E2278.13499
M204 S2000
G0 F9000 X81.75 Y130.399
M204 S500
G1 F1800 X83.814 Y132.463 E2278.23208
M204 S2000
G0 F9000 X84.38 Y132.463
M204 S500
G1 F1800 X81.971 Y130.055 E2278.34536
M204 S2000
G0 F9000 X82.15 Y129.667
M204 S500
G1 F1800 X84.945 Y132.463 E2278.47686
M204 S2000
G0 F9000 X85.511 Y132.463
M204 S500
G1 F1800 X82.278 Y129.23 E2278.62893
M204 S2000
G0 F9000 X82.324 Y128.71
M204 S500
G1 F1800 X86.077 Y132.463 E2278.80546
M204 S2000
G0 F9000 X86.643 Y132.463
M204 S500
G1 F1800 X82.215 Y128.035 E2279.01374
M204 S2000
G0 F9000 X81.78 Y128.178
G0 X81.107 Y127.45
G0 X79.947 Y126.537
G0 X80.337 Y126.157
M204 S500
G1 F1800 X76.284 Y122.105 E2279.20435
M204 S2000
G0 F9000 X76.284 Y122.67
M204 S500
G1 F1800 X79.674 Y126.06 E2279.36381
M204 S2000
G0 F9000 X79.147 Y126.099
M204 S500
G1 F1800 X76.284 Y123.236 E2279.49847
M204 S2000
G0 F9000 X76.284 Y123.802
M204 S500
G1 F1800 X78.698 Y126.216 E2279.61202
M204 S2000
G0 F9000 X78.305 Y126.388
M204 S500
G1 F1800 X76.284 Y124.367 E2279.70708
M204 S2000
G0 F9000 X76.284 Y124.933
M204 S500
G1 F1800 X77.971 Y126.619 E2279.78641
M204 S2000
G0 F9000 X77.675 Y126.89
M204 S500
G1 F1800 X76.284 Y125.499 E2279.85184
M204 S2000
G0 F9000 X76.284 Y126.064
M204 S500
G1 F1800 X77.413 Y127.194 E2279.90497
M204 S2000
G0 F9000 X77.204 Y127.55
M204 S500
G1 F1800 X76.284 Y126.63 E2279.94824
M204 S2000
G0 F9000 X76.284 Y127.196
M204 S500
G1 F1800 X77.048 Y127.959 E2279.98415
M204 S2000
G0 F9000 X76.951 Y128.428
M204 S500
G1 F1800 X76.284 Y127.761 E2280.01553
M204 S2000
G0 F9000 X76.284 Y128.327
M204 S500
G1 F1800 X76.944 Y128.987 E2280.04657
M204 S2000
G0 F9000 X76.284 Y128.893
M204 S500
G1 F1800 X77.105 Y129.714 E2280.08519
M204 S2000
G1 F2400 E2279.28519
G0 F9000 X77.546 Y129.579
G0 X77.747 Y127.385
G0 X75.924 Y127.385
G0 X76.284 Y121.539
M204 S500
G1 F2400 E2280.08519
G1 F1800 X87.208 Y132.463 E2280.59902
M204 S2000
G0 F9000 X87.774 Y132.463
M204 S500
G1 F1800 X76.284 Y120.973 E2281.13948
M204 S2000
G0 F9000 X76.284 Y120.408
M204 S500
G1 F1800 X88.34 Y132.463 E2281.70653
M204 S2000
G0 F9000 X88.905 Y132.463
M204 S500
G1 F1800 X76.284 Y119.842 E2282.30018
M204 S2000
G0 F9000 X76.284 Y119.276
M204 S500
G1 F1800 X89.471 Y132.463 E2282.92046
M204 S2000
G0 F9000 X90.037 Y132.463
M204 S500
G1 F1800 X76.284 Y118.711 E2283.56733
M204 S2000
G0 F9000 X76.284 Y118.145
M204 S500
G1 F1800 X90.602 Y132.463 E2284.24081
M204 S2000
G0 F9000 X91.168 Y132.463
M204 S500
G1 F1800 X76.284 Y117.579 E2284.94091
M204 S2000
G0 F9000 X76.284 Y117.013
M204 S500
G1 F1800 X91.734 Y132.463 E2285.66763
M204 S2000
G0 F9000 X92.299 Y132.463
M204 S500
G1 F1800 X76.284 Y116.448 E2286.42092
M204 S2000
G0 F9000 X76.284 Y115.882
M204 S500
G1 F1800 X92.865 Y132.463 E2287.20084
M204 S2000
G0 F9000 X93.431 Y132.463
M204 S500
G1 F1800 X76.284 Y115.316 E2288.00739
M204 S2000
G0 F9000 X76.284 Y114.751
M204 S500
G1 F1800 X93.996 Y132.463 E2288.8405
M204 S2000
G0 F9000 X94.562 Y132.463
M204 S500
G1 F1800 X76.284 Y114.185 E2289.70025
M204 S2000
G0 F9000 X76.284 Y113.619
M204 S500
G1 F1800 X95.128 Y132.463 E2290.58661
M204 S2000
G0 F9000 X95.693 Y132.463
M204 S500
G1 F1800 X76.284 Y113.054 E2291.49955
M204 S2000
G0 F9000 X76.284 Y112.488
M204 S500
G1 F1800 X96.259 Y132.463 E2292.43911
M204 S2000
G0 F9000 X96.825 Y132.463
M204 S500
G1 F1800 X76.284 Y111.922 E2293.4053
M204 S2000
G0 F9000 X76.284 Y111.357
M204 S500
G1 F1800 X97.391 Y132.463 E2294.39808
M204 S2000
G0 F9000 X97.956 Y132.463
M204 S500
G1 F1800 X76.284 Y110.791 E2295.41747
M204 S2000
G0 F9000 X76.284 Y110.225
M204 S500
G1 F1800 X98.522 Y132.463 E2296.46347
M204 S2000
G0 F9000 X99.088 Y132.463
M204 S500
G1 F1800 X76.284 Y109.66 E2297.53608
M204 S2000
G0 F9000 X76.284 Y109.094
M204 S500
G1 F1800 X99.653 Y132.463 E2298.63529
M204 S2000
G0 F9000 X100.219 Y132.463
M204 S500
G1 F1800 X76.284 Y108.528 E2299.76112
M204 S2000
G0 F9000 X76.284 Y107.962
M204 S500
G1 F1800 X100.785 Y132.463 E2300.91357
M204 S2000
G0 F9000 X101.35 Y132.463
M204 S500
G1 F1800 X76.284 Y107.397 E2302.0926
M204 S2000
G0 F9000 X76.284 Y106.831
M204 S500
G1 F1800 X101.916 Y132.463 E2303.29825
M204 S2000
G0 F9000 X102.482 Y132.463
M204 S500
G1 F1800 X76.284 Y106.265 E2304.53052
M204 S2000
G0 F9000 X76.284 Y105.7
M204 S500
G1 F1800 X103.047 Y132.463 E2305.78937
M204 S2000
G0 F9000 X103.613 Y132.463
M204 S500
G1 F1800 X76.284 Y105.134 E2307.07484
M204 S2000
G0 F9000 X76.284 Y104.568
M204 S500
G1 F1800 X104.179 Y132.463 E2308.38694
M204 S2000
G0 F9000 X104.744 Y132.463
M204 S500
G1 F1800 X76.284 Y104.003 E2309.72561
M204 S2000
G0 F9000 X76.284 Y103.437
M204 S500
G1 F1800 X105.31 Y132.463 E2311.0909
M204 S2000
G0 F9000 X105.876 Y132.463
M204 S500
G1 F1800 X76.284 Y102.871 E2312.48282
M204 S2000
G0 F9000 X76.284 Y102.306
M204 S500
G1 F1800 X106.441 Y132.463 E2313.90131
M204 S2000
G0 F9000 X107.007 Y132.463
M204 S500
G1 F1800 X76.284 Y101.74 E2315.34643
M204 S2000
G0 F9000 X76.284 Y101.174
M204 S500
G1 F1800 X107.573 Y132.463 E2316.81817
M204 S2000
G0 F9000 X108.139 Y132.463
M204 S500
G1 F1800 X76.284 Y100.609 E2318.3165
M204 S2000
G0 F9000 X76.284 Y100.043
M204 S500
G1 F1800 X108.704 Y132.463 E2319.84144
M204 S2000
G0 F9000 X109.27 Y132.463
M204 S500
G1 F1800 X76.284 Y99.477 E2321.393
M204 S2000
G0 F9000 X76.284 Y98.912
M204 S500
G1 F1800 X109.836 Y132.463 E2322.97116
M204 S2000
G0 F9000 X110.401 Y132.463
M204 S500
G1 F1800 X76.284 Y98.346 E2324.57592
M204 S2000
G0 F9000 X76.284 Y97.78
M204 S500
G1 F1800 X110.967 Y132.463 E2326.2073
M204 S2000
G0 F9000 X111.533 Y132.463
M204 S500
G1 F1800 X76.284 Y97.214 E2327.86531
M204 S2000
G0 F9000 X76.284 Y96.649
M204 S500
G1 F1800 X112.098 Y132.463 E2329.54989
M204 S2000
G0 F9000 X112.664 Y132.463
M204 S500
G1 F1800 X76.284 Y96.083 E2331.26109
M204 S2000
G0 F9000 X76.284 Y95.517
M204 S500
G1 F1800 X113.23 Y132.463 E2332.99892
M204 S2000
G0 F9000 X113.795 Y132.463
M204 S500
G1 F1800 X76.284 Y94.952 E2334.76332
M204 S2000
G0 F9000 X76.284 Y94.386
M204 S500
G1 F1800 X114.361 Y132.463 E2336.55435
M204 S2000
G0 F9000 X114.927 Y132.463
M204 S500
G1 F1800 X76.284 Y93.82 E2338.37199
M204 S2000
G0 F9000 X76.284 Y93.255
M204 S500
G1 F1800 X115.492 Y132.463 E2340.21622
M204 S2000
G0 F9000 X116.058 Y132.463
M204 S500
G1 F1800 X76.284 Y92.689 E2342.08707
M204 S2000
G0 F9000 X76.284 Y92.123
M204 S500
G1 F1800 X77.098 Y92.937 E2342.12535
M204 S2000
G0 F9000 X76.942 Y92.216
M204 S500
G1 F1800 X76.284 Y91.558 E2342.1563
M204 S2000
G0 F9000 X76.284 Y90.992
M204 S500
G1 F1800 X76.952 Y91.66 E2342.18772
M204 S2000
G0 F9000 X77.053 Y91.195
M204 S500
G1 F1800 X76.284 Y90.426 E2342.2239
M204 S2000
G0 F9000 X76.284 Y89.861
M204 S500
G1 F1800 X77.211 Y90.788 E2342.2675
M204 S2000
G0 F9000 X77.42 Y90.431
M204 S500
G1 F1800 X76.284 Y89.295 E2342.32093
M204 S2000
G0 F9000 X76.284 Y88.729
M204 S500
G1 F1800 X77.683 Y90.128 E2342.38674
M204 S2000
G0 F9000 X77.98 Y89.86
M204 S500
G1 F1800 X76.284 Y88.163 E2342.46654
M204 S2000
G0 F9000 X76.374 Y87.688
M204 S500
G1 F1800 X78.316 Y89.63 E2342.55788
M204 S2000
G0 F9000 X78.709 Y89.457
M204 S500
G1 F1800 X76.784 Y87.532 E2342.64843
M204 S2000
G0 F9000 X77.35 Y87.532
M204 S500
G1 F1800 X79.161 Y89.344 E2342.73364
M204 S2000
G0 F9000 X79.693 Y89.31
M204 S500
G1 F1800 X77.915 Y87.532 E2342.81727
M204 S2000
G0 F9000 X78.481 Y87.532
M204 S500
G1 F1800 X80.351 Y89.402 E2342.90523
M204 S2000
G1 F2400 E2342.10523
G0 F9000 X80.255 Y89.851
G0 X79.872 Y89.687
G0 X79.872 Y87.172
G0 X80.178 Y87.532
M204 S500
G1 F2400 E2342.90523
G1 F1800 X120.564 Y127.918 E2344.80486
M204 S2000
G0 F9000 X120.73 Y127.518
M204 S500
G1 F1800 X80.744 Y87.532 E2346.68568
M204 S2000
G0 F9000 X81.31 Y87.532
M204 S500
G1 F1800 X120.939 Y127.162 E2348.54973
M204 S2000
G0 F9000 X121.202 Y126.859
M204 S500
G1 F1800 X81.875 Y87.532 E2350.39955
M204 S2000
G0 F9000 X82.441 Y87.532
M204 S500
G1 F1800 X121.505 Y126.596 E2352.237
M204 S2000
G0 F9000 X121.847 Y126.373
M204 S500
G1 F1800 X83.007 Y87.532 E2354.06394
M204 S2000
G0 F9000 X83.572 Y87.532
M204 S500
G1 F1800 X122.241 Y126.201 E2355.88281
M204 S2000
G0 F9000 X122.699 Y126.093
M204 S500
G1 F1800 X84.138 Y87.532 E2357.6966
M204 S2000
G0 F9000 X84.704 Y87.532
M204 S500
G1 F1800 X123.233 Y126.062 E2359.50891
M204 S2000
G0 F9000 X123.91 Y126.173
M204 S500
G1 F1800 X85.269 Y87.532 E2361.32647
M204 S2000
G0 F9000 X85.835 Y87.532
M204 S500
G1 F1800 X130.766 Y132.463 E2363.43988
M204 S2000
G0 F9000 X130.2 Y132.463
M204 S500
G1 F1800 X125.688 Y127.95 E2363.65214
M204 S2000
G0 F9000 X125.816 Y128.645
M204 S500
G1 F1800 X129.635 Y132.463 E2363.83175
M204 S2000
G0 F9000 X129.069 Y132.463
M204 S500
G1 F1800 X125.783 Y129.177 E2363.98631
M204 S2000
G0 F9000 X125.665 Y129.625
M204 S500
G1 F1800 X128.503 Y132.463 E2364.1198
M204 S2000
G0 F9000 X127.938 Y132.463
M204 S500
G1 F1800 X125.494 Y130.019 E2364.23476
M204 S2000
G0 F9000 X125.28 Y130.371
M204 S500
G1 F1800 X127.372 Y132.463 E2364.33316
M204 S2000
G0 F9000 X126.806 Y132.463
M204 S500
G1 F1800 X125.009 Y130.666 E2364.41769
M204 S2000
G0 F9000 X124.702 Y130.924
M204 S500
G1 F1800 X126.24 Y132.463 E2364.49005
M204 S2000
G0 F9000 X125.675 Y132.463
M204 S500
G1 F1800 X124.356 Y131.144 E2364.55209
M204 S2000
G0 F9000 X123.968 Y131.322
M204 S500
G1 F1800 X125.109 Y132.463 E2364.60576
M204 S2000
G0 F9000 X124.543 Y132.463
M204 S500
G1 F1800 X123.498 Y131.417 E2364.65494
M204 S2000
G0 F9000 X122.95 Y131.436
M204 S500
G1 F1800 X123.978 Y132.463 E2364.70327
M204 S2000
G0 F9000 X123.412 Y132.463
M204 S500
G1 F1800 X122.264 Y131.315 E2364.75727
M204 S2000
G0 F9000 X122.432 Y130.884
G0 X122.663 Y131.012
G0 X122.663 Y132.824
G0 X122.281 Y132.463
M204 S500
G1 F1800 X82.272 Y92.454 E2366.63917
M204 S2000
G0 F9000 X82.152 Y92.9
M204 S500
G1 F1800 X121.715 Y132.463 E2368.50009
M204 S2000
G0 F9000 X121.149 Y132.463
M204 S500
G1 F1800 X81.976 Y93.289 E2370.34269
M204 S2000
G0 F9000 X81.758 Y93.637
M204 S500
G1 F1800 X120.584 Y132.463 E2372.16895
M204 S2000
G0 F9000 X120.018 Y132.463
M204 S500
G1 F1800 X81.489 Y93.934 E2373.98124
M204 S2000
G0 F9000 X81.177 Y94.188
M204 S500
G1 F1800 X119.452 Y132.463 E2375.78157
M204 S2000
G0 F9000 X118.887 Y132.463
M204 S500
G1 F1800 X80.826 Y94.402 E2377.57185
M204 S2000
G0 F9000 X80.423 Y94.566
M204 S500
G1 F1800 X118.321 Y132.463 E2379.35443
M204 S2000
G0 F9000 X117.755 Y132.463
M204 S500
G1 F1800 X79.968 Y94.676 E2381.13181
M204 S2000
G0 F9000 X79.414 Y94.688
M204 S500
G1 F1800 X117.19 Y132.463 E2382.90866
M204 S2000
G0 F9000 X116.624 Y132.463
M204 S500
G1 F1800 X78.688 Y94.527 E2384.69305
M204 S2000
G0 F9000 X78.753 Y94.053
G0 X80.236 Y93.883
G0 X80.614 Y93.715
G0 X80.949 Y93.471
G0 X81.226 Y93.163
G0 X81.822 Y91.572
G0 X82.321 Y91.937
M204 S500
G1 F1800 X122.846 Y132.463 E2386.59925
M204 S2000
G1 F2400 E2385.79925
G0 F9000 X122.846 Y132.924
G0 X121.018 Y132.824
G0 X121.959 Y130.757
G0 X120.577 Y129.628
M204 S500
G1 F2400 E2386.59925
G1 F1800 X82.212 Y91.263 E2388.40382
M204 S2000
G1 F2400 E2387.60382
G0 F9000 X81.809 Y91.506
G0 X80.785 Y89.983
G0 X80.785 Y87.172
G0 X79.612 Y87.532
M204 S500
G1 F2400 E2388.40382
G1 F1800 X120.463 Y128.382 E2390.3253
M204 S2000
G0 F9000 X120.436 Y128.921
M204 S500
G1 F1800 X79.047 Y87.532 E2392.27211
M204 S2000
G0 F9000 X79.047 Y87.072
G0 X86.401 Y87.072
G0 X86.401 Y87.532
M204 S500
G1 F1800 X131.332 Y132.463 E2394.38553
M204 S2000
G0 F9000 X131.897 Y132.463
M204 S500
G1 F1800 X86.966 Y87.532 E2396.49894
M204 S2000
G0 F9000 X87.532 Y87.532
M204 S500
G1 F1800 X132.463 Y132.463 E2398.61236
M204 S2000
G0 F9000 X133.029 Y132.463
M204 S500
G1 F1800 X88.098 Y87.532 E2400.72578
M204 S2000
G0 F9000 X88.663 Y87.532
M204 S500
G1 F1800 X133.594 Y132.463 E2402.83919
M204 S2000
G0 F9000 X134.16 Y132.463
M204 S500
G1 F1800 X89.229 Y87.532 E2404.95261
M204 S2000
G0 F9000 X89.795 Y87.532
M204 S500
G1 F1800 X134.726 Y132.463 E2407.06603
M204 S2000
G0 F9000 X135.291 Y132.463
M204 S500
G1 F1800 X90.36 Y87.532 E2409.17944
M204 S2000
G0 F9000 X90.926 Y87.532
M204 S500
G1 F1800 X135.857 Y132.463 E2411.29286
M204 S2000
G0 F9000 X136.423 Y132.463
M204 S500
G1 F1800 X91.492 Y87.532 E2413.40628
M204 S2000
G0 F9000 X92.058 Y87.532
M204 S500
G1 F1800 X136.989 Y132.463 E2415.51969
M204 S2000
G0 F9000 X137.554 Y132.463
M204 S500
G1 F1800 X92.623 Y87.532 E2417.63311
M204 S2000
G0 F9000 X93.189 Y87.532
M204 S500
G1 F1800 X138.12 Y132.463 E2419.74653
M204 S2000
G0 F9000 X138.686 Y132.463
M204 S500
G1 F1800 X93.755 Y87.532 E2421.85994
M204 S2000
G0 F9000 X94.32 Y87.532
M204 S500
G1 F1800 X139.251 Y132.463 E2423.97336
M204 S2000
G0 F9000 X139.817 Y132.463
M204 S500
G1 F1800 X94.886 Y87.532 E2426.08678
M204 S2000
G0 F9000 X95.452 Y87.532
M204 S500
G1 F1800 X140.383 Y132.463 E2428.20019
M204 S2000
G0 F9000 X140.948 Y132.463
M204 S500
G1 F1800 X96.017 Y87.532 E2430.31361
M204 S2000
G0 F9000 X96.583 Y87.532
M204 S500
G1 F1800 X141.514 Y132.463 E2432.42702
M204 S2000
G0 F9000 X142.08 Y132.463
M204 S500
G1 F1800 X97.149 Y87.532 E2434.54044
M204 S2000
G0 F9000 X97.714 Y87.532
M204 S500
G1 F1800 X142.645 Y132.463 E2436.65386
M204 S2000
G0 F9000 X143.211 Y132.463
M204 S500
G1 F1800 X98.28 Y87.532 E2438.76727
M204 S2000
G0 F9000 X98.846 Y87.532
M204 S500
G1 F1800 X143.63 Y132.316 E2440.87378
M204 S2000
G0 F9000 X143.712 Y131.833
M204 S500
G1 F1800 X99.411 Y87.532 E2442.95756
M204 S2000
G0 F9000 X99.977 Y87.532
M204 S500
G1 F1800 X143.712 Y131.267 E2445.01472
M204 S2000
G0 F9000 X143.712 Y130.702
M204 S500
G1 F1800 X100.543 Y87.532 E2447.04528
M204 S2000
G0 F9000 X101.108 Y87.532
M204 S500
G1 F1800 X143.712 Y130.136 E2449.04924
M204 S2000
G0 F9000 X143.712 Y129.57
M204 S500
G1 F1800 X101.674 Y87.532 E2451.02658
M204 S2000
G0 F9000 X102.24 Y87.532
M204 S500
G1 F1800 X143.712 Y129.005 E2452.97732
M204 S2000
G0 F9000 X143.712 Y128.439
M204 S500
G1 F1800 X102.806 Y87.532 E2454.90144
M204 S2000
G0 F9000 X103.371 Y87.532
M204 S500
G1 F1800 X143.712 Y127.873 E2456.79895
M204 S2000
G0 F9000 X143.712 Y127.308
M204 S500
G1 F1800 X103.937 Y87.532 E2458.66987
M204 S2000
G0 F9000 X104.503 Y87.532
M204 S500
G1 F1800 X143.712 Y126.742 E2460.51417
M204 S2000
G0 F9000 X143.712 Y126.176
M204 S500
G1 F1800 X105.068 Y87.532 E2462.33186
M204 S2000
G0 F9000 X105.634 Y87.532
M204 S500
G1 F1800 X143.712 Y125.61 E2464.12293
M204 S2000
G0 F9000 X143.712 Y125.045
M204 S500
G1 F1800 X106.2 Y87.532 E2465.88741
M204 S2000
G0 F9000 X106.765 Y87.532
M204 S500
G1 F1800 X143.712 Y124.479 E2467.62528
M204 S2000
G0 F9000 X143.712 Y123.913
M204 S500
G1 F1800 X107.331 Y87.532 E2469.33653
M204 S2000
G0 F9000 X107.897 Y87.532
M204 S500
G1 F1800 X143.712 Y123.348 E2471.02118
M204 S2000
G0 F9000 X143.712 Y122.782
M204 S500
G1 F1800 X108.462 Y87.532 E2472.67923
M204 S2000
G0 F9000 X109.028 Y87.532
M204 S500
G1 F1800 X143.712 Y122.216 E2474.31066
M204 S2000
G0 F9000 X143.712 Y121.651
M204 S500
G1 F1800 X109.594 Y87.532 E2475.91549
M204 S2000
G0 F9000 X110.159 Y87.532
M204 S500
G1 F1800 X143.712 Y121.085 E2477.49372
M204 S2000
G0 F9000 X143.712 Y120.519
M204 S500
G1 F1800 X110.725 Y87.532 E2479.04533
M204 S2000
G0 F9000 X111.291 Y87.532
M204 S500
G1 F1800 X143.712 Y119.954 E2480.57034
M204 S2000
G0 F9000 X143.712 Y119.388
M204 S500
G1 F1800 X111.857 Y87.532 E2482.06872
M204 S2000
G0 F9000 X112.422 Y87.532
M204 S500
G1 F1800 X143.712 Y118.822 E2483.54051
M204 S2000
G0 F9000 X143.712 Y118.257
M204 S500
G1 F1800 X112.988 Y87.532 E2484.98569
M204 S2000
G0 F9000 X113.554 Y87.532
M204 S500
G1 F1800 X143.712 Y117.691 E2486.40426
M204 S2000
G0 F9000 X143.712 Y117.125
M204 S500
G1 F1800 X114.119 Y87.532 E2487.79622
M204 S2000
G0 F9000 X114.685 Y87.532
M204 S500
G1 F1800 X143.712 Y116.559 E2489.16156
M204 S2000
G0 F9000 X143.712 Y115.994
M204 S500
G1 F1800 X122.279 Y94.561 E2490.16971
M204 S2000
G0 F9000 X122.971 Y94.687
M204 S500
G1 F1800 X143.712 Y115.428 E2491.1453
M204 S2000
G0 F9000 X143.712 Y114.862
M204 S500
G1 F1800 X123.51 Y94.66 E2492.09554
M204 S2000
G0 F9000 X123.972 Y94.556
M204 S500
G1 F1800 X143.712 Y114.297 E2493.02407
M204 S2000
G0 F9000 X143.712 Y113.731
M204 S500
G1 F1800 X124.367 Y94.386 E2493.934
M204 S2000
G0 F9000 X124.711 Y94.164
M204 S500
G1 F1800 X143.712 Y113.165 E2494.82775
M204 S2000
G0 F9000 X143.712 Y112.6
M204 S500
G1 F1800 X125.017 Y93.904 E2495.70713
M204 S2000
G0 F9000 X125.285 Y93.607
M204 S500
G1 F1800 X143.712 Y112.034 E2496.57388
M204 S2000
G0 F9000 X143.712 Y111.468
M204 S500
G1 F1800 X125.499 Y93.255 E2497.43056
M204 S2000
G0 F9000 X125.665 Y92.855
M204 S500
G1 F1800 X143.712 Y110.903 E2498.27946
M204 S2000
G0 F9000 X143.712 Y110.337
M204 S500
G1 F1800 X125.779 Y92.403 E2499.123
M204 S2000
G0 F9000 X125.814 Y91.873
M204 S500
G1 F1800 X143.712 Y109.771 E2499.96487
M204 S2000
G0 F9000 X143.712 Y109.206
M204 S500
G1 F1800 X125.683 Y91.176 E2500.81292
M204 S2000
G0 F9000 X125.247 Y91.319
G0 X123.816 Y89.864
G0 X123.925 Y89.418
M204 S500
G1 F1800 X122.039 Y87.532 E2500.90163
M204 S2000
G0 F9000 X121.473 Y87.532
M204 S500
G1 F1800 X123.249 Y89.308 E2500.98517
M204 S2000
G0 F9000 X122.709 Y89.334
M204 S500
G1 F1800 X120.907 Y87.532 E2501.06993
M204 S2000
G0 F9000 X120.342 Y87.532
M204 S500
G1 F1800 X122.25 Y89.44 E2501.15967
M204 S2000
G0 F9000 X121.857 Y89.613
M204 S500
G1 F1800 X119.776 Y87.532 E2501.25756
M204 S2000
G0 F9000 X119.21 Y87.532
M204 S500
G1 F1800 X121.514 Y89.836 E2501.36593
M204 S2000
G0 F9000 X121.211 Y90.098
M204 S500
G1 F1800 X118.645 Y87.532 E2501.48663
M204 S2000
G0 F9000 X118.079 Y87.532
M204 S500
G1 F1800 X120.945 Y90.398 E2501.62144
M204 S2000
G0 F9000 X120.734 Y90.752
M204 S500
G1 F1800 X117.513 Y87.532 E2501.77292
M204 S2000
G0 F9000 X116.948 Y87.532
M204 S500
G1 F1800 X120.57 Y91.155 E2501.94331
M204 S2000
G0 F9000 X120.461 Y91.611
M204 S500
G1 F1800 X116.382 Y87.532 E2502.13517
M204 S2000
G0 F9000 X115.816 Y87.532
M204 S500
G1 F1800 X120.436 Y92.152 E2502.35248
M204 S2000
G0 F9000 X120.58 Y92.862
M204 S500
G1 F1800 X115.251 Y87.532 E2502.60317
M204 S2000
G0 F9000 X115.251 Y87.072
G0 X122.605 Y87.072
G0 X122.605 Y87.532
M204 S500
G1 F1800 X143.712 Y108.64 E2503.596
M204 S2000
G0 F9000 X143.712 Y108.074
M204 S500
G1 F1800 X123.17 Y87.532 E2504.56223
M204 S2000
G0 F9000 X123.736 Y87.532
M204 S500
G1 F1800 X143.712 Y107.509 E2505.50187
M204 S2000
G0 F9000 X143.712 Y106.943
M204 S500
G1 F1800 X124.302 Y87.532 E2506.41488
M204 S2000
G0 F9000 X124.867 Y87.532
M204 S500
G1 F1800 X143.712 Y106.377 E2507.30129
M204 S2000
G0 F9000 X143.712 Y105.811
M204 S500
G1 F1800 X125.433 Y87.532 E2508.16107
M204 S2000
G0 F9000 X125.999 Y87.532
M204 S500
G1 F1800 X143.712 Y105.246 E2508.99426
M204 S2000
G0 F9000 X143.712 Y104.68
M204 S500
G1 F1800 X126.564 Y87.532 E2509.80085
M204 S2000
G0 F9000 X127.13 Y87.532
M204 S500
G1 F1800 X143.712 Y104.114 E2510.58082
M204 S2000
G0 F9000 X143.712 Y103.549
M204 S500
G1 F1800 X127.696 Y87.532 E2511.33419
M204 S2000
G0 F9000 X128.261 Y87.532
M204 S500
G1 F1800 X143.712 Y102.983 E2512.06095
M204 S2000
G0 F9000 X143.712 Y102.417
M204 S500
G1 F1800 X128.827 Y87.532 E2512.7611
M204 S2000
G0 F9000 X129.393 Y87.532
M204 S500
G1 F1800 X143.712 Y101.852 E2513.43464
M204 S2000
G0 F9000 X143.712 Y101.286
M204 S500
G1 F1800 X129.958 Y87.532 E2514.08159
M204 S2000
G0 F9000 X130.524 Y87.532
M204 S500
G1 F1800 X143.712 Y100.72 E2514.70191
M204 S2000
G0 F9000 X143.712 Y100.155
M204 S500
G1 F1800 X131.09 Y87.532 E2515.29564
M204 S2000
G0 F9000 X131.656 Y87.532
M204 S500
G1 F1800 X143.712 Y99.589 E2515.86274
M204 S2000
G0 F9000 X143.712 Y99.023
M204 S500
G1 F1800 X132.221 Y87.532 E2516.40324
M204 S2000
G0 F9000 X132.787 Y87.532
M204 S500
G1 F1800 X143.712 Y98.458 E2516.91714
M204 S2000
G0 F9000 X143.712 Y97.892
M204 S500
G1 F1800 X133.353 Y87.532 E2517.40442
M204 S2000
G0 F9000 X133.918 Y87.532
M204 S500
G1 F1800 X143.712 Y97.326 E2517.8651
M204 S2000
G0 F9000 X143.712 Y96.76
M204 S500
G1 F1800 X134.484 Y87.532 E2518.29916
M204 S2000
G0 F9000 X135.05 Y87.532
M204 S500
G1 F1800 X143.712 Y96.195 E2518.70661
M204 S2000
G0 F9000 X143.712 Y95.629
M204 S500
G1 F1800 X135.615 Y87.532 E2519.08747
M204 S2000
G0 F9000 X136.181 Y87.532
M204 S500
G1 F1800 X143.712 Y95.063 E2519.44171
M204 S2000
G0 F9000 X143.712 Y94.498
M204 S500
G1 F1800 X136.747 Y87.532 E2519.76934
M204 S2000
G0 F9000 X137.312 Y87.532
M204 S500
G1 F1800 X143.712 Y93.932 E2520.07038
M204 S2000
G0 F9000 X143.712 Y93.366
M204 S500
G1 F1800 X137.878 Y87.532 E2520.34479
M204 S2000
G0 F9000 X138.444 Y87.532
M204 S500
G1 F1800 X143.712 Y92.801 E2520.59261
M204 S2000
G0 F9000 X143.712 Y92.235
M204 S500
G1 F1800 X139.009 Y87.532 E2520.81382
M204 S2000
G0 F9000 X139.575 Y87.532
M204 S500
G1 F1800 X143.712 Y91.669 E2521.00841
M204 S2000
G0 F9000 X143.712 Y91.104
M204 S500
G1 F1800 X140.141 Y87.532 E2521.17641
M204 S2000
G0 F9000 X140.706 Y87.532
M204 S500
G1 F1800 X143.712 Y90.538 E2521.3178
M204 S2000
G0 F9000 X143.712 Y89.972
M204 S500
G1 F1800 X141.272 Y87.532 E2521.43257
M204 S2000
G0 F9000 X141.838 Y87.532
M204 S500
G1 F1800 X143.712 Y89.407 E2521.52074
M204 S2000
G0 F9000 X143.712 Y88.841
M204 S500
G1 F1800 X142.404 Y87.532 E2521.58229
M204 S2000
G0 F9000 X142.969 Y87.532
M204 S500
G1 F1800 X143.712 Y88.275 E2521.61724
M204 S2000
G1 F2400 E2520.81724
;MESH:NONMESH
G0 F300 X143.712 Y88.275 Z2.4
G0 F9000 X144.172 Y88.275
G0 X144.072 Y93.961
G0 X81.499 Y93.368
G0 X80.058 Y94.091
;TIME_ELAPSED:2902.615727
;LAYER:11
M204 S500
;TYPE:WALL-INNER
;MESH:raspberry pi 4 B bottom part case.stl
G1 F2400 E2521.61724
G1 F1743.3 X80.317 Y94.024 E2521.62642
G1 F1751.8 X80.591 Y93.906 E2521.63662
G1 F1739.1 X80.833 Y93.761 E2521.64633
G1 X81.168 Y93.499 E2521.66097
G1 F1747.6 X81.422 Y93.154 E2521.67565
G1 X81.565 Y92.898 E2521.68569
G1 F1743.3 X81.667 Y92.623 E2521.69576
G1 F1739.1 X81.733 Y92.358 E2521.70517
G1 F1751.8 X81.762 Y92.061 E2521.71536
G1 F1743.3 X81.75 Y91.79 E2521.72468
G1 F1747.6 X81.701 Y91.491 E2521.73506
G1 F1773.4 X81.554 Y91.064 E2521.7503
G1 X81.345 Y90.727 E2521.76369
G1 X81.058 Y90.396 E2521.77848
G1 X80.716 Y90.156 E2521.79259
G1 F1782.2 X80.361 Y89.983 E2521.80585
G1 F1773.4 X79.905 Y89.876 E2521.82166
G1 F1751.8 X79.624 Y89.861 E2521.83128
G1 X79.337 Y89.877 E2521.84111
G1 F1760.4 X79.057 Y89.937 E2521.85084
G1 F1743.3 X78.785 Y90.032 E2521.86074
G1 F1751.8 X78.532 Y90.156 E2521.87037
G1 F1760.4 X78.295 Y90.322 E2521.88021
G1 F1739.1 X78.085 Y90.512 E2521.88996
G1 F1743.3 X77.917 Y90.706 E2521.89877
G1 F1751.8 X77.75 Y90.972 E2521.9095
G1 F1747.6 X77.626 Y91.232 E2521.91937
G1 F1751.8 X77.543 Y91.499 E2521.92893
G1 X77.497 Y91.79 E2521.93899
G1 F1747.6 X77.483 Y92.072 E2521.94867
G1 F1743.3 X77.514 Y92.355 E2521.95844
G1 F1739.1 X77.58 Y92.624 E2521.96798
G1 F1760.4 X77.68 Y92.899 E2521.97793
G1 F1773.4 X77.925 Y93.31 E2521.99408
G1 F1764.7 X78.179 Y93.581 E2522.00668
G1 F1751.8 X78.416 Y93.763 E2522.0169
G1 F1739.1 X78.655 Y93.906 E2522.02648
G1 F1747.6 X78.926 Y94.023 E2522.0366
G1 F1743.3 X79.189 Y94.091 E2522.04592
G1 F1739.1 X79.489 Y94.134 E2522.05636
G1 F1747.6 X79.755 Y94.134 E2522.06547
G1 F1739.1 X80.058 Y94.091 E2522.076
M204 S2000
G0 F9000 X80.139 Y94.491
M204 S500
;TYPE:WALL-OUTER
G1 F1800 X80.45 Y94.406 E2522.08673
G1 X80.773 Y94.269 E2522.0984
G1 X81.063 Y94.098 E2522.1096
G1 X81.337 Y93.882 E2522.1212
G1 X81.566 Y93.646 E2522.13214
G1 X81.766 Y93.372 E2522.14342
G1 X81.933 Y93.068 E2522.15496
G1 X82.056 Y92.744 E2522.16648
G1 X82.134 Y92.426 E2522.17737
G1 X82.167 Y92.085 E2522.18877
G1 X82.156 Y91.749 E2522.19995
G1 X82.097 Y91.408 E2522.21146
G1 X81.996 Y91.084 E2522.22275
G1 X81.856 Y90.777 E2522.23397
G1 X81.67 Y90.487 E2522.24543
G1 X81.451 Y90.227 E2522.25673
G1 X81.203 Y90.002 E2522.26787
G1 X80.921 Y89.809 E2522.27924
G1 X80.622 Y89.657 E2522.29039
G1 X80.294 Y89.546 E2522.30191
G1 X79.96 Y89.475 E2522.31327
G1 X79.624 Y89.453 E2522.32447
G1 X79.288 Y89.475 E2522.33567
G1 X78.95 Y89.546 E2522.34715
G1 X78.626 Y89.657 E2522.35855
G1 X78.327 Y89.809 E2522.3697
G1 X78.044 Y90.002 E2522.38109
G1 X77.792 Y90.228 E2522.39235
G1 X77.575 Y90.487 E2522.40359
G1 X77.393 Y90.777 E2522.41498
G1 X77.247 Y91.085 E2522.42632
G1 X77.148 Y91.406 E2522.43749
G1 X77.092 Y91.749 E2522.44905
G1 X77.077 Y92.085 E2522.46023
G1 X77.114 Y92.425 E2522.47161
G1 X77.192 Y92.744 E2522.48253
G1 X77.315 Y93.067 E2522.49403
G1 X77.482 Y93.373 E2522.50562
G1 X77.678 Y93.646 E2522.5168
G1 X77.91 Y93.882 E2522.52781
G1 X78.186 Y94.098 E2522.53946
G1 X78.471 Y94.269 E2522.55052
G1 X78.794 Y94.406 E2522.56219
G1 X79.108 Y94.491 E2522.57301
G1 X79.462 Y94.54 E2522.58489
G1 X79.782 Y94.54 E2522.59554
G1 X80.139 Y94.491 E2522.60752
M204 S2000
G0 F9000 X80.172 Y93.647
M204 S500
G1 F1800 X79.812 Y93.727 E2522.61979
G1 X79.437 Y93.727 E2522.63226
G1 X79.096 Y93.654 E2522.64386
G1 X78.738 Y93.495 E2522.65689
G1 X78.472 Y93.302 E2522.66782
G1 X78.217 Y93.017 E2522.68054
G1 X78.037 Y92.716 E2522.6922
G1 X77.925 Y92.364 E2522.70449
G1 X77.884 Y91.991 E2522.71697
G1 X77.922 Y91.648 E2522.72845
G1 X78.034 Y91.291 E2522.74089
G1 X78.21 Y90.989 E2522.75252
G1 X78.478 Y90.689 E2522.7659
G1 X78.748 Y90.495 E2522.77696
G1 X79.082 Y90.346 E2522.78912
G1 X79.45 Y90.268 E2522.80163
G1 X79.827 Y90.271 E2522.81417
G1 X80.143 Y90.339 E2522.82492
G1 X80.483 Y90.485 E2522.83723
G1 X80.783 Y90.703 E2522.84956
G1 X81.037 Y90.987 E2522.86224
G1 X81.211 Y91.292 E2522.87391
G1 X81.326 Y91.645 E2522.88626
G1 X81.36 Y92.021 E2522.89882
G1 X81.319 Y92.379 E2522.9108
G1 X81.216 Y92.691 E2522.92173
G1 X81.03 Y93.018 E2522.93424
G1 X80.793 Y93.284 E2522.94609
G1 X80.494 Y93.505 E2522.95846
G1 X80.172 Y93.647 E2522.97017
M204 S2000
G1 F2400 E2522.17017
G0 F9000 X80.293 Y93.923
G0 X79.783 Y94.322
G0 X79.783 Y95.406
G0 X80.006 Y125.363
G0 X80.314 Y130.777
M204 S500
;TYPE:WALL-INNER
G1 F2400 E2522.97017
G1 F1760.4 X80.591 Y130.655 E2522.98046
G1 F1743.3 X80.832 Y130.512 E2522.99008
G1 X81.168 Y130.246 E2523.0048
G1 F1751.8 X81.423 Y129.902 E2523.01943
G1 F1760.4 X81.567 Y129.645 E2523.02945
G1 F1751.8 X81.667 Y129.374 E2523.03932
G1 F1739.1 X81.733 Y129.11 E2523.04869
G1 F1751.8 X81.762 Y128.808 E2523.05906
G1 F1743.3 X81.75 Y128.542 E2523.0682
G1 F1751.8 X81.705 Y128.253 E2523.0782
G1 F1764.7 X81.617 Y127.976 E2523.08806
G1 F1743.3 X81.498 Y127.722 E2523.09769
G1 F1747.6 X81.346 Y127.48 E2523.10748
G1 F1764.7 X81.06 Y127.151 E2523.12227
G1 X80.716 Y126.906 E2523.1366
G1 F1747.6 X80.464 Y126.785 E2523.14618
G1 F1743.3 X80.187 Y126.686 E2523.15628
G1 F1756.1 X79.911 Y126.629 E2523.16588
G1 F1751.8 X79.624 Y126.613 E2523.17571
G1 X79.337 Y126.629 E2523.18553
G1 F1764.7 X79.021 Y126.697 E2523.1965
G1 F1747.6 X78.785 Y126.784 E2523.20511
G1 X78.532 Y126.906 E2523.21474
G1 F1756.1 X78.297 Y127.072 E2523.22455
G1 F1739.1 X78.085 Y127.264 E2523.23439
G1 F1743.3 X77.901 Y127.479 E2523.24411
G1 F1747.6 X77.749 Y127.721 E2523.2539
G1 X77.627 Y127.979 E2523.26368
G1 F1756.1 X77.542 Y128.25 E2523.27336
G1 F1751.8 X77.497 Y128.542 E2523.28346
G1 F1743.3 X77.483 Y128.824 E2523.29315
G1 F1739.1 X77.514 Y129.107 E2523.30295
G1 F1734.9 X77.58 Y129.375 E2523.31248
G1 F1756.1 X77.68 Y129.646 E2523.32232
G1 F1764.7 X77.826 Y129.905 E2523.33241
G1 F1734.9 X77.991 Y130.131 E2523.34207
G1 F1743.3 X78.166 Y130.316 E2523.35081
G1 F1747.6 X78.417 Y130.513 E2523.36174
G1 F1743.3 X78.653 Y130.653 E2523.37117
G1 F1760.4 X78.912 Y130.768 E2523.3808
G1 F1743.3 X79.19 Y130.842 E2523.39068
G1 F1734.9 X79.486 Y130.882 E2523.40099
G1 F1764.7 X79.937 Y130.872 E2523.41629
G1 F1773.4 X80.314 Y130.777 E2523.42942
M204 S2000
G0 F9000 X80.171 Y130.4
M204 S500
;TYPE:WALL-OUTER
G1 F1800 X79.809 Y130.476 E2523.44172
G1 X79.439 Y130.475 E2523.45403
G1 X79.093 Y130.405 E2523.46577
G1 X78.738 Y130.243 E2523.47875
G1 X78.471 Y130.049 E2523.48972
G1 X78.207 Y129.754 E2523.50289
G1 X78.037 Y129.464 E2523.51407
G1 X77.925 Y129.116 E2523.52623
G1 X77.884 Y128.739 E2523.53884
G1 X77.928 Y128.369 E2523.55124
G1 X78.034 Y128.039 E2523.56277
G1 X78.226 Y127.719 E2523.57518
G1 X78.478 Y127.441 E2523.58766
G1 X78.748 Y127.247 E2523.59872
G1 X79.08 Y127.099 E2523.61081
G1 X79.45 Y127.02 E2523.62339
G1 X79.797 Y127.02 E2523.63493
G1 X80.167 Y127.098 E2523.64751
G1 X80.481 Y127.236 E2523.65891
G1 X80.783 Y127.455 E2523.67132
G1 X81.042 Y127.747 E2523.6843
G1 X81.211 Y128.04 E2523.69555
G1 X81.32 Y128.369 E2523.70708
G1 X81.36 Y128.768 E2523.72042
G1 X81.319 Y129.131 E2523.73257
G1 X81.216 Y129.444 E2523.74353
G1 X81.042 Y129.749 E2523.75521
G1 X80.793 Y130.032 E2523.76775
G1 X80.493 Y130.254 E2523.78016
G1 X80.171 Y130.4 E2523.79192
M204 S2000
G0 F9000 X80.449 Y131.158
M204 S500
G1 F1800 X80.773 Y131.017 E2523.80367
G1 X81.062 Y130.85 E2523.81477
G1 X81.337 Y130.631 E2523.82646
G1 X81.566 Y130.394 E2523.83743
G1 X81.766 Y130.12 E2523.84871
G1 X81.933 Y129.815 E2523.86027
G1 X82.056 Y129.496 E2523.87165
G1 X82.134 Y129.178 E2523.88254
G1 X82.167 Y128.837 E2523.89393
G1 X82.156 Y128.501 E2523.90511
G1 X82.097 Y128.159 E2523.91665
G1 X81.996 Y127.832 E2523.92804
G1 X81.856 Y127.525 E2523.93926
G1 X81.671 Y127.24 E2523.95056
G1 X81.451 Y126.979 E2523.96191
G1 X81.202 Y126.753 E2523.9731
G1 X80.922 Y126.557 E2523.98447
G1 X80.622 Y126.409 E2523.99559
G1 X80.294 Y126.294 E2524.00715
G1 X79.962 Y126.228 E2524.01841
G1 X79.624 Y126.205 E2524.02968
G1 X79.259 Y126.232 E2524.04185
G1 X78.95 Y126.294 E2524.05233
G1 X78.626 Y126.409 E2524.06377
G1 X78.326 Y126.557 E2524.0749
G1 X78.045 Y126.754 E2524.08631
G1 X77.792 Y126.98 E2524.09759
G1 X77.574 Y127.239 E2524.10885
G1 X77.392 Y127.525 E2524.12013
G1 X77.248 Y127.833 E2524.13144
G1 X77.148 Y128.158 E2524.14275
G1 X77.092 Y128.501 E2524.15431
G1 X77.076 Y128.837 E2524.16549
G1 X77.114 Y129.177 E2524.17687
G1 X77.191 Y129.496 E2524.18779
G1 X77.315 Y129.815 E2524.19917
G1 X77.482 Y130.121 E2524.21077
G1 X77.678 Y130.394 E2524.22194
G1 X77.911 Y130.63 E2524.23297
G1 X78.186 Y130.85 E2524.24469
G1 X78.471 Y131.016 E2524.25566
G1 X78.795 Y131.154 E2524.26737
G1 X79.109 Y131.243 E2524.27822
G1 X79.461 Y131.288 E2524.29003
G1 X79.783 Y131.288 E2524.30074
G1 X80.14 Y131.243 E2524.31271
G1 X80.449 Y131.158 E2524.32336
M204 S2000
G1 F2400 E2523.52336
G0 F9000 X80.365 Y130.872
G0 X81.4 Y130.255
G0 X82.275 Y130.893
G0 X120.476 Y130.894
G0 X122.69 Y130.842
M204 S500
;TYPE:WALL-INNER
G1 F2400 E2524.32336
G1 F1743.3 X122.412 Y130.768 E2524.33324
G1 F1769 X121.992 Y130.572 E2524.34893
G1 X121.666 Y130.316 E2524.36296
G1 F1739.1 X121.492 Y130.13 E2524.37172
G1 F1726.6 X121.326 Y129.904 E2524.38145
G1 F1760.4 X121.18 Y129.646 E2524.39153
G1 F1756.1 X121.08 Y129.375 E2524.40138
G1 F1743.3 X121.018 Y129.128 E2524.41012
G1 F1756.1 X120.979 Y128.769 E2524.42243
G1 X121.029 Y128.29 E2524.43885
G1 X121.127 Y127.979 E2524.44997
G1 F1747.6 X121.249 Y127.721 E2524.45974
G1 X121.401 Y127.479 E2524.46954
G1 F1743.3 X121.585 Y127.264 E2524.47925
G1 F1739.1 X121.797 Y127.072 E2524.4891
G1 F1756.1 X122.032 Y126.906 E2524.49891
G1 F1747.6 X122.285 Y126.784 E2524.50853
G1 F1739.1 X122.558 Y126.687 E2524.5185
G1 F1756.1 X122.837 Y126.629 E2524.52822
G1 F1751.8 X123.124 Y126.613 E2524.53804
G1 X123.411 Y126.629 E2524.54787
G1 F1756.1 X123.687 Y126.686 E2524.55747
G1 F1743.3 X123.964 Y126.785 E2524.56757
G1 F1747.6 X124.216 Y126.906 E2524.57715
G1 F1764.7 X124.561 Y127.151 E2524.59151
G1 X124.846 Y127.48 E2524.60627
G1 F1747.6 X124.998 Y127.722 E2524.61606
G1 F1743.3 X125.117 Y127.976 E2524.6257
G1 F1764.7 X125.205 Y128.253 E2524.63556
G1 F1751.8 X125.25 Y128.542 E2524.64555
G1 F1743.3 X125.262 Y128.808 E2524.6547
G1 F1751.8 X125.233 Y129.11 E2524.66506
G1 F1739.1 X125.167 Y129.374 E2524.67443
G1 F1751.8 X125.067 Y129.645 E2524.6843
G1 F1777.8 X124.89 Y129.961 E2524.6965
G1 F1773.4 X124.583 Y130.313 E2524.71227
G1 F1747.6 X124.332 Y130.512 E2524.72324
G1 F1743.3 X124.091 Y130.655 E2524.73287
G1 F1760.4 X123.814 Y130.777 E2524.74316
G1 F1743.3 X123.561 Y130.841 E2524.75212
G1 F1730.8 X123.258 Y130.882 E2524.7627
G1 F1747.6 X122.964 Y130.881 E2524.77277
G1 F1739.1 X122.69 Y130.842 E2524.7823
M204 S2000
G0 F9000 X122.609 Y131.243
M204 S500
;TYPE:WALL-OUTER
G1 F1800 X122.961 Y131.288 E2524.7941
G1 X123.283 Y131.288 E2524.80481
G1 X123.64 Y131.243 E2524.81678
G1 X123.949 Y131.158 E2524.82744
G1 X124.273 Y131.017 E2524.83919
G1 X124.562 Y130.85 E2524.85029
G1 X124.837 Y130.631 E2524.86198
G1 X125.066 Y130.394 E2524.87294
G1 X125.266 Y130.12 E2524.88423
G1 X125.433 Y129.815 E2524.89579
G1 X125.556 Y129.496 E2524.90716
G1 X125.634 Y129.178 E2524.91805
G1 X125.667 Y128.837 E2524.92945
G1 X125.656 Y128.501 E2524.94063
G1 X125.597 Y128.159 E2524.95217
G1 X125.496 Y127.832 E2524.96356
G1 X125.356 Y127.525 E2524.97478
G1 X125.171 Y127.24 E2524.98608
G1 X124.951 Y126.979 E2524.99743
G1 X124.702 Y126.753 E2525.00862
G1 X124.422 Y126.557 E2525.01999
G1 X124.122 Y126.409 E2525.03111
G1 X123.794 Y126.294 E2525.04267
G1 X123.462 Y126.228 E2525.05393
G1 X123.124 Y126.205 E2525.0652
G1 X122.759 Y126.232 E2525.07737
G1 X122.45 Y126.294 E2525.08785
G1 X122.126 Y126.409 E2525.09929
G1 X121.826 Y126.557 E2525.11041
G1 X121.545 Y126.754 E2525.12183
G1 X121.292 Y126.98 E2525.13311
G1 X121.074 Y127.239 E2525.14437
G1 X120.892 Y127.525 E2525.15565
G1 X120.748 Y127.833 E2525.16696
G1 X120.648 Y128.158 E2525.17827
G1 X120.592 Y128.501 E2525.18982
G1 X120.577 Y128.837 E2525.20101
G1 X120.614 Y129.177 E2525.21239
G1 X120.691 Y129.496 E2525.2233
G1 X120.815 Y129.815 E2525.23468
G1 X120.982 Y130.121 E2525.24628
G1 X121.178 Y130.394 E2525.25746
G1 X121.411 Y130.63 E2525.26849
G1 X121.686 Y130.85 E2525.2802
G1 X121.971 Y131.016 E2525.29117
G1 X122.295 Y131.154 E2525.30288
G1 X122.609 Y131.243 E2525.31374
M204 S2000
G0 F9000 X122.939 Y130.475
M204 S500
G1 F1800 X122.593 Y130.405 E2525.32548
G1 X122.238 Y130.243 E2525.33846
G1 X121.971 Y130.049 E2525.34944
G1 X121.717 Y129.765 E2525.36211
G1 X121.537 Y129.464 E2525.37377
G1 X121.425 Y129.116 E2525.38593
G1 X121.388 Y128.728 E2525.3989
G1 X121.428 Y128.369 E2525.41091
G1 X121.534 Y128.039 E2525.42244
G1 X121.726 Y127.719 E2525.43485
G1 X121.978 Y127.441 E2525.44733
G1 X122.248 Y127.247 E2525.45839
G1 X122.58 Y127.099 E2525.47048
G1 X122.95 Y127.02 E2525.48306
G1 X123.297 Y127.02 E2525.4946
G1 X123.667 Y127.098 E2525.50718
G1 X123.981 Y127.236 E2525.51859
G1 X124.283 Y127.455 E2525.53099
G1 X124.542 Y127.747 E2525.54398
G1 X124.711 Y128.04 E2525.55523
G1 X124.82 Y128.369 E2525.56675
G1 X124.86 Y128.768 E2525.58009
G1 X124.819 Y129.131 E2525.59224
G1 X124.716 Y129.444 E2525.6032
G1 X124.543 Y129.752 E2525.61495
G1 X124.293 Y130.032 E2525.62744
G1 X123.993 Y130.254 E2525.63985
G1 X123.671 Y130.4 E2525.65161
G1 X123.309 Y130.476 E2525.66391
G1 X122.939 Y130.475 E2525.67622
M204 S2000
G1 F2400 E2524.87622
G0 F9000 X122.876 Y130.77
G0 X122.136 Y130.465
G0 X121.801 Y130.221
G0 X121.524 Y129.913
G0 X121.317 Y129.554
G0 X121.188 Y129.161
G0 X121.146 Y128.75
G0 X121.188 Y128.339
G0 X121.317 Y127.946
G0 X121.524 Y127.587
G0 X121.748 Y127.338
G0 X123.125 Y126.424
G0 X123.053 Y125.343
G0 X123.125 Y95.406
G0 X122.989 Y94.134
M204 S500
;TYPE:WALL-INNER
G1 F2400 E2525.67622
G1 F1747.6 X123.255 Y94.134 E2525.68533
G1 F1739.1 X123.558 Y94.091 E2525.69586
G1 F1743.3 X123.817 Y94.024 E2525.70505
G1 F1751.8 X124.091 Y93.906 E2525.71525
G1 F1739.1 X124.333 Y93.761 E2525.72496
G1 F1743.3 X124.666 Y93.5 E2525.73949
G1 F1751.8 X124.923 Y93.154 E2525.75422
G1 F1756.1 X125.066 Y92.898 E2525.76421
G1 F1751.8 X125.167 Y92.624 E2525.77419
G1 F1743.3 X125.233 Y92.358 E2525.78361
G1 F1751.8 X125.262 Y92.061 E2525.7938
G1 F1743.3 X125.25 Y91.79 E2525.80312
G1 F1747.6 X125.201 Y91.491 E2525.8135
G1 F1773.4 X125.054 Y91.064 E2525.82874
G1 X124.845 Y90.727 E2525.84213
G1 X124.558 Y90.396 E2525.85692
G1 X124.216 Y90.156 E2525.87103
G1 F1782.2 X123.861 Y89.983 E2525.88429
G1 F1773.4 X123.405 Y89.876 E2525.9001
G1 F1751.8 X123.124 Y89.861 E2525.90972
G1 X122.837 Y89.877 E2525.91954
G1 F1760.4 X122.557 Y89.937 E2525.92928
G1 F1743.3 X122.285 Y90.032 E2525.93918
G1 F1751.8 X122.032 Y90.156 E2525.94881
G1 F1760.4 X121.795 Y90.322 E2525.95865
G1 F1739.1 X121.585 Y90.512 E2525.9684
G1 F1743.3 X121.417 Y90.706 E2525.97721
G1 F1751.8 X121.25 Y90.972 E2525.98794
G1 F1747.6 X121.126 Y91.232 E2525.99781
G1 F1751.8 X121.043 Y91.499 E2526.00737
G1 F1747.6 X120.998 Y91.79 E2526.01745
G1 F1734.9 X120.985 Y92.072 E2526.02719
G1 X121.014 Y92.355 E2526.03701
G1 F1739.1 X121.081 Y92.624 E2526.04655
G1 F1751.8 X121.187 Y92.911 E2526.05701
G1 F1764.7 X121.425 Y93.311 E2526.0728
G1 X121.679 Y93.581 E2526.08538
G1 F1751.8 X121.916 Y93.763 E2526.09559
G1 F1739.1 X122.155 Y93.906 E2526.10518
G1 F1747.6 X122.426 Y94.023 E2526.11529
G1 F1743.3 X122.689 Y94.091 E2526.12462
G1 F1739.1 X122.989 Y94.134 E2526.13505
M204 S2000
G0 F9000 X122.962 Y94.54
M204 S500
;TYPE:WALL-OUTER
G1 F1800 X123.282 Y94.54 E2526.14569
G1 X123.639 Y94.491 E2526.15768
G1 X123.95 Y94.406 E2526.1684
G1 X124.273 Y94.269 E2526.18007
G1 X124.563 Y94.098 E2526.19127
G1 X124.837 Y93.882 E2526.20287
G1 X125.066 Y93.646 E2526.21381
G1 X125.266 Y93.372 E2526.22509
G1 X125.433 Y93.067 E2526.23666
G1 X125.556 Y92.744 E2526.24815
G1 X125.634 Y92.426 E2526.25904
G1 X125.667 Y92.085 E2526.27044
G1 X125.656 Y91.749 E2526.28162
G1 X125.597 Y91.408 E2526.29313
G1 X125.496 Y91.084 E2526.30442
G1 X125.356 Y90.777 E2526.31564
G1 X125.17 Y90.487 E2526.3271
G1 X124.951 Y90.227 E2526.33841
G1 X124.703 Y90.002 E2526.34954
G1 X124.421 Y89.809 E2526.36091
G1 X124.122 Y89.657 E2526.37207
G1 X123.794 Y89.546 E2526.38358
G1 X123.46 Y89.475 E2526.39494
G1 X123.124 Y89.453 E2526.40614
G1 X122.788 Y89.475 E2526.41734
G1 X122.45 Y89.546 E2526.42883
G1 X122.126 Y89.657 E2526.44022
G1 X121.827 Y89.809 E2526.45137
G1 X121.544 Y90.002 E2526.46277
G1 X121.292 Y90.228 E2526.47402
G1 X121.075 Y90.487 E2526.48526
G1 X120.893 Y90.777 E2526.49665
G1 X120.747 Y91.085 E2526.50799
G1 X120.648 Y91.406 E2526.51916
G1 X120.592 Y91.749 E2526.53072
G1 X120.577 Y92.085 E2526.54191
G1 X120.614 Y92.425 E2526.55328
G1 X120.692 Y92.744 E2526.5642
G1 X120.815 Y93.068 E2526.57573
G1 X120.982 Y93.373 E2526.5873
G1 X121.178 Y93.646 E2526.59847
G1 X121.41 Y93.882 E2526.60948
G1 X121.686 Y94.098 E2526.62114
G1 X121.971 Y94.269 E2526.63219
G1 X122.294 Y94.406 E2526.64386
G1 X122.608 Y94.491 E2526.65468
G1 X122.962 Y94.54 E2526.66657
M204 S2000
G0 F9000 X122.937 Y93.727
M204 S500
G1 F1800 X122.596 Y93.654 E2526.67817
G1 X122.238 Y93.495 E2526.69119
G1 X121.972 Y93.302 E2526.70212
G1 X121.717 Y93.017 E2526.71484
G1 X121.528 Y92.692 E2526.72735
G1 X121.425 Y92.364 E2526.73878
G1 X121.388 Y91.98 E2526.75161
G1 X121.422 Y91.648 E2526.76271
G1 X121.534 Y91.291 E2526.77516
G1 X121.71 Y90.989 E2526.78679
G1 X121.978 Y90.689 E2526.80016
G1 X122.248 Y90.495 E2526.81122
G1 X122.582 Y90.346 E2526.82339
G1 X122.95 Y90.268 E2526.8359
G1 X123.327 Y90.271 E2526.84844
G1 X123.643 Y90.339 E2526.85919
G1 X123.983 Y90.485 E2526.8715
G1 X124.283 Y90.703 E2526.88383
G1 X124.537 Y90.987 E2526.8965
G1 X124.711 Y91.292 E2526.90818
G1 X124.826 Y91.645 E2526.92053
G1 X124.86 Y91.98 E2526.93173
G1 X124.828 Y92.337 E2526.94365
G1 X124.716 Y92.695 E2526.95613
G1 X124.542 Y93.001 E2526.96783
G1 X124.293 Y93.284 E2526.98037
G1 X123.994 Y93.505 E2526.99274
G1 X123.672 Y93.647 E2527.00444
G1 X123.312 Y93.727 E2527.01671
G1 X122.937 Y93.727 E2527.02918
M204 S2000
G1 F2400 E2526.22918
G0 F9000 X122.875 Y94.02
G0 X122.362 Y94.198
G0 X122.076 Y95.244
G0 X119.715 Y128.863
G0 X119.866 Y129.76
G0 X120.249 Y130.584
G0 X120.725 Y131.148
G0 X121.141 Y131.487
G0 X110 Y132.699
M204 S500
;TYPE:WALL-INNER
G1 F2400 E2527.02918
G1 F2069 X76.538 Y132.699 E2527.99745
G1 X76.305 Y132.602 E2528.00475
G1 X76.146 Y132.444 E2528.01124
G1 X76.049 Y132.206 E2528.01867
G1 X76.05 Y87.792 E2529.30385
G1 F2063 X76.218 Y87.465 E2529.31452
G1 F2069 X76.401 Y87.342 E2529.3209
G1 F2063 X76.656 Y87.297 E2529.32842
G1 F2057.1 X143.372 Y87.298 E2531.27003
G1 F2069 X143.595 Y87.342 E2531.2766
G1 X143.781 Y87.466 E2531.28307
G1 X143.901 Y87.648 E2531.28938
G1 X143.947 Y87.799 E2531.29395
G1 F2080.9 X143.943 Y132.18 E2532.57079
G1 F2074.9 X143.9 Y132.352 E2532.57591
G1 F2069 X143.782 Y132.527 E2532.58201
G1 X143.498 Y132.699 E2532.59162
G1 X110 Y132.699 E2533.56093
M204 S2000
G0 F9000 X110 Y133.048
M204 S500
G1 F2057.1 X143.356 Y133.048 E2534.53168
G1 X143.729 Y132.976 E2534.54273
G1 F2063 X144.029 Y132.774 E2534.55323
G1 F2057.1 X144.142 Y132.636 E2534.55842
G1 X144.297 Y132.253 E2534.57044
G1 F2063 X144.297 Y87.741 E2535.86216
G1 X144.141 Y87.361 E2535.87408
G1 F2069 X144.027 Y87.221 E2535.8793
G1 X143.729 Y87.021 E2535.88969
G1 F2063 X143.34 Y86.947 E2535.90118
G1 F2057.1 X76.492 Y86.948 E2537.84663
G1 F2063 X76.112 Y87.103 E2537.85854
G1 X75.97 Y87.219 E2537.86386
G1 F2069 X75.772 Y87.519 E2537.87426
G1 X75.699 Y87.76 E2537.88155
G1 X75.7 Y132.236 E2539.16852
G1 X75.774 Y132.482 E2539.17595
G1 X75.969 Y132.776 E2539.18616
G1 X76.267 Y132.975 E2539.19653
G1 F2063 X76.656 Y133.049 E2539.20802
G1 F2057.1 X110 Y133.048 E2540.17842
M204 S2000
G0 F9000 X110 Y133.424
M204 S500
;TYPE:WALL-OUTER
G1 F1800 X143.366 Y133.424 E2541.28818
G1 X143.624 Y133.398 E2541.2968
G1 X143.989 Y133.287 E2541.30949
G1 X144.294 Y133.041 E2541.32252
G1 X144.456 Y132.844 E2541.33101
G1 X144.569 Y132.628 E2541.33911
G1 X144.646 Y132.373 E2541.34797
G1 X144.672 Y132.114 E2541.35663
G1 X144.672 Y87.878 E2542.82793
G1 X144.647 Y87.624 E2542.83642
G1 X144.532 Y87.248 E2542.84949
G1 X144.293 Y86.955 E2542.86207
G1 X143.99 Y86.709 E2542.87505
G1 X143.624 Y86.598 E2542.88777
G1 X143.366 Y86.572 E2542.8964
G1 X76.63 Y86.572 E2545.11604
G1 X76.372 Y86.598 E2545.12467
G1 X76.004 Y86.71 E2545.13746
G1 X75.703 Y86.954 E2545.15035
G1 X75.46 Y87.261 E2545.16337
G1 X75.35 Y87.624 E2545.17599
G1 X75.324 Y87.878 E2545.18448
G1 X75.324 Y132.114 E2546.65578
G1 X75.35 Y132.372 E2546.6644
G1 X75.46 Y132.74 E2546.67717
G1 X75.703 Y133.041 E2546.69004
G1 X76.003 Y133.286 E2546.70292
G1 X76.372 Y133.398 E2546.71575
G1 X76.63 Y133.424 E2546.72437
G1 X110 Y133.424 E2547.83427
M204 S2000
G0 F9000 X110 Y133.125
G0 X110 Y132.625
G0 X110 Y132.324
M204 S500
G1 F1800 X76.604 Y132.324 E2548.94502
G1 X76.457 Y132.236 E2548.95072
G1 X76.427 Y132.162 E2548.95337
G1 X76.427 Y87.834 E2550.42773
G1 X76.497 Y87.716 E2550.43229
G1 X76.585 Y87.675 E2550.43552
G1 X143.416 Y87.673 E2552.65833
G1 X143.528 Y87.745 E2552.66276
G1 X143.569 Y87.834 E2552.66602
G1 X143.572 Y132.144 E2554.13977
G1 X143.499 Y132.28 E2554.14491
G1 X143.392 Y132.324 E2554.14876
G1 X110 Y132.324 E2555.25938
M204 S2000
G1 F2400 E2554.45938
;MESH:NONMESH
G0 F300 X110 Y132.324 Z2.6
G0 F9000 X110 Y132.625
G0 X80.087 Y132.525
G0 X81.609 Y131.487
G0 X81.913 Y131.281
G0 X82.501 Y130.584
G0 X82.884 Y129.76
G0 X83.035 Y128.863
G0 X79.783 Y95.406
G0 X80.087 Y94.164
;TIME_ELAPSED:2942.247874
;LAYER:12
M204 S500
;TYPE:WALL-OUTER
;MESH:raspberry pi 4 B bottom part case.stl
G1 F2400 E2555.25938
G1 F1575.5 X79.764 Y94.212 E2555.27179
G1 F1578.9 X79.484 Y94.212 E2555.2824
G1 X79.178 Y94.168 E2555.29413
G1 X78.894 Y94.092 E2555.30527
G1 X78.624 Y93.979 E2555.31637
G1 X78.374 Y93.828 E2555.32745
G1 F1585.9 X78.136 Y93.643 E2555.33882
G1 F1582.4 X77.927 Y93.423 E2555.35031
G1 F1572.1 X77.754 Y93.192 E2555.3613
G1 F1578.9 X77.62 Y92.949 E2555.37182
G1 F1582.4 X77.503 Y92.643 E2555.38421
G1 F1575.5 X77.438 Y92.374 E2555.39473
G1 F1578.9 X77.407 Y92.077 E2555.40605
G1 X77.419 Y91.793 E2555.41683
G1 F1582.4 X77.466 Y91.485 E2555.42862
G1 F1585.9 X77.557 Y91.199 E2555.43995
G1 F1578.9 X77.681 Y90.934 E2555.45104
G1 X77.84 Y90.682 E2555.46234
G1 X78.029 Y90.456 E2555.47351
G1 F1575.5 X78.249 Y90.26 E2555.4847
G1 F1582.4 X78.489 Y90.091 E2555.49581
G1 F1578.9 X78.758 Y89.956 E2555.50722
G1 F1572.1 X79.035 Y89.861 E2555.51837
G1 F1578.9 X79.331 Y89.801 E2555.52983
G1 X79.624 Y89.781 E2555.54096
G1 F1582.4 X79.917 Y89.801 E2555.55207
G1 F1585.9 X80.213 Y89.861 E2555.56347
G1 F1578.9 X80.49 Y89.956 E2555.57458
G1 X80.755 Y90.091 E2555.58585
G1 F1582.4 X80.998 Y90.26 E2555.59705
G1 F1572.1 X81.215 Y90.456 E2555.60819
G1 F1578.9 X81.409 Y90.683 E2555.61951
G1 X81.567 Y90.935 E2555.63079
G1 F1575.5 X81.691 Y91.199 E2555.64187
G1 F1578.9 X81.782 Y91.485 E2555.65325
G1 F1575.5 X81.829 Y91.793 E2555.66509
G1 X81.839 Y92.077 E2555.67589
G1 F1578.9 X81.81 Y92.374 E2555.6872
G1 F1575.5 X81.744 Y92.643 E2555.69773
G1 F1578.9 X81.631 Y92.939 E2555.70974
G1 X81.494 Y93.191 E2555.72062
G1 F1575.5 X81.319 Y93.423 E2555.73166
G1 F1585.9 X81.107 Y93.644 E2555.74322
G1 X80.874 Y93.828 E2555.75443
G1 F1578.9 X80.624 Y93.976 E2555.76544
G1 X80.33 Y94.101 E2555.77756
G1 X80.087 Y94.164 E2555.78708
M204 S2000
G0 F9000 X80.186 Y93.671
M204 S500
G1 F1592.9 X80.508 Y93.526 E2555.80035
G1 X80.802 Y93.31 E2555.81406
G1 X81.067 Y93.018 E2555.82888
G1 X81.24 Y92.702 E2555.84242
G1 X81.354 Y92.356 E2555.85611
G1 F1589.4 X81.386 Y91.992 E2555.86987
G1 F1585.9 X81.344 Y91.609 E2555.88442
G1 F1582.4 X81.244 Y91.305 E2555.89653
G1 F1585.9 X81.047 Y90.956 E2555.91166
G1 F1592.9 X80.787 Y90.668 E2555.92624
G1 F1600 X80.496 Y90.463 E2555.93956
G1 X80.172 Y90.321 E2555.95279
G1 F1592.9 X79.839 Y90.247 E2555.96562
G1 F1589.4 X79.416 Y90.246 E2555.98155
G1 X79.057 Y90.328 E2555.99542
G1 F1585.9 X78.731 Y90.474 E2556.0089
G1 X78.425 Y90.696 E2556.02318
G1 X78.188 Y90.974 E2556.03697
G1 F1592.9 X78.011 Y91.281 E2556.05028
G1 X77.904 Y91.606 E2556.06314
G1 F1585.9 X77.859 Y92.026 E2556.07909
G1 X77.894 Y92.342 E2556.09109
G1 X78.018 Y92.734 E2556.10661
G1 X78.21 Y93.051 E2556.1206
G1 X78.433 Y93.302 E2556.13328
G1 F1589.4 X78.765 Y93.54 E2556.14867
G1 F1585.9 X79.057 Y93.669 E2556.16072
G1 X79.432 Y93.752 E2556.17521
G1 F1596.5 X79.816 Y93.751 E2556.18962
G1 F1592.9 X80.186 Y93.671 E2556.20384
M204 S2000
G1 F2400 E2555.40384
G0 F9000 X80.296 Y93.922
G0 X79.757 Y94.021
G0 X79.757 Y95.105
G0 X79.963 Y125.661
G0 X80.344 Y130.846
M204 S500
G1 F2400 E2556.20384
G1 F1578.9 X80.074 Y130.919 E2556.21445
G1 F1572.1 X79.765 Y130.96 E2556.22632
G1 F1578.9 X79.483 Y130.96 E2556.23701
G1 X79.177 Y130.919 E2556.24872
G1 X78.895 Y130.845 E2556.25977
G1 X78.624 Y130.727 E2556.27098
G1 F1575.5 X78.374 Y130.579 E2556.28202
G1 F1578.9 X78.137 Y130.395 E2556.2934
G1 X77.927 Y130.176 E2556.3049
G1 F1572.1 X77.754 Y129.941 E2556.31601
G1 F1582.4 X77.625 Y129.707 E2556.32612
G1 F1578.9 X77.503 Y129.391 E2556.33897
G1 F1572.1 X77.438 Y129.122 E2556.3495
G1 F1578.9 X77.407 Y128.825 E2556.36083
G1 X77.419 Y128.545 E2556.37145
G1 F1582.4 X77.466 Y128.238 E2556.3832
G1 F1585.9 X77.557 Y127.95 E2556.39461
G1 F1578.9 X77.681 Y127.682 E2556.4058
G1 X77.84 Y127.431 E2556.41707
G1 X78.029 Y127.208 E2556.42815
G1 F1572.1 X78.25 Y127.008 E2556.4395
G1 F1582.4 X78.488 Y126.844 E2556.45044
G1 F1578.9 X78.758 Y126.708 E2556.4619
G1 F1572.1 X79.036 Y126.613 E2556.47309
G1 F1578.9 X79.331 Y126.55 E2556.48453
G1 X79.611 Y126.533 E2556.49516
G1 X79.917 Y126.55 E2556.50678
G1 X80.199 Y126.61 E2556.51771
G1 F1575.5 X80.49 Y126.708 E2556.52938
G1 F1582.4 X80.756 Y126.843 E2556.54067
G1 X80.998 Y127.009 E2556.55177
G1 F1572.1 X81.215 Y127.208 E2556.56298
G1 F1578.9 X81.409 Y127.432 E2556.57422
G1 X81.566 Y127.682 E2556.58541
G1 F1575.5 X81.691 Y127.951 E2556.59668
G1 F1578.9 X81.782 Y128.237 E2556.60806
G1 X81.829 Y128.545 E2556.61988
G1 F1575.5 X81.839 Y128.825 E2556.63052
G1 F1578.9 X81.81 Y129.122 E2556.64184
G1 X81.745 Y129.391 E2556.65233
G1 X81.633 Y129.685 E2556.66426
G1 X81.494 Y129.94 E2556.67527
G1 F1572.1 X81.317 Y130.175 E2556.68648
G1 F1578.9 X81.107 Y130.395 E2556.69801
G1 X80.874 Y130.578 E2556.70924
G1 F1575.5 X80.625 Y130.724 E2556.72021
G1 F1585.9 X80.344 Y130.846 E2556.73178
M204 S2000
G0 F9000 X80.162 Y130.43
M204 S500
G1 F1592.9 X80.526 Y130.263 E2556.74683
G1 X80.812 Y130.05 E2556.76023
G1 F1585.9 X81.065 Y129.762 E2556.7747
G1 X81.225 Y129.486 E2556.78674
G1 F1582.4 X81.359 Y129.061 E2556.8036
G1 F1585.9 X81.386 Y128.739 E2556.8158
G1 X81.345 Y128.358 E2556.83027
G1 X81.243 Y128.053 E2556.84241
G1 X81.047 Y127.707 E2556.85742
G1 F1589.4 X80.817 Y127.452 E2556.87036
G1 F1596.5 X80.496 Y127.215 E2556.88532
G1 F1600 X80.172 Y127.073 E2556.89856
G1 F1589.4 X79.839 Y126.998 E2556.91141
G1 F1582.4 X79.416 Y126.997 E2556.92742
G1 F1585.9 X79.1 Y127.066 E2556.93963
G1 F1589.4 X78.73 Y127.227 E2556.95483
G1 F1592.9 X78.444 Y127.436 E2556.96814
G1 F1585.9 X78.209 Y127.697 E2556.9814
G1 F1589.4 X78.011 Y128.03 E2556.99599
G1 F1592.9 X77.903 Y128.359 E2557.009
G1 F1585.9 X77.859 Y128.774 E2557.02476
G1 X77.894 Y129.094 E2557.03691
G1 X78.018 Y129.482 E2557.05229
G1 F1589.4 X78.184 Y129.767 E2557.06471
G1 F1585.9 X78.442 Y130.059 E2557.07942
G1 X78.762 Y130.287 E2557.09425
G1 F1592.9 X79.089 Y130.431 E2557.10768
G1 X79.435 Y130.501 E2557.12095
G1 F1585.9 X79.784 Y130.503 E2557.13412
G1 F1592.9 X80.162 Y130.43 E2557.14859
M204 S2000
G1 F2400 E2556.34859
G0 F9000 X80.218 Y130.698
G0 X80.98 Y130.256
G0 X82.001 Y130.758
G0 X120.749 Y130.758
G0 X122.935 Y130.501
M204 S500
G1 F2400 E2557.14859
G1 F1585.9 X123.284 Y130.503 E2557.16177
G1 F1592.9 X123.662 Y130.43 E2557.17624
G1 X124.026 Y130.263 E2557.19129
G1 X124.312 Y130.05 E2557.20469
G1 X124.549 Y129.788 E2557.21797
G1 F1589.4 X124.725 Y129.485 E2557.23117
G1 F1578.9 X124.859 Y129.061 E2557.24803
G1 F1585.9 X124.886 Y128.739 E2557.26023
G1 X124.845 Y128.358 E2557.27469
G1 X124.743 Y128.053 E2557.28683
G1 X124.547 Y127.707 E2557.30185
G1 F1589.4 X124.317 Y127.452 E2557.31478
G1 F1596.5 X123.996 Y127.215 E2557.32974
G1 F1600 X123.672 Y127.073 E2557.34298
G1 F1589.4 X123.339 Y126.998 E2557.35584
G1 F1582.4 X122.916 Y126.997 E2557.37184
G1 F1585.9 X122.6 Y127.066 E2557.38405
G1 F1589.4 X122.23 Y127.227 E2557.39925
G1 F1592.9 X121.944 Y127.436 E2557.41256
G1 F1585.9 X121.709 Y127.697 E2557.42582
G1 F1589.4 X121.511 Y128.03 E2557.44041
G1 F1592.9 X121.403 Y128.359 E2557.45343
G1 F1585.9 X121.362 Y128.771 E2557.46906
G1 X121.4 Y129.122 E2557.48239
G1 F1589.4 X121.518 Y129.482 E2557.49666
G1 F1585.9 X121.697 Y129.783 E2557.50988
G1 X121.956 Y130.071 E2557.5245
G1 X122.262 Y130.287 E2557.53864
G1 F1592.9 X122.589 Y130.431 E2557.55207
G1 X122.935 Y130.501 E2557.56533
M204 S2000
G0 F9000 X122.677 Y130.919
M204 S500
G1 F1578.9 X122.395 Y130.845 E2557.57639
G1 X122.124 Y130.727 E2557.5876
G1 F1575.5 X121.874 Y130.579 E2557.59864
G1 F1578.9 X121.637 Y130.395 E2557.61001
G1 X121.428 Y130.175 E2557.62152
G1 F1572.1 X121.254 Y129.941 E2557.63262
G1 F1578.9 X121.12 Y129.697 E2557.64318
G1 X121.003 Y129.391 E2557.6556
G1 F1572.1 X120.938 Y129.122 E2557.66614
G1 F1578.9 X120.909 Y128.825 E2557.67745
G1 X120.92 Y128.531 E2557.68861
G1 F1582.4 X120.966 Y128.238 E2557.69983
G1 F1585.9 X121.057 Y127.95 E2557.71123
G1 F1578.9 X121.181 Y127.682 E2557.72243
G1 X121.34 Y127.431 E2557.73369
G1 X121.529 Y127.208 E2557.74478
G1 F1572.1 X121.75 Y127.008 E2557.75613
G1 F1582.4 X121.988 Y126.844 E2557.76706
G1 F1578.9 X122.258 Y126.708 E2557.77853
G1 F1572.1 X122.536 Y126.613 E2557.78972
G1 F1578.9 X122.831 Y126.55 E2557.80115
G1 X123.111 Y126.533 E2557.81179
G1 X123.417 Y126.55 E2557.82341
G1 X123.699 Y126.61 E2557.83434
G1 F1575.5 X123.99 Y126.708 E2557.84601
G1 F1582.4 X124.256 Y126.843 E2557.8573
G1 X124.498 Y127.009 E2557.8684
G1 F1572.1 X124.715 Y127.208 E2557.87961
G1 F1578.9 X124.909 Y127.432 E2557.89085
G1 X125.066 Y127.682 E2557.90204
G1 F1575.5 X125.191 Y127.951 E2557.91331
G1 F1578.9 X125.282 Y128.237 E2557.92469
G1 X125.329 Y128.545 E2557.9365
G1 F1575.5 X125.339 Y128.825 E2557.94715
G1 F1578.9 X125.31 Y129.122 E2557.95847
G1 X125.245 Y129.391 E2557.96896
G1 X125.133 Y129.685 E2557.98089
G1 X124.994 Y129.94 E2557.9919
G1 F1572.1 X124.818 Y130.175 E2558.00308
G1 F1578.9 X124.607 Y130.395 E2558.01464
G1 X124.374 Y130.578 E2558.02587
G1 F1575.5 X124.125 Y130.724 E2558.03684
G1 F1585.9 X123.844 Y130.846 E2558.04841
G1 F1578.9 X123.574 Y130.919 E2558.05901
G1 F1572.1 X123.265 Y130.96 E2558.07088
G1 F1578.9 X122.983 Y130.96 E2558.08157
G1 X122.677 Y130.919 E2558.09328
M204 S2000
G1 F2400 E2557.29328
G0 F9000 X122.735 Y130.656
G0 X122.136 Y130.465
G0 X121.801 Y130.221
G0 X121.524 Y129.913
G0 X121.317 Y129.554
G0 X121.188 Y129.161
G0 X121.146 Y128.75
G0 X121.188 Y128.339
G0 X121.317 Y127.946
G0 X121.524 Y127.587
G0 X121.801 Y127.279
G0 X122.136 Y127.035
G0 X123.125 Y126.725
G0 X123.054 Y125.644
G0 X123.125 Y95.105
G0 X122.932 Y93.752
M204 S500
G1 F2400 E2558.09328
G1 F1596.5 X123.316 Y93.751 E2558.10768
G1 F1592.9 X123.686 Y93.671 E2558.12191
G1 X124.008 Y93.526 E2558.13518
G1 X124.302 Y93.31 E2558.14889
G1 F1585.9 X124.565 Y93.014 E2558.16384
G1 X124.725 Y92.738 E2558.17588
G1 F1582.4 X124.858 Y92.313 E2558.19273
G1 F1585.9 X124.886 Y91.992 E2558.20489
G1 X124.844 Y91.609 E2558.21944
G1 F1582.4 X124.744 Y91.305 E2558.23155
G1 F1585.9 X124.547 Y90.956 E2558.24668
G1 F1592.9 X124.287 Y90.668 E2558.26126
G1 F1600 X123.996 Y90.463 E2558.27458
G1 X123.672 Y90.321 E2558.28781
G1 F1592.9 X123.339 Y90.247 E2558.30064
G1 F1589.4 X122.916 Y90.246 E2558.31657
G1 X122.557 Y90.328 E2558.33044
G1 F1585.9 X122.231 Y90.474 E2558.34392
G1 X121.925 Y90.696 E2558.3582
G1 X121.688 Y90.974 E2558.37199
G1 F1592.9 X121.511 Y91.281 E2558.3853
G1 X121.404 Y91.606 E2558.39816
G1 F1585.9 X121.362 Y92.023 E2558.41399
G1 X121.399 Y92.37 E2558.42716
G1 X121.518 Y92.731 E2558.44151
G1 X121.71 Y93.051 E2558.4556
G1 X121.933 Y93.302 E2558.46827
G1 F1589.4 X122.265 Y93.54 E2558.48366
G1 F1585.9 X122.557 Y93.669 E2558.49571
G1 X122.932 Y93.752 E2558.51021
M204 S2000
G0 F9000 X122.984 Y94.212
M204 S500
G1 F1578.9 X122.678 Y94.168 E2558.52193
G1 X122.394 Y94.092 E2558.53308
G1 X122.124 Y93.979 E2558.54417
G1 X121.874 Y93.828 E2558.55525
G1 F1585.9 X121.636 Y93.643 E2558.56663
G1 F1582.4 X121.427 Y93.423 E2558.57811
G1 F1572.1 X121.254 Y93.192 E2558.5891
G1 F1578.9 X121.115 Y92.937 E2558.60011
G1 X121.003 Y92.643 E2558.61204
G1 F1572.1 X120.938 Y92.374 E2558.62258
G1 F1578.9 X120.909 Y92.077 E2558.63389
G1 X120.92 Y91.779 E2558.6452
G1 X120.966 Y91.485 E2558.65648
G1 F1585.9 X121.057 Y91.199 E2558.66781
G1 F1578.9 X121.181 Y90.934 E2558.67891
G1 X121.34 Y90.682 E2558.69021
G1 X121.529 Y90.456 E2558.70138
G1 F1575.5 X121.749 Y90.26 E2558.71257
G1 F1582.4 X121.989 Y90.091 E2558.72368
G1 F1578.9 X122.258 Y89.956 E2558.73509
G1 F1572.1 X122.535 Y89.861 E2558.74624
G1 F1578.9 X122.831 Y89.801 E2558.75769
G1 X123.124 Y89.781 E2558.76883
G1 F1582.4 X123.417 Y89.801 E2558.77994
G1 F1585.9 X123.713 Y89.861 E2558.79134
G1 F1578.9 X123.99 Y89.956 E2558.80244
G1 X124.255 Y90.091 E2558.81372
G1 F1582.4 X124.498 Y90.26 E2558.82492
G1 F1572.1 X124.715 Y90.456 E2558.83606
G1 F1578.9 X124.909 Y90.683 E2558.84738
G1 X125.067 Y90.935 E2558.85865
G1 F1575.5 X125.191 Y91.199 E2558.86974
G1 F1578.9 X125.282 Y91.485 E2558.88112
G1 F1575.5 X125.329 Y91.793 E2558.89296
G1 X125.339 Y92.077 E2558.90376
G1 F1578.9 X125.31 Y92.374 E2558.91507
G1 X125.245 Y92.643 E2558.92556
G1 X125.133 Y92.937 E2558.93749
G1 X124.994 Y93.191 E2558.94847
G1 F1575.5 X124.819 Y93.423 E2558.95951
G1 F1585.9 X124.607 Y93.644 E2558.97108
G1 X124.374 Y93.828 E2558.98228
G1 F1578.9 X124.124 Y93.976 E2558.9933
G1 X123.83 Y94.101 E2559.00541
G1 X123.587 Y94.164 E2559.01493
G1 F1575.5 X123.264 Y94.212 E2559.02734
G1 F1578.9 X122.984 Y94.212 E2559.03796
M204 S2000
G1 F2400 E2558.23796
G0 F9000 X122.998 Y93.941
G0 X122.46 Y93.913
G0 X122.173 Y94.959
G0 X120.016 Y128.852
G0 X120.153 Y129.671
G0 X120.501 Y130.423
G0 X121.038 Y131.058
G0 X121.721 Y131.491
G0 X110 Y132.699
M204 S500
;TYPE:WALL-INNER
G1 F2400 E2559.03796
G1 F2063 X76.656 Y132.699 E2560.00558
G1 X76.401 Y132.654 E2560.01309
G1 F2069 X76.146 Y132.444 E2560.02265
G1 X76.049 Y132.206 E2560.03009
G1 X76.05 Y87.792 E2561.31527
G1 F2063 X76.218 Y87.465 E2561.32594
G1 F2069 X76.401 Y87.342 E2561.33232
G1 F2063 X76.656 Y87.297 E2561.33983
G1 F2057.1 X143.372 Y87.298 E2563.28144
G1 F2069 X143.595 Y87.342 E2563.28802
G1 X143.781 Y87.466 E2563.29449
G1 X143.901 Y87.648 E2563.3008
G1 X143.947 Y87.799 E2563.30536
G1 F2080.9 X143.943 Y132.18 E2564.58221
G1 F2074.9 X143.9 Y132.352 E2564.58732
G1 F2069 X143.782 Y132.527 E2564.59343
G1 X143.498 Y132.699 E2564.60304
G1 X110 Y132.699 E2565.57234
M204 S2000
G0 F9000 X110 Y133.048
M204 S500
G1 F2057.1 X143.356 Y133.048 E2566.54309
G1 X143.729 Y132.976 E2566.55415
G1 F2063 X144.029 Y132.774 E2566.56464
G1 F2057.1 X144.142 Y132.636 E2566.56983
G1 X144.297 Y132.253 E2566.58186
G1 F2063 X144.297 Y87.741 E2567.87357
G1 X144.141 Y87.361 E2567.88549
G1 F2069 X144.027 Y87.221 E2567.89072
G1 X143.729 Y87.021 E2567.9011
G1 F2063 X143.34 Y86.947 E2567.91259
G1 F2057.1 X76.492 Y86.948 E2569.85804
G1 F2063 X76.112 Y87.103 E2569.86995
G1 X75.97 Y87.219 E2569.87528
G1 F2069 X75.772 Y87.519 E2569.88568
G1 X75.699 Y87.76 E2569.89296
G1 X75.7 Y132.236 E2571.17993
G1 X75.774 Y132.482 E2571.18737
G1 X75.969 Y132.776 E2571.19758
G1 X76.267 Y132.975 E2571.20795
G1 F2063 X76.656 Y133.049 E2571.21944
G1 F2057.1 X110 Y133.048 E2572.18983
M204 S2000
G0 F9000 X110 Y133.424
M204 S500
;TYPE:WALL-OUTER
G1 F1800 X143.366 Y133.424 E2573.29959
G1 X143.624 Y133.398 E2573.30822
G1 X143.989 Y133.287 E2573.32091
G1 X144.294 Y133.041 E2573.33394
G1 X144.456 Y132.844 E2573.34242
G1 X144.569 Y132.628 E2573.35053
G1 X144.646 Y132.373 E2573.35939
G1 X144.672 Y132.114 E2573.36805
G1 X144.672 Y87.878 E2574.83934
G1 X144.647 Y87.624 E2574.84783
G1 X144.532 Y87.248 E2574.86091
G1 X144.293 Y86.955 E2574.87348
G1 X143.99 Y86.709 E2574.88647
G1 X143.624 Y86.598 E2574.89919
G1 X143.366 Y86.572 E2574.90781
G1 X76.63 Y86.572 E2577.12746
G1 X76.372 Y86.598 E2577.13608
G1 X76.004 Y86.71 E2577.14888
G1 X75.703 Y86.954 E2577.16177
G1 X75.46 Y87.261 E2577.17479
G1 X75.35 Y87.624 E2577.1874
G1 X75.324 Y87.878 E2577.1959
G1 X75.324 Y132.114 E2578.66719
G1 X75.35 Y132.372 E2578.67582
G1 X75.46 Y132.74 E2578.68859
G1 X75.703 Y133.041 E2578.70146
G1 X76.003 Y133.286 E2578.71434
G1 X76.372 Y133.398 E2578.72717
G1 X76.63 Y133.424 E2578.73579
G1 X110 Y133.424 E2579.84568
M204 S2000
G0 F9000 X110 Y133.125
G0 X110 Y132.625
G0 X110 Y132.324
M204 S500
G1 F1800 X76.604 Y132.324 E2580.95644
G1 X76.457 Y132.236 E2580.96213
G1 X76.427 Y132.162 E2580.96479
G1 X76.427 Y87.834 E2582.43915
G1 X76.497 Y87.716 E2582.44371
G1 X76.585 Y87.675 E2582.44694
G1 X143.416 Y87.673 E2584.66975
G1 X143.528 Y87.745 E2584.67417
G1 X143.569 Y87.834 E2584.67743
G1 X143.572 Y132.144 E2586.15119
G1 X143.499 Y132.28 E2586.15632
G1 X143.392 Y132.324 E2586.16017
G1 X110 Y132.324 E2587.27079
M204 S2000
G1 F2400 E2586.47079
;MESH:NONMESH
G0 F300 X110 Y132.324 Z2.8
G0 F9000 X110 Y132.625
G0 X80.017 Y132.525
G0 X81.033 Y131.495
G0 X81.386 Y131.314
G0 X82.001 Y130.758
G0 X82.447 Y130.058
G0 X82.694 Y129.266
G0 X82.715 Y128.598
G0 X79.757 Y95.105
G0 X80.057 Y94.074
;TIME_ELAPSED:2979.828613
;LAYER:13
M204 S500
;TYPE:WALL-OUTER
;MESH:raspberry pi 4 B bottom part case.stl
G1 F2400 E2587.27079
G1 F1827.4 X79.759 Y94.116 E2587.28065
G1 F1836.7 X79.49 Y94.116 E2587.28942
G1 F1832.1 X79.196 Y94.074 E2587.29913
G1 F1836.7 X78.928 Y94.003 E2587.30816
G1 F1841.4 X78.668 Y93.892 E2587.31735
G1 F1836.7 X78.423 Y93.749 E2587.3266
G1 X78.196 Y93.571 E2587.336
G1 X78.004 Y93.368 E2587.34511
G1 F1827.4 X77.842 Y93.149 E2587.35404
G1 F1841.4 X77.694 Y92.886 E2587.36385
G1 F1836.7 X77.597 Y92.622 E2587.37301
G1 F1827.4 X77.53 Y92.35 E2587.38219
G1 F1832.1 X77.501 Y92.073 E2587.39129
G1 X77.513 Y91.792 E2587.40048
G1 X77.559 Y91.506 E2587.40995
G1 F1836.7 X77.644 Y91.236 E2587.41918
G1 X77.765 Y90.979 E2587.42844
G1 X77.919 Y90.732 E2587.43792
G1 F1827.4 X78.094 Y90.526 E2587.44678
G1 X78.306 Y90.335 E2587.45613
G1 F1841.4 X78.547 Y90.168 E2587.46566
G1 F1846.2 X78.789 Y90.05 E2587.47439
G1 F1836.7 X79.061 Y89.953 E2587.4838
G1 X79.343 Y89.894 E2587.49319
G1 X79.612 Y89.877 E2587.50198
G1 X79.905 Y89.894 E2587.51155
G1 F1841.4 X80.187 Y89.953 E2587.52091
G1 F1836.7 X80.459 Y90.05 E2587.53033
G1 F1841.4 X80.701 Y90.168 E2587.53908
G1 F1836.7 X80.941 Y90.335 E2587.54861
G1 F1827.4 X81.149 Y90.525 E2587.55784
G1 F1836.7 X81.326 Y90.732 E2587.56672
G1 X81.483 Y90.98 E2587.57628
G1 F1827.4 X81.603 Y91.235 E2587.58552
G1 F1836.7 X81.69 Y91.526 E2587.59542
G1 F1841.4 X81.733 Y91.805 E2587.60459
G1 F1832.1 X81.744 Y92.075 E2587.61342
G1 X81.717 Y92.351 E2587.62249
G1 F1827.4 X81.651 Y92.62 E2587.63156
G1 F1836.7 X81.55 Y92.886 E2587.64083
G1 X81.405 Y93.15 E2587.65065
G1 F1827.4 X81.244 Y93.368 E2587.65953
G1 X81.052 Y93.57 E2587.66866
G1 F1832.1 X80.825 Y93.748 E2587.67809
G1 X80.593 Y93.884 E2587.68688
G1 F1836.7 X80.311 Y94.007 E2587.6969
G1 F1832.1 X80.057 Y94.074 E2587.70549
M204 S2000
G0 F9000 X80.174 Y93.641
M204 S500
G1 F1846.2 X80.507 Y93.489 E2587.71736
G1 X80.79 Y93.28 E2587.72877
G1 X81.038 Y92.997 E2587.74097
G1 X81.198 Y92.717 E2587.75143
G1 X81.323 Y92.336 E2587.76443
G1 F1850.9 X81.354 Y91.98 E2587.77599
G1 F1855.7 X81.313 Y91.619 E2587.78771
G1 F1846.2 X81.214 Y91.315 E2587.79808
G1 X81.019 Y90.972 E2587.81087
G1 X80.793 Y90.721 E2587.82183
G1 F1855.7 X80.479 Y90.49 E2587.8344
G1 F1865.3 X80.164 Y90.352 E2587.84544
G1 F1860.5 X79.797 Y90.274 E2587.85751
G1 F1846.2 X79.423 Y90.277 E2587.86964
G1 F1855.7 X79.083 Y90.353 E2587.88088
G1 X78.751 Y90.5 E2587.8926
G1 F1850.9 X78.482 Y90.694 E2587.90332
G1 F1846.2 X78.228 Y90.971 E2587.91551
G1 X78.03 Y91.317 E2587.92844
G1 X77.936 Y91.61 E2587.93842
G1 F1841.4 X77.89 Y92.022 E2587.9519
G1 F1846.2 X77.931 Y92.363 E2587.96303
G1 F1850.9 X78.043 Y92.714 E2587.97495
G1 F1846.2 X78.223 Y93.016 E2587.98635
G1 X78.455 Y93.28 E2587.99775
G1 X78.742 Y93.49 E2588.00928
G1 X79.07 Y93.639 E2588.02096
G1 X79.438 Y93.721 E2588.03319
G1 F1855.7 X79.811 Y93.721 E2588.04523
G1 F1846.2 X80.174 Y93.641 E2588.05728
M204 S2000
G1 F2400 E2587.25728
G0 F9000 X80.322 Y130.752
M204 S500
G1 F2400 E2588.05728
G1 F1836.7 X80.056 Y130.826 E2588.06628
G1 F1827.4 X79.771 Y130.863 E2588.07569
G1 F1836.7 X79.488 Y130.864 E2588.08492
G1 F1832.1 X79.195 Y130.826 E2588.09457
G1 F1836.7 X78.929 Y130.755 E2588.10355
G1 X78.669 Y130.641 E2588.1128
G1 F1832.1 X78.423 Y130.497 E2588.12212
G1 F1836.7 X78.196 Y130.319 E2588.13152
G1 X78.003 Y130.117 E2588.14062
G1 F1827.4 X77.842 Y129.898 E2588.14953
G1 F1836.7 X77.693 Y129.633 E2588.15944
G1 X77.597 Y129.373 E2588.16847
G1 F1827.4 X77.53 Y129.102 E2588.17762
G1 F1832.1 X77.501 Y128.821 E2588.18685
G1 X77.513 Y128.54 E2588.19604
G1 X77.559 Y128.254 E2588.20551
G1 F1836.7 X77.643 Y127.988 E2588.2146
G1 X77.765 Y127.731 E2588.22387
G1 X77.919 Y127.484 E2588.23336
G1 F1827.4 X78.094 Y127.278 E2588.24221
G1 X78.306 Y127.087 E2588.25156
G1 F1836.7 X78.548 Y126.917 E2588.2612
G1 F1827.4 X78.789 Y126.798 E2588.27001
G1 F1818.2 X79.06 Y126.703 E2588.27946
G1 F1827.4 X79.329 Y126.649 E2588.28845
G1 F1836.7 X79.612 Y126.629 E2588.2977
G1 X79.907 Y126.647 E2588.30733
G1 X80.175 Y126.7 E2588.31624
G1 F1827.4 X80.459 Y126.798 E2588.32608
G1 F1836.7 X80.7 Y126.917 E2588.33484
G1 X80.941 Y127.086 E2588.34444
G1 F1827.4 X81.149 Y127.277 E2588.35369
G1 F1836.7 X81.326 Y127.484 E2588.36256
G1 X81.477 Y127.721 E2588.37172
G1 F1827.4 X81.604 Y127.987 E2588.38138
G1 F1836.7 X81.688 Y128.265 E2588.39085
G1 X81.733 Y128.553 E2588.40035
G1 F1832.1 X81.744 Y128.823 E2588.40918
G1 X81.717 Y129.103 E2588.41837
G1 F1827.4 X81.651 Y129.372 E2588.42745
G1 F1836.7 X81.551 Y129.633 E2588.43656
G1 X81.405 Y129.898 E2588.44642
G1 F1827.4 X81.244 Y130.116 E2588.4553
G1 X81.052 Y130.318 E2588.46443
G1 X80.824 Y130.497 E2588.47392
G1 X80.583 Y130.64 E2588.4831
G1 F1836.7 X80.322 Y130.752 E2588.49236
M204 S2000
G0 F9000 X80.174 Y130.392
M204 S500
G1 F1846.2 X80.472 Y130.258 E2588.50296
G1 X80.79 Y130.028 E2588.51568
G1 X81.013 Y129.779 E2588.52652
G1 X81.197 Y129.47 E2588.53819
G1 X81.323 Y129.088 E2588.55123
G1 F1850.9 X81.354 Y128.728 E2588.56292
G1 F1855.7 X81.313 Y128.367 E2588.57464
G1 F1846.2 X81.213 Y128.063 E2588.58502
G1 X81.019 Y127.724 E2588.59768
G1 X80.793 Y127.473 E2588.60864
G1 X80.479 Y127.241 E2588.6213
G1 X80.179 Y127.109 E2588.63192
G1 X79.797 Y127.026 E2588.6446
G1 X79.423 Y127.029 E2588.65673
G1 X79.083 Y127.104 E2588.66802
G1 X78.752 Y127.25 E2588.67975
G1 X78.482 Y127.446 E2588.69057
G1 X78.228 Y127.723 E2588.70276
G1 X78.041 Y128.041 E2588.71472
G1 X77.936 Y128.358 E2588.72555
G1 F1836.7 X77.89 Y128.77 E2588.73906
G1 F1846.2 X77.931 Y129.115 E2588.75033
G1 X78.043 Y129.462 E2588.76216
G1 X78.212 Y129.751 E2588.77301
G1 X78.475 Y130.045 E2588.7858
G1 X78.742 Y130.238 E2588.79649
G1 X79.067 Y130.39 E2588.80812
G1 X79.464 Y130.471 E2588.82126
G1 F1850.9 X79.808 Y130.469 E2588.83239
G1 X80.174 Y130.392 E2588.84449
M204 S2000
G1 F2400 E2588.04449
G0 F9000 X122.964 Y130.471
M204 S500
G1 F2400 E2588.84449
G1 F1850.9 X123.308 Y130.469 E2588.85561
G1 X123.674 Y130.392 E2588.86771
G1 F1846.2 X123.972 Y130.258 E2588.87831
G1 X124.293 Y130.025 E2588.89117
G1 X124.512 Y129.784 E2588.90173
G1 F1855.7 X124.709 Y129.444 E2588.91441
G1 F1850.9 X124.823 Y129.088 E2588.9265
G1 X124.854 Y128.728 E2588.93819
G1 F1855.7 X124.813 Y128.367 E2588.94991
G1 F1846.2 X124.713 Y128.063 E2588.96029
G1 X124.519 Y127.724 E2588.97295
G1 X124.293 Y127.473 E2588.9839
G1 X123.979 Y127.241 E2588.99657
G1 X123.679 Y127.109 E2589.00719
G1 X123.297 Y127.026 E2589.01987
G1 X122.923 Y127.029 E2589.032
G1 X122.583 Y127.104 E2589.04329
G1 X122.252 Y127.25 E2589.05502
G1 X121.982 Y127.446 E2589.06584
G1 X121.728 Y127.723 E2589.07803
G1 X121.541 Y128.041 E2589.08999
G1 X121.436 Y128.358 E2589.10082
G1 F1836.7 X121.393 Y128.768 E2589.11426
G1 X121.425 Y129.088 E2589.12474
G1 F1846.2 X121.543 Y129.462 E2589.13746
G1 X121.723 Y129.764 E2589.14886
G1 X121.955 Y130.028 E2589.16026
G1 X122.242 Y130.238 E2589.17179
G1 X122.567 Y130.39 E2589.18342
G1 X122.964 Y130.471 E2589.19656
M204 S2000
G0 F9000 X122.695 Y130.826
M204 S500
G1 F1836.7 X122.429 Y130.755 E2589.20554
G1 X122.169 Y130.641 E2589.21479
G1 F1832.1 X121.923 Y130.497 E2589.22411
G1 F1836.7 X121.696 Y130.319 E2589.23351
G1 X121.504 Y130.116 E2589.24262
G1 F1827.4 X121.342 Y129.897 E2589.25154
G1 F1836.7 X121.193 Y129.633 E2589.26142
G1 X121.097 Y129.373 E2589.27045
G1 F1827.4 X121.031 Y129.102 E2589.27959
G1 X121.002 Y128.821 E2589.28885
G1 X121.013 Y128.54 E2589.29806
G1 F1832.1 X121.059 Y128.254 E2589.30753
G1 F1836.7 X121.143 Y127.988 E2589.31662
G1 X121.265 Y127.731 E2589.32589
G1 X121.419 Y127.484 E2589.33538
G1 F1827.4 X121.594 Y127.278 E2589.34423
G1 X121.806 Y127.087 E2589.35358
G1 F1836.7 X122.048 Y126.917 E2589.36322
G1 F1827.4 X122.289 Y126.798 E2589.37203
G1 F1818.2 X122.56 Y126.703 E2589.38148
G1 F1827.4 X122.829 Y126.649 E2589.39047
G1 F1836.7 X123.112 Y126.629 E2589.39972
G1 X123.407 Y126.647 E2589.40935
G1 X123.675 Y126.7 E2589.41826
G1 F1827.4 X123.959 Y126.798 E2589.4281
G1 F1836.7 X124.2 Y126.917 E2589.43686
G1 X124.441 Y127.086 E2589.44646
G1 F1827.4 X124.649 Y127.277 E2589.45571
G1 F1836.7 X124.826 Y127.484 E2589.46458
G1 X124.977 Y127.721 E2589.47374
G1 F1827.4 X125.104 Y127.987 E2589.4834
G1 F1836.7 X125.188 Y128.265 E2589.49287
G1 X125.233 Y128.553 E2589.50237
G1 F1832.1 X125.244 Y128.823 E2589.5112
G1 X125.217 Y129.103 E2589.52039
G1 F1827.4 X125.151 Y129.372 E2589.52947
G1 F1836.7 X125.051 Y129.633 E2589.53858
G1 X124.905 Y129.898 E2589.54844
G1 F1827.4 X124.745 Y130.116 E2589.5573
G1 F1832.1 X124.552 Y130.318 E2589.56643
G1 F1827.4 X124.324 Y130.497 E2589.57592
G1 X124.083 Y130.64 E2589.5851
G1 F1836.7 X123.822 Y130.752 E2589.59436
G1 X123.556 Y130.826 E2589.60336
G1 F1827.4 X123.271 Y130.863 E2589.61278
G1 F1836.7 X122.988 Y130.864 E2589.622
G1 F1832.1 X122.695 Y130.826 E2589.63165
M204 S2000
G1 F2400 E2588.83165
G0 F9000 X122.938 Y93.721
M204 S500
G1 F2400 E2589.63165
G1 F1855.7 X123.311 Y93.721 E2589.64369
G1 F1846.2 X123.674 Y93.641 E2589.65574
G1 X124.007 Y93.489 E2589.66761
G1 X124.29 Y93.28 E2589.67902
G1 X124.513 Y93.031 E2589.68986
G1 X124.701 Y92.714 E2589.70181
G1 X124.823 Y92.336 E2589.71469
G1 F1850.9 X124.854 Y91.98 E2589.72625
G1 F1855.7 X124.813 Y91.619 E2589.73797
G1 F1846.2 X124.714 Y91.315 E2589.74834
G1 X124.519 Y90.972 E2589.76114
G1 X124.293 Y90.721 E2589.77209
G1 F1855.7 X123.979 Y90.49 E2589.78467
G1 F1865.3 X123.664 Y90.352 E2589.7957
G1 F1860.5 X123.297 Y90.274 E2589.80778
G1 F1846.2 X122.923 Y90.277 E2589.81991
G1 F1855.7 X122.583 Y90.353 E2589.83115
G1 X122.251 Y90.5 E2589.84286
G1 F1850.9 X121.982 Y90.694 E2589.85359
G1 F1846.2 X121.728 Y90.971 E2589.86578
G1 X121.53 Y91.317 E2589.8787
G1 X121.436 Y91.61 E2589.88868
G1 F1836.7 X121.393 Y92.02 E2589.90212
G1 X121.425 Y92.336 E2589.91247
G1 F1841.4 X121.543 Y92.712 E2589.92528
G1 F1846.2 X121.711 Y92.999 E2589.93607
G1 X121.955 Y93.28 E2589.94814
G1 X122.242 Y93.49 E2589.95967
G1 X122.57 Y93.639 E2589.97135
G1 X122.938 Y93.721 E2589.98358
M204 S2000
G0 F9000 X122.99 Y94.116
M204 S500
G1 F1832.1 X122.696 Y94.074 E2589.99328
G1 F1836.7 X122.428 Y94.003 E2590.00232
G1 F1841.4 X122.168 Y93.892 E2590.01151
G1 F1836.7 X121.923 Y93.749 E2590.02076
G1 X121.696 Y93.571 E2590.03016
G1 X121.504 Y93.368 E2590.03927
G1 F1827.4 X121.342 Y93.149 E2590.04819
G1 F1836.7 X121.194 Y92.886 E2590.05803
G1 X121.097 Y92.622 E2590.0672
G1 F1827.4 X121.031 Y92.35 E2590.07637
G1 X121.002 Y92.073 E2590.08549
G1 X121.013 Y91.792 E2590.0947
G1 F1832.1 X121.059 Y91.506 E2590.10417
G1 F1836.7 X121.144 Y91.236 E2590.1134
G1 X121.265 Y90.979 E2590.12265
G1 X121.419 Y90.732 E2590.13214
G1 F1827.4 X121.594 Y90.526 E2590.141
G1 X121.806 Y90.335 E2590.15035
G1 F1841.4 X122.047 Y90.168 E2590.15988
G1 F1846.2 X122.289 Y90.05 E2590.16861
G1 F1836.7 X122.561 Y89.953 E2590.17802
G1 X122.843 Y89.894 E2590.18741
G1 X123.112 Y89.877 E2590.1962
G1 X123.405 Y89.894 E2590.20576
G1 F1841.4 X123.687 Y89.953 E2590.21513
G1 F1836.7 X123.959 Y90.05 E2590.22454
G1 F1841.4 X124.201 Y90.168 E2590.2333
G1 F1836.7 X124.441 Y90.335 E2590.24283
G1 F1827.4 X124.649 Y90.525 E2590.25206
G1 F1836.7 X124.826 Y90.732 E2590.26093
G1 X124.983 Y90.98 E2590.2705
G1 F1827.4 X125.103 Y91.235 E2590.27973
G1 F1836.7 X125.19 Y91.526 E2590.28963
G1 F1841.4 X125.233 Y91.805 E2590.29881
G1 F1832.1 X125.244 Y92.075 E2590.30764
G1 X125.217 Y92.351 E2590.31671
G1 F1827.4 X125.151 Y92.62 E2590.32578
G1 F1836.7 X125.051 Y92.886 E2590.33504
G1 F1841.4 X124.905 Y93.15 E2590.34485
G1 F1827.4 X124.744 Y93.368 E2590.35373
G1 X124.552 Y93.57 E2590.36286
G1 F1832.1 X124.325 Y93.748 E2590.37229
G1 X124.093 Y93.884 E2590.38107
G1 F1836.7 X123.811 Y94.007 E2590.3911
G1 F1832.1 X123.557 Y94.074 E2590.39969
G1 F1827.4 X123.259 Y94.116 E2590.40955
G1 F1836.7 X122.99 Y94.116 E2590.41831
M204 S2000
G1 F2400 E2589.61831
G0 F9000 X122.99 Y94.978
G0 X120.143 Y128.848
G0 X120.275 Y129.633
G0 X120.61 Y130.354
G0 X121.124 Y130.963
G0 X121.655 Y131.327
G0 X122.045 Y131.492
G0 X110 Y132.699
M204 S500
;TYPE:WALL-INNER
G1 F2400 E2590.41831
G1 F2063 X76.656 Y132.699 E2591.38594
G1 X76.401 Y132.654 E2591.39345
G1 F2069 X76.146 Y132.444 E2591.40301
G1 X76.049 Y132.206 E2591.41045
G1 X76.05 Y87.792 E2592.69563
G1 F2063 X76.218 Y87.465 E2592.70629
G1 F2069 X76.401 Y87.342 E2592.71267
G1 F2063 X76.656 Y87.297 E2592.72019
G1 F2057.1 X143.372 Y87.298 E2594.6618
G1 F2069 X143.595 Y87.342 E2594.66838
G1 X143.781 Y87.466 E2594.67485
G1 X143.901 Y87.648 E2594.68115
G1 X143.947 Y87.799 E2594.68572
G1 F2080.9 X143.943 Y132.18 E2595.96256
G1 F2074.9 X143.9 Y132.352 E2595.96768
G1 F2069 X143.782 Y132.527 E2595.97379
G1 X143.498 Y132.699 E2595.98339
G1 X110 Y132.699 E2596.9527
M204 S2000
G0 F9000 X110 Y133.048
M204 S500
G1 F2057.1 X143.356 Y133.048 E2597.92345
G1 X143.729 Y132.976 E2597.9345
G1 F2063 X144.029 Y132.774 E2597.945
G1 F2057.1 X144.142 Y132.636 E2597.95019
G1 X144.297 Y132.253 E2597.96222
G1 F2063 X144.297 Y87.741 E2599.25393
G1 X144.141 Y87.361 E2599.26585
G1 F2069 X144.027 Y87.221 E2599.27107
G1 X143.729 Y87.021 E2599.28146
G1 F2063 X143.34 Y86.947 E2599.29295
G1 F2057.1 X76.492 Y86.948 E2601.2384
G1 F2063 X76.112 Y87.103 E2601.25031
G1 X75.97 Y87.219 E2601.25563
G1 F2069 X75.772 Y87.519 E2601.26603
G1 X75.699 Y87.76 E2601.27332
G1 X75.7 Y132.236 E2602.56029
G1 X75.774 Y132.482 E2602.56773
G1 X75.969 Y132.776 E2602.57793
G1 X76.267 Y132.975 E2602.5883
G1 F2063 X76.656 Y133.049 E2602.59979
G1 F2057.1 X110 Y133.048 E2603.57019
M204 S2000
G0 F9000 X110 Y133.424
M204 S500
;TYPE:WALL-OUTER
G1 F1800 X143.366 Y133.424 E2604.67995
G1 X143.624 Y133.398 E2604.68857
G1 X143.989 Y133.287 E2604.70126
G1 X144.294 Y133.041 E2604.7143
G1 X144.456 Y132.844 E2604.72278
G1 X144.569 Y132.628 E2604.73089
G1 X144.646 Y132.373 E2604.73975
G1 X144.672 Y132.114 E2604.7484
G1 X144.672 Y87.878 E2606.2197
G1 X144.647 Y87.624 E2606.22819
G1 X144.532 Y87.248 E2606.24127
G1 X144.293 Y86.955 E2606.25384
G1 X143.99 Y86.709 E2606.26682
G1 X143.624 Y86.598 E2606.27954
G1 X143.366 Y86.572 E2606.28817
G1 X76.63 Y86.572 E2608.50782
G1 X76.372 Y86.598 E2608.51644
G1 X76.004 Y86.71 E2608.52924
G1 X75.703 Y86.954 E2608.54212
G1 X75.46 Y87.261 E2608.55515
G1 X75.35 Y87.624 E2608.56776
G1 X75.324 Y87.878 E2608.57625
G1 X75.324 Y132.114 E2610.04755
G1 X75.35 Y132.372 E2610.05617
G1 X75.46 Y132.74 E2610.06895
G1 X75.703 Y133.041 E2610.08181
G1 X76.003 Y133.286 E2610.0947
G1 X76.372 Y133.398 E2610.10752
G1 X76.63 Y133.424 E2610.11615
G1 X110 Y133.424 E2611.22604
M204 S2000
G0 F9000 X110 Y133.125
G0 X110 Y132.625
G0 X110 Y132.324
M204 S500
G1 F1800 X76.604 Y132.324 E2612.33679
G1 X76.457 Y132.236 E2612.34249
G1 X76.427 Y132.162 E2612.34515
G1 X76.427 Y87.834 E2613.8195
G1 X76.497 Y87.716 E2613.82407
G1 X76.585 Y87.675 E2613.8273
G1 X143.416 Y87.673 E2616.0501
G1 X143.528 Y87.745 E2616.05453
G1 X143.569 Y87.834 E2616.05779
G1 X143.572 Y132.144 E2617.53155
G1 X143.499 Y132.28 E2617.53668
G1 X143.392 Y132.324 E2617.54053
G1 X110 Y132.324 E2618.65115
M204 S2000
G1 F2400 E2617.85115
;MESH:NONMESH
G0 F300 X110 Y132.324 Z3
G0 F9000 X110 Y132.625
G0 X79.899 Y132.525
G0 X80.707 Y131.492
G0 X80.97 Y131.414
G0 X81.626 Y130.963
G0 X82.14 Y130.354
G0 X82.475 Y129.633
G0 X82.594 Y128.927
G0 X80.018 Y94.951
G0 X79.899 Y94.065
;TIME_ELAPSED:3016.412374
;LAYER:14
M204 S500
;TYPE:WALL-OUTER
;MESH:raspberry pi 4 B bottom part case.stl
G1 F2400 E2618.65115
G1 F1967.2 X79.514 Y94.077 E2618.66287
G1 X79.186 Y94.032 E2618.67295
G1 F1972.6 X78.908 Y93.952 E2618.68173
G1 X78.536 Y93.779 E2618.69418
G1 F1978 X78.236 Y93.549 E2618.70562
G1 X78.022 Y93.326 E2618.71498
G1 F1956.5 X77.802 Y93.01 E2618.72676
G1 F1961.9 X77.65 Y92.654 E2618.73857
G1 F1967.2 X77.573 Y92.345 E2618.74826
G1 F1978 X77.542 Y92.042 E2618.75748
G1 X77.57 Y91.64 E2618.76968
G1 F1972.6 X77.672 Y91.284 E2618.78092
G1 X77.801 Y90.997 E2618.79047
G1 F1967.2 X77.977 Y90.728 E2618.80025
G1 F1978 X78.234 Y90.441 E2618.81191
G1 F1983.5 X78.535 Y90.227 E2618.82306
G1 F1978 X78.831 Y90.077 E2618.8331
G1 F1967.2 X79.128 Y89.979 E2618.84262
G1 X79.514 Y89.916 E2618.85452
G1 F1978 X79.892 Y89.936 E2618.86598
G1 F1989 X80.213 Y90.003 E2618.87585
G1 F1967.2 X80.557 Y90.134 E2618.88705
G1 F1956.5 X80.888 Y90.346 E2618.89908
G1 F1967.2 X81.119 Y90.555 E2618.90856
G1 F1983.5 X81.32 Y90.796 E2618.91803
G1 F1989 X81.517 Y91.129 E2618.92968
G1 F1978 X81.64 Y91.496 E2618.94139
G1 X81.694 Y91.828 E2618.95157
G1 F1967.2 X81.701 Y92.125 E2618.96062
G1 F1956.5 X81.644 Y92.514 E2618.97265
G1 F1972.6 X81.519 Y92.856 E2618.9837
G1 F1978 X81.359 Y93.144 E2618.99367
G1 F1961.9 X81.126 Y93.443 E2619.00524
G1 F1956.5 X80.829 Y93.694 E2619.01713
G1 F1967.2 X80.558 Y93.856 E2619.02674
G1 F1978 X80.275 Y93.975 E2619.03604
G1 X79.899 Y94.065 E2619.04774
M204 S2000
G0 F9000 X80.16 Y93.632
M204 S500
G1 F1994.5 X80.465 Y93.497 E2619.05775
G1 X80.783 Y93.266 E2619.06955
G1 X81.011 Y93.01 E2619.07984
G1 X81.186 Y92.71 E2619.09026
G1 F1989 X81.308 Y92.342 E2619.10193
G1 X81.34 Y92.018 E2619.11173
G1 F2000 X81.307 Y91.662 E2619.12243
G1 F1989 X81.189 Y91.29 E2619.13418
G1 X81.02 Y90.998 E2619.14434
G1 F2000 X80.769 Y90.718 E2619.15559
G1 F2005.6 X80.49 Y90.512 E2619.16595
G1 X80.163 Y90.366 E2619.17664
G1 F2000 X79.831 Y90.292 E2619.18682
G1 F1989 X79.435 Y90.29 E2619.19874
G1 F2000 X79.091 Y90.365 E2619.20928
G1 F1994.5 X78.75 Y90.517 E2619.22048
G1 F1983.5 X78.476 Y90.715 E2619.23069
G1 F1978 X78.257 Y90.96 E2619.24063
G1 X78.063 Y91.266 E2619.2516
G1 F1983.5 X77.939 Y91.659 E2619.26404
G1 X77.904 Y92.021 E2619.27502
G1 F1989 X77.94 Y92.337 E2619.28459
G1 F2000 X78.044 Y92.678 E2619.29526
G1 X78.232 Y93.004 E2619.30653
G1 F1994.5 X78.485 Y93.287 E2619.31792
G1 F1978 X78.74 Y93.474 E2619.32749
G1 X79.097 Y93.634 E2619.33933
G1 F2000 X79.44 Y93.707 E2619.34983
G1 F1989 X79.82 Y93.707 E2619.36127
G1 F1978 X80.16 Y93.632 E2619.37181
M204 S2000
G1 F2400 E2618.57181
G0 F9000 X80.276 Y130.727
M204 S500
G1 F2400 E2619.37181
G1 F1978 X79.9 Y130.813 E2619.38348
G1 F1967.2 X79.514 Y130.825 E2619.39523
G1 X79.19 Y130.78 E2619.40519
G1 F1978 X78.9 Y130.697 E2619.41432
G1 X78.536 Y130.526 E2619.42649
G1 X78.237 Y130.3 E2619.43783
G1 X78.022 Y130.075 E2619.44725
G1 F1956.5 X77.802 Y129.758 E2619.45906
G1 F1961.9 X77.65 Y129.402 E2619.47087
G1 F1967.2 X77.572 Y129.093 E2619.48057
G1 F1978 X77.542 Y128.793 E2619.4897
G1 X77.57 Y128.392 E2619.50186
G1 F1972.6 X77.675 Y128.023 E2619.51351
G1 X77.801 Y127.749 E2619.52266
G1 X77.977 Y127.479 E2619.53244
G1 X78.235 Y127.189 E2619.54422
G1 F1978 X78.546 Y126.968 E2619.55577
G1 F1972.6 X78.83 Y126.826 E2619.56541
G1 F1956.5 X79.194 Y126.71 E2619.5771
G1 F1961.9 X79.577 Y126.671 E2619.58884
G1 F1978 X79.893 Y126.685 E2619.59842
G1 X80.212 Y126.752 E2619.60828
G1 F1967.2 X80.556 Y126.885 E2619.61951
G1 F1956.5 X80.888 Y127.098 E2619.63158
G1 F1967.2 X81.119 Y127.307 E2619.64106
G1 F1978 X81.319 Y127.545 E2619.65047
G1 F1983.5 X81.517 Y127.88 E2619.66221
G1 X81.64 Y128.245 E2619.67384
G1 F1978 X81.694 Y128.576 E2619.68399
G1 F1967.2 X81.701 Y128.873 E2619.69303
G1 F1961.9 X81.645 Y129.262 E2619.70502
G1 F1972.6 X81.518 Y129.608 E2619.71621
G1 F1978 X81.359 Y129.895 E2619.72614
G1 F1956.5 X81.126 Y130.191 E2619.73767
G1 X80.829 Y130.442 E2619.74957
G1 F1967.2 X80.557 Y130.608 E2619.75926
G1 F1978 X80.276 Y130.727 E2619.7685
M204 S2000
G0 F9000 X80.16 Y130.383
M204 S500
G1 F1989 X80.467 Y130.245 E2619.77863
G1 X80.783 Y130.014 E2619.79041
G1 F1994.5 X81.011 Y129.759 E2619.80068
G1 X81.185 Y129.463 E2619.81099
G1 X81.308 Y129.094 E2619.82266
G1 X81.34 Y128.766 E2619.83256
G1 F2000 X81.307 Y128.41 E2619.84326
G1 F1989 X81.19 Y128.04 E2619.85494
G1 F1983.5 X81.02 Y127.748 E2619.86514
G1 F2000 X80.769 Y127.47 E2619.87635
G1 F2005.6 X80.49 Y127.264 E2619.8867
G1 F1994.5 X80.139 Y127.11 E2619.89821
G1 F1978 X79.831 Y127.043 E2619.90775
G1 F1989 X79.446 Y127.041 E2619.91934
G1 F2000 X79.092 Y127.116 E2619.93017
G1 F1994.5 X78.783 Y127.25 E2619.94028
G1 F1978 X78.477 Y127.465 E2619.9516
G1 X78.229 Y127.749 E2619.96301
G1 F2000 X78.052 Y128.05 E2619.97346
G1 F1994.5 X77.939 Y128.407 E2619.9847
G1 F1983.5 X77.904 Y128.769 E2619.99568
G1 F1989 X77.945 Y129.112 E2620.00608
G1 F2000 X78.045 Y129.426 E2620.01594
G1 X78.232 Y129.755 E2620.02727
G1 F1994.5 X78.477 Y130.029 E2620.0383
G1 F1978 X78.749 Y130.228 E2620.0485
G1 F1989 X79.098 Y130.385 E2620.06002
G1 F2000 X79.44 Y130.455 E2620.07047
G1 F1989 X79.82 Y130.455 E2620.08191
G1 F1983.5 X80.16 Y130.383 E2620.0924
M204 S2000
G1 F2400 E2619.2924
G0 F9000 X122.94 Y130.455
M204 S500
G1 F2400 E2620.0924
G1 F1989 X123.32 Y130.455 E2620.10384
G1 F1983.5 X123.66 Y130.383 E2620.11433
G1 F1989 X123.967 Y130.245 E2620.12446
G1 X124.282 Y130.015 E2620.1362
G1 X124.525 Y129.742 E2620.1472
G1 X124.686 Y129.462 E2620.15692
G1 F1994.5 X124.808 Y129.094 E2620.16856
G1 X124.84 Y128.766 E2620.17845
G1 F2000 X124.807 Y128.41 E2620.18916
G1 F1989 X124.69 Y128.04 E2620.20084
G1 F1983.5 X124.52 Y127.748 E2620.21103
G1 F2000 X124.269 Y127.47 E2620.22225
G1 F2005.6 X123.99 Y127.264 E2620.2326
G1 F1994.5 X123.639 Y127.11 E2620.2441
G1 F1978 X123.331 Y127.043 E2620.25364
G1 F1989 X122.946 Y127.041 E2620.26523
G1 F2000 X122.592 Y127.116 E2620.27607
G1 F1994.5 X122.283 Y127.25 E2620.28618
G1 F1978 X121.977 Y127.465 E2620.29749
G1 X121.729 Y127.749 E2620.30891
G1 F2000 X121.552 Y128.05 E2620.31936
G1 F1989 X121.439 Y128.41 E2620.33072
G1 F1978 X121.407 Y128.766 E2620.34153
G1 F1989 X121.445 Y129.112 E2620.35201
G1 F2000 X121.561 Y129.464 E2620.36311
G1 X121.732 Y129.752 E2620.37313
G1 F1989 X121.977 Y130.029 E2620.38426
G1 F1978 X122.249 Y130.228 E2620.39446
G1 F1989 X122.598 Y130.385 E2620.40598
G1 F2000 X122.94 Y130.455 E2620.41643
M204 S2000
G0 F9000 X122.69 Y130.78
M204 S500
G1 F1978 X122.4 Y130.697 E2620.42556
G1 X122.036 Y130.526 E2620.43774
G1 X121.737 Y130.3 E2620.44908
G1 X121.522 Y130.075 E2620.4585
G1 F1956.5 X121.302 Y129.758 E2620.47031
G1 F1961.9 X121.15 Y129.402 E2620.48212
G1 F1967.2 X121.073 Y129.093 E2620.49181
G1 F1972.6 X121.043 Y128.793 E2620.50096
G1 F1967.2 X121.07 Y128.392 E2620.51319
G1 F1972.6 X121.175 Y128.023 E2620.52483
G1 X121.301 Y127.749 E2620.53399
G1 X121.477 Y127.479 E2620.54377
G1 X121.735 Y127.189 E2620.55555
G1 F1978 X122.046 Y126.968 E2620.5671
G1 F1972.6 X122.33 Y126.826 E2620.57673
G1 F1956.5 X122.694 Y126.71 E2620.58842
G1 F1961.9 X123.077 Y126.671 E2620.60017
G1 F1978 X123.393 Y126.685 E2620.60975
G1 X123.712 Y126.752 E2620.61961
G1 F1967.2 X124.056 Y126.885 E2620.63084
G1 F1956.5 X124.388 Y127.098 E2620.64291
G1 F1967.2 X124.619 Y127.307 E2620.65239
G1 F1978 X124.819 Y127.545 E2620.6618
G1 F1983.5 X125.017 Y127.88 E2620.67354
G1 X125.14 Y128.245 E2620.68517
G1 F1978 X125.194 Y128.576 E2620.69532
G1 F1967.2 X125.201 Y128.873 E2620.70436
G1 F1961.9 X125.145 Y129.262 E2620.71635
G1 F1972.6 X125.018 Y129.608 E2620.72754
G1 F1978 X124.859 Y129.895 E2620.73747
G1 F1961.9 X124.626 Y130.191 E2620.74896
G1 F1956.5 X124.329 Y130.442 E2620.76086
G1 F1967.2 X124.057 Y130.608 E2620.77056
G1 F1978 X123.776 Y130.727 E2620.7798
G1 X123.4 Y130.813 E2620.79147
G1 F1967.2 X123.014 Y130.825 E2620.80322
G1 X122.69 Y130.78 E2620.81318
M204 S2000
G1 F2400 E2620.01318
G0 F9000 X122.94 Y93.707
M204 S500
G1 F2400 E2620.81318
G1 F1989 X123.32 Y93.707 E2620.82462
G1 F1978 X123.66 Y93.632 E2620.83515
G1 F1994.5 X123.965 Y93.497 E2620.84517
G1 X124.283 Y93.266 E2620.85696
G1 X124.526 Y92.995 E2620.86789
G1 F2000 X124.698 Y92.688 E2620.87842
G1 X124.808 Y92.342 E2620.88929
G1 F1989 X124.84 Y92.018 E2620.89909
G1 F2000 X124.807 Y91.662 E2620.90979
G1 F1989 X124.689 Y91.29 E2620.92154
G1 X124.52 Y90.998 E2620.9317
G1 F2000 X124.269 Y90.718 E2620.94295
G1 F2005.6 X123.99 Y90.512 E2620.95331
G1 X123.663 Y90.366 E2620.964
G1 F2000 X123.331 Y90.292 E2620.97418
G1 F1989 X122.935 Y90.29 E2620.9861
G1 F2000 X122.591 Y90.365 E2620.99664
G1 F1994.5 X122.25 Y90.517 E2621.00784
G1 F1983.5 X121.976 Y90.715 E2621.01805
G1 F1989 X121.729 Y90.997 E2621.02933
G1 F2000 X121.56 Y91.285 E2621.03933
G1 F1989 X121.438 Y91.662 E2621.05125
G1 F1972.6 X121.407 Y92.019 E2621.06213
G1 F1983.5 X121.445 Y92.36 E2621.07249
G1 F2000 X121.55 Y92.691 E2621.08288
G1 X121.732 Y93.004 E2621.09372
G1 F1994.5 X121.985 Y93.287 E2621.10511
G1 F1978 X122.24 Y93.474 E2621.11469
G1 X122.597 Y93.634 E2621.12653
G1 F2000 X122.94 Y93.707 E2621.13702
M204 S2000
G0 F9000 X123.014 Y94.077
M204 S500
G1 F1967.2 X122.686 Y94.032 E2621.1471
G1 F1972.6 X122.408 Y93.952 E2621.15588
G1 X122.036 Y93.779 E2621.16833
G1 F1978 X121.736 Y93.549 E2621.17977
G1 X121.522 Y93.326 E2621.18913
G1 F1956.5 X121.303 Y93.01 E2621.20089
G1 X121.15 Y92.654 E2621.21275
G1 F1967.2 X121.073 Y92.345 E2621.22244
G1 X121.043 Y92.041 E2621.23174
G1 X121.07 Y91.64 E2621.24397
G1 X121.172 Y91.284 E2621.25524
G1 F1972.6 X121.301 Y90.997 E2621.26479
G1 F1967.2 X121.477 Y90.728 E2621.27457
G1 F1978 X121.734 Y90.441 E2621.28623
G1 F1983.5 X122.035 Y90.227 E2621.29738
G1 F1978 X122.331 Y90.077 E2621.30742
G1 F1967.2 X122.628 Y89.979 E2621.31694
G1 X123.014 Y89.916 E2621.32884
G1 F1978 X123.392 Y89.936 E2621.3403
G1 F1989 X123.713 Y90.003 E2621.35017
G1 F1967.2 X124.057 Y90.134 E2621.36137
G1 F1956.5 X124.388 Y90.346 E2621.3734
G1 F1967.2 X124.619 Y90.555 E2621.38288
G1 F1983.5 X124.82 Y90.796 E2621.39235
G1 F1989 X125.017 Y91.129 E2621.404
G1 F1978 X125.14 Y91.496 E2621.41571
G1 X125.194 Y91.828 E2621.42589
G1 F1967.2 X125.201 Y92.125 E2621.43493
G1 F1956.5 X125.144 Y92.514 E2621.44696
G1 F1972.6 X125.019 Y92.856 E2621.45802
G1 F1978 X124.859 Y93.144 E2621.46799
G1 F1961.9 X124.626 Y93.443 E2621.47955
G1 F1956.5 X124.329 Y93.694 E2621.49145
G1 F1967.2 X124.058 Y93.856 E2621.50106
G1 F1978 X123.775 Y93.975 E2621.51035
G1 X123.399 Y94.065 E2621.52206
G1 F1967.2 X123.014 Y94.077 E2621.53378
M204 S2000
G1 F2400 E2620.73378
G0 F9000 X123.034 Y94.923
G0 X120.196 Y128.799
G0 X120.347 Y129.673
G0 X120.557 Y130.174
G0 X121.176 Y130.936
G0 X121.601 Y131.262
G0 X121.885 Y131.394
G0 X122.225 Y131.495
G0 X110 Y132.699
M204 S500
;TYPE:WALL-INNER
G1 F2400 E2621.53378
G1 F2063 X76.656 Y132.699 E2622.5014
G1 X76.401 Y132.654 E2622.50892
G1 F2069 X76.146 Y132.444 E2622.51848
G1 X76.049 Y132.206 E2622.52591
G1 X76.05 Y87.792 E2623.81109
G1 F2063 X76.218 Y87.465 E2623.82176
G1 F2069 X76.401 Y87.342 E2623.82814
G1 F2063 X76.656 Y87.297 E2623.83565
G1 F2057.1 X143.372 Y87.298 E2625.77726
G1 F2069 X143.595 Y87.342 E2625.78384
G1 X143.781 Y87.466 E2625.79031
G1 X143.901 Y87.648 E2625.79662
G1 X143.947 Y87.799 E2625.80119
G1 F2080.9 X143.943 Y132.18 E2627.07803
G1 F2069 X143.851 Y132.443 E2627.08609
G1 F2063 X143.691 Y132.603 E2627.09266
G1 F2069 X143.485 Y132.699 E2627.09923
G1 X110 Y132.699 E2628.06817
M204 S2000
G0 F9000 X110 Y133.048
M204 S500
G1 F2057.1 X143.356 Y133.048 E2629.03891
G1 X143.729 Y132.976 E2629.04997
G1 F2063 X144.029 Y132.774 E2629.06046
G1 F2057.1 X144.142 Y132.636 E2629.06565
G1 X144.297 Y132.253 E2629.07768
G1 F2063 X144.297 Y87.741 E2630.36939
G1 X144.141 Y87.361 E2630.38131
G1 F2069 X144.027 Y87.221 E2630.38654
G1 X143.729 Y87.021 E2630.39692
G1 F2063 X143.34 Y86.947 E2630.40841
G1 F2057.1 X76.492 Y86.948 E2632.35387
G1 F2063 X76.112 Y87.103 E2632.36578
G1 X75.97 Y87.219 E2632.3711
G1 F2069 X75.772 Y87.519 E2632.3815
G1 X75.699 Y87.76 E2632.38878
G1 X75.7 Y132.236 E2633.67576
G1 X75.774 Y132.482 E2633.68319
G1 X75.969 Y132.776 E2633.6934
G1 X76.267 Y132.975 E2633.70377
G1 F2063 X76.656 Y133.049 E2633.71526
G1 F2057.1 X110 Y133.048 E2634.68566
M204 S2000
G0 F9000 X110 Y133.424
M204 S500
;TYPE:WALL-OUTER
G1 F1800 X143.366 Y133.424 E2635.79541
G1 X143.624 Y133.398 E2635.80404
G1 X143.989 Y133.287 E2635.81673
G1 X144.294 Y133.041 E2635.82976
G1 X144.456 Y132.844 E2635.83824
G1 X144.569 Y132.628 E2635.84635
G1 X144.646 Y132.373 E2635.85521
G1 X144.672 Y132.114 E2635.86387
G1 X144.672 Y87.878 E2637.33516
G1 X144.647 Y87.624 E2637.34365
G1 X144.532 Y87.248 E2637.35673
G1 X144.293 Y86.955 E2637.36931
G1 X143.99 Y86.709 E2637.38229
G1 X143.624 Y86.598 E2637.39501
G1 X143.366 Y86.572 E2637.40363
G1 X76.63 Y86.572 E2639.62328
G1 X76.372 Y86.598 E2639.6319
G1 X76.004 Y86.71 E2639.6447
G1 X75.703 Y86.954 E2639.65759
G1 X75.46 Y87.261 E2639.67061
G1 X75.35 Y87.624 E2639.68322
G1 X75.324 Y87.878 E2639.69172
G1 X75.324 Y132.114 E2641.16301
G1 X75.35 Y132.372 E2641.17164
G1 X75.46 Y132.74 E2641.18441
G1 X75.703 Y133.041 E2641.19728
G1 X76.003 Y133.286 E2641.21016
G1 X76.372 Y133.398 E2641.22299
G1 X76.63 Y133.424 E2641.23161
G1 X110 Y133.424 E2642.3415
M204 S2000
G0 F9000 X110 Y133.125
G0 X110 Y132.625
G0 X110 Y132.324
M204 S500
G1 F1800 X76.604 Y132.324 E2643.45226
G1 X76.457 Y132.236 E2643.45796
G1 X76.427 Y132.162 E2643.46061
G1 X76.427 Y87.834 E2644.93497
G1 X76.497 Y87.716 E2644.93953
G1 X76.585 Y87.675 E2644.94276
G1 X143.416 Y87.673 E2647.16557
G1 X143.528 Y87.745 E2647.17
G1 X143.569 Y87.834 E2647.17325
G1 X143.572 Y132.144 E2648.64701
G1 X143.499 Y132.28 E2648.65215
G1 X143.392 Y132.324 E2648.65599
G1 X110 Y132.324 E2649.76662
M204 S2000
G1 F2400 E2648.96662
;MESH:NONMESH
G0 F300 X110 Y132.324 Z3.2
G0 F9000 X110 Y132.625
G0 X80.227 Y132.525
G0 X80.227 Y93.98
;TIME_ELAPSED:3052.672040
;LAYER:15
M204 S500
;TYPE:WALL-OUTER
;MESH:raspberry pi 4 B bottom part case.stl
G1 F2400 E2649.76662
G1 F2022.5 X79.89 Y94.051 E2649.77681
G1 X79.535 Y94.065 E2649.78733
G1 F2005.6 X79.186 Y94.022 E2649.79782
G1 F2000 X78.844 Y93.916 E2649.80854
G1 F2011.2 X78.538 Y93.763 E2649.81873
G1 F2022.5 X78.255 Y93.554 E2649.82914
G1 F2011.2 X78.016 Y93.299 E2649.83954
G1 F2000 X77.814 Y93.004 E2649.85025
G1 F2005.6 X77.677 Y92.696 E2649.86031
G1 F2011.2 X77.581 Y92.337 E2649.87137
G1 F2016.8 X77.55 Y92 E2649.88142
G1 F2022.5 X77.581 Y91.659 E2649.89155
G1 F2011.2 X77.677 Y91.3 E2649.90261
G1 X77.814 Y90.992 E2649.91265
G1 F2005.6 X78.016 Y90.697 E2649.92332
G1 F2011.2 X78.255 Y90.442 E2649.93373
G1 F2022.5 X78.538 Y90.233 E2649.94414
G1 F2011.2 X78.843 Y90.083 E2649.95426
G1 F2005.6 X79.186 Y89.976 E2649.96498
G1 F2011.2 X79.54 Y89.931 E2649.97561
G1 F2022.5 X79.889 Y89.945 E2649.98594
G1 X80.227 Y90.019 E2649.99619
G1 X80.552 Y90.149 E2650.00655
G1 F2005.6 X80.856 Y90.334 E2650.01717
G1 F2000 X81.117 Y90.568 E2650.02766
G1 F2011.2 X81.348 Y90.855 E2650.03863
G1 F2016.8 X81.505 Y91.138 E2650.04824
G1 X81.626 Y91.478 E2650.05895
G1 F2011.2 X81.685 Y91.827 E2650.06949
G1 F2005.6 X81.685 Y92.169 E2650.0797
G1 F2011.2 X81.626 Y92.518 E2650.09023
G1 F2022.5 X81.505 Y92.858 E2650.10092
G1 X81.339 Y93.156 E2650.11101
G1 F2011.2 X81.117 Y93.431 E2650.12153
G1 F2000 X80.857 Y93.662 E2650.13195
G1 X80.551 Y93.848 E2650.14266
G1 F2011.2 X80.227 Y93.98 E2650.15308
M204 S2000
G0 F9000 X80.138 Y93.635
M204 S500
G1 F2033.9 X80.483 Y93.483 E2650.16418
G1 X80.788 Y93.261 E2650.17528
G1 F2022.5 X81.023 Y92.988 E2650.18594
G1 X81.186 Y92.703 E2650.19566
G1 F2039.7 X81.302 Y92.345 E2650.20671
G1 F2045.5 X81.336 Y91.982 E2650.21738
G1 F2039.7 X81.304 Y91.662 E2650.22682
G1 F2033.9 X81.186 Y91.293 E2650.23822
G1 F2016.8 X81.036 Y91.029 E2650.24724
G1 F2022.5 X80.79 Y90.736 E2650.25856
G1 F2039.7 X80.483 Y90.513 E2650.2697
G1 X80.138 Y90.362 E2650.28075
G1 F2022.5 X79.828 Y90.295 E2650.29014
G1 F2033.9 X79.442 Y90.294 E2650.3015
G1 F2045.5 X79.077 Y90.374 E2650.31244
G1 F2039.7 X78.785 Y90.502 E2650.3218
G1 F2028.2 X78.484 Y90.713 E2650.33265
G1 X78.247 Y90.978 E2650.34314
G1 F2033.9 X78.054 Y91.305 E2650.35432
G1 F2039.7 X77.949 Y91.634 E2650.36446
G1 F2033.9 X77.907 Y91.98 E2650.37471
G1 X77.951 Y92.369 E2650.38624
G1 F2045.5 X78.055 Y92.695 E2650.39625
G1 X78.247 Y93.018 E2650.40725
G1 F2028.2 X78.484 Y93.283 E2650.41775
G1 X78.776 Y93.49 E2650.42831
G1 F2033.9 X79.077 Y93.623 E2650.438
G1 X79.427 Y93.701 E2650.44855
G1 X79.822 Y93.702 E2650.46018
G1 F2022.5 X80.138 Y93.635 E2650.46974
M204 S2000
G1 F2400 E2649.66974
G0 F9000 X80.228 Y130.729
M204 S500
G1 F2400 E2650.46974
G1 F2016.8 X79.889 Y130.802 E2650.48004
G1 F2011.2 X79.54 Y130.816 E2650.49043
G1 F2005.6 X79.187 Y130.771 E2650.50106
G1 F2011.2 X78.843 Y130.665 E2650.51177
G1 X78.539 Y130.514 E2650.52187
G1 X78.244 Y130.292 E2650.53287
G1 F2016.8 X78.016 Y130.05 E2650.54273
G1 F2005.6 X77.814 Y129.756 E2650.55338
G1 X77.677 Y129.448 E2650.56345
G1 F2011.2 X77.581 Y129.089 E2650.57451
G1 F2016.8 X77.55 Y128.748 E2650.58467
G1 F2022.5 X77.581 Y128.411 E2650.59469
G1 F2011.2 X77.677 Y128.048 E2650.60587
G1 X77.814 Y127.744 E2650.61579
G1 F2005.6 X78.016 Y127.446 E2650.62654
G1 F2016.8 X78.254 Y127.194 E2650.63683
G1 F2022.5 X78.538 Y126.985 E2650.64727
G1 F2005.6 X78.844 Y126.832 E2650.65748
G1 F1994.5 X79.187 Y126.725 E2650.66826
G1 F2000 X79.536 Y126.68 E2650.6788
G1 F2011.2 X79.889 Y126.694 E2650.68931
G1 X80.227 Y126.768 E2650.69961
G1 F2016.8 X80.551 Y126.9 E2650.71
G1 F2011.2 X80.857 Y127.086 E2650.72066
G1 F2000 X81.117 Y127.317 E2650.73107
G1 F2005.6 X81.339 Y127.592 E2650.74162
G1 F2022.5 X81.506 Y127.89 E2650.75173
G1 X81.626 Y128.226 E2650.76229
G1 F2011.2 X81.685 Y128.575 E2650.77283
G1 F2005.6 X81.685 Y128.921 E2650.78316
G1 F2011.2 X81.626 Y129.27 E2650.79369
G1 F2022.5 X81.505 Y129.61 E2650.80438
G1 X81.339 Y129.907 E2650.81445
G1 F2005.6 X81.117 Y130.179 E2650.82493
G1 F2000 X80.856 Y130.41 E2650.83536
G1 X80.551 Y130.599 E2650.8461
G1 F2011.2 X80.228 Y130.729 E2650.85647
M204 S2000
G0 F9000 X80.136 Y130.386
M204 S500
G1 F2033.9 X80.497 Y130.223 E2650.86813
G1 X80.78 Y130.011 E2650.87854
G1 X81 Y129.767 E2650.88821
G1 F2028.2 X81.186 Y129.455 E2650.89893
G1 F2039.7 X81.302 Y129.097 E2650.90997
G1 F2045.5 X81.336 Y128.73 E2650.92076
G1 F2039.7 X81.304 Y128.41 E2650.9302
G1 F2033.9 X81.186 Y128.043 E2650.94155
G1 X81.006 Y127.737 E2650.952
G1 X80.78 Y127.485 E2650.96196
G1 F2039.7 X80.483 Y127.265 E2650.97281
G1 F2033.9 X80.138 Y127.113 E2650.98391
G1 F2011.2 X79.828 Y127.046 E2650.99335
G1 F2022.5 X79.442 Y127.045 E2651.00478
G1 F2033.9 X79.077 Y127.125 E2651.01577
G1 X78.775 Y127.258 E2651.02549
G1 X78.468 Y127.481 E2651.03666
G1 X78.233 Y127.749 E2651.04715
G1 F2045.5 X78.055 Y128.052 E2651.05743
G1 X77.949 Y128.383 E2651.06761
G1 F2033.9 X77.907 Y128.768 E2651.07901
G1 F2028.2 X77.944 Y129.088 E2651.08852
G1 F2039.7 X78.055 Y129.443 E2651.09943
G1 X78.248 Y129.771 E2651.1106
G1 F2028.2 X78.484 Y130.031 E2651.12097
G1 F2022.5 X78.777 Y130.24 E2651.13162
G1 F2033.9 X79.096 Y130.381 E2651.14189
G1 X79.442 Y130.452 E2651.15229
G1 F2028.2 X79.82 Y130.451 E2651.16344
G1 F2022.5 X80.136 Y130.386 E2651.17299
M204 S2000
G1 F2400 E2650.37299
G0 F9000 X122.942 Y130.452
M204 S500
G1 F2400 E2651.17299
G1 F2028.2 X123.32 Y130.451 E2651.18415
G1 F2022.5 X123.636 Y130.386 E2651.1937
G1 F2033.9 X123.997 Y130.223 E2651.20536
G1 X124.279 Y130.012 E2651.21573
G1 X124.506 Y129.763 E2651.22565
G1 X124.686 Y129.455 E2651.23615
G1 F2039.7 X124.802 Y129.097 E2651.24719
G1 F2045.5 X124.836 Y128.73 E2651.25798
G1 F2039.7 X124.804 Y128.41 E2651.26742
G1 F2033.9 X124.686 Y128.043 E2651.27877
G1 X124.506 Y127.737 E2651.28922
G1 X124.28 Y127.485 E2651.29918
G1 F2039.7 X123.983 Y127.265 E2651.31003
G1 F2033.9 X123.638 Y127.113 E2651.32113
G1 F2011.2 X123.328 Y127.046 E2651.33057
G1 F2022.5 X122.942 Y127.045 E2651.34199
G1 F2033.9 X122.577 Y127.125 E2651.35299
G1 X122.275 Y127.258 E2651.36271
G1 X121.968 Y127.481 E2651.37387
G1 X121.733 Y127.749 E2651.38437
G1 F2045.5 X121.555 Y128.052 E2651.39465
G1 F2039.7 X121.443 Y128.41 E2651.40566
G1 F2022.5 X121.41 Y128.73 E2651.41519
G1 X121.443 Y129.086 E2651.42577
G1 F2033.9 X121.548 Y129.425 E2651.43621
G1 X121.727 Y129.739 E2651.44685
G1 F2022.5 X121.984 Y130.031 E2651.45837
G1 X122.277 Y130.24 E2651.46902
G1 F2033.9 X122.596 Y130.381 E2651.47929
G1 X122.942 Y130.452 E2651.48968
M204 S2000
G0 F9000 X122.687 Y130.771
M204 S500
G1 F2011.2 X122.343 Y130.665 E2651.5004
G1 X122.039 Y130.514 E2651.5105
G1 X121.744 Y130.292 E2651.52149
G1 X121.516 Y130.05 E2651.53139
G1 F2000 X121.314 Y129.756 E2651.54207
G1 X121.177 Y129.448 E2651.55216
G1 F2011.2 X121.082 Y129.089 E2651.56322
G1 X121.051 Y128.748 E2651.57341
G1 X121.081 Y128.411 E2651.58348
G1 X121.177 Y128.048 E2651.59466
G1 X121.314 Y127.744 E2651.60458
G1 F2005.6 X121.516 Y127.446 E2651.61533
G1 F2016.8 X121.754 Y127.194 E2651.62562
G1 F2022.5 X122.038 Y126.985 E2651.63606
G1 F2005.6 X122.344 Y126.832 E2651.64627
G1 F1994.5 X122.687 Y126.725 E2651.65705
G1 F2000 X123.036 Y126.68 E2651.66759
G1 F2011.2 X123.389 Y126.694 E2651.6781
G1 X123.727 Y126.768 E2651.6884
G1 F2016.8 X124.051 Y126.9 E2651.69879
G1 F2011.2 X124.357 Y127.086 E2651.70945
G1 F2000 X124.617 Y127.317 E2651.71986
G1 F2005.6 X124.839 Y127.592 E2651.73041
G1 F2022.5 X125.006 Y127.89 E2651.74052
G1 X125.126 Y128.226 E2651.75108
G1 F2011.2 X125.185 Y128.575 E2651.76162
G1 F2005.6 X125.185 Y128.921 E2651.77195
G1 F2011.2 X125.126 Y129.27 E2651.78248
G1 F2022.5 X125.005 Y129.61 E2651.79317
G1 X124.839 Y129.907 E2651.80324
G1 F2011.2 X124.617 Y130.179 E2651.81369
G1 F2000 X124.356 Y130.41 E2651.82412
G1 X124.051 Y130.599 E2651.83486
G1 F2011.2 X123.728 Y130.729 E2651.84523
G1 F2016.8 X123.389 Y130.802 E2651.85552
G1 F2011.2 X123.04 Y130.816 E2651.86592
G1 F2005.6 X122.687 Y130.771 E2651.87654
M204 S2000
G1 F2400 E2651.07654
G0 F9000 X122.927 Y93.701
M204 S500
G1 F2400 E2651.87654
G1 F2033.9 X123.322 Y93.702 E2651.88817
G1 F2022.5 X123.638 Y93.635 E2651.89773
G1 F2033.9 X123.983 Y93.483 E2651.90883
G1 X124.288 Y93.261 E2651.91993
G1 F2022.5 X124.522 Y92.989 E2651.93055
G1 F2033.9 X124.695 Y92.684 E2651.94088
G1 F2045.5 X124.797 Y92.371 E2651.95051
G1 F2039.7 X124.836 Y91.982 E2651.96199
G1 X124.804 Y91.662 E2651.97143
G1 F2033.9 X124.686 Y91.293 E2651.98283
G1 F2016.8 X124.536 Y91.029 E2651.99184
G1 F2022.5 X124.29 Y90.736 E2652.00317
G1 F2039.7 X123.983 Y90.513 E2652.0143
G1 X123.638 Y90.362 E2652.02536
G1 F2022.5 X123.328 Y90.295 E2652.03475
G1 F2033.9 X122.942 Y90.294 E2652.04611
G1 F2045.5 X122.577 Y90.374 E2652.05705
G1 F2039.7 X122.285 Y90.502 E2652.0664
G1 F2028.2 X121.984 Y90.713 E2652.07725
G1 X121.747 Y90.978 E2652.08775
G1 F2033.9 X121.554 Y91.305 E2652.09893
G1 F2039.7 X121.449 Y91.634 E2652.10906
G1 F2028.2 X121.41 Y91.982 E2652.1194
G1 F2022.5 X121.443 Y92.334 E2652.12986
G1 F2033.9 X121.555 Y92.691 E2652.14088
G1 F2045.5 X121.727 Y92.989 E2652.15095
G1 F2033.9 X121.984 Y93.283 E2652.16244
G1 F2028.2 X122.276 Y93.49 E2652.17301
G1 F2033.9 X122.577 Y93.623 E2652.18269
G1 X122.927 Y93.701 E2652.19325
M204 S2000
G0 F9000 X123.035 Y94.065
M204 S500
G1 F2005.6 X122.686 Y94.022 E2652.20375
G1 F2000 X122.344 Y93.916 E2652.21446
G1 F2011.2 X122.038 Y93.763 E2652.22465
G1 F2022.5 X121.755 Y93.554 E2652.23506
G1 F2011.2 X121.516 Y93.299 E2652.24547
G1 F2000 X121.314 Y93.004 E2652.25617
G1 F2005.6 X121.177 Y92.696 E2652.26623
G1 F2011.2 X121.082 Y92.337 E2652.27729
G1 X121.051 Y92 E2652.28736
G1 X121.082 Y91.659 E2652.29755
G1 X121.177 Y91.3 E2652.30861
G1 X121.314 Y90.992 E2652.31864
G1 F2005.6 X121.516 Y90.697 E2652.32931
G1 F2011.2 X121.755 Y90.442 E2652.33972
G1 F2022.5 X122.038 Y90.233 E2652.35013
G1 F2011.2 X122.343 Y90.083 E2652.36025
G1 F2005.6 X122.686 Y89.976 E2652.37098
G1 F2011.2 X123.04 Y89.931 E2652.3816
G1 F2022.5 X123.389 Y89.945 E2652.39194
G1 X123.727 Y90.019 E2652.40218
G1 X124.052 Y90.149 E2652.41254
G1 F2005.6 X124.356 Y90.334 E2652.42316
G1 F2000 X124.617 Y90.568 E2652.43366
G1 F2011.2 X124.848 Y90.855 E2652.44462
G1 F2016.8 X125.005 Y91.138 E2652.45423
G1 X125.126 Y91.478 E2652.46494
G1 F2011.2 X125.185 Y91.827 E2652.47548
G1 F2005.6 X125.185 Y92.169 E2652.48569
G1 F2011.2 X125.126 Y92.518 E2652.49623
G1 F2022.5 X125.006 Y92.858 E2652.5069
G1 X124.839 Y93.156 E2652.51701
G1 F2011.2 X124.617 Y93.431 E2652.52753
G1 F2000 X124.357 Y93.662 E2652.53794
G1 X124.051 Y93.848 E2652.54866
G1 F2011.2 X123.727 Y93.98 E2652.55908
G1 F2022.5 X123.39 Y94.051 E2652.56927
G1 X123.035 Y94.065 E2652.57979
M204 S2000
G1 F2400 E2651.77979
G0 F9000 X123.071 Y94.912
G0 X120.208 Y128.75
G0 X120.25 Y129.242
G0 X120.376 Y129.723
G0 X120.579 Y130.172
G0 X120.855 Y130.582
G0 X121.197 Y130.94
G0 X121.596 Y131.234
G0 X121.847 Y131.361
G0 X122.277 Y131.495
G0 X110 Y132.699
M204 S500
;TYPE:WALL-INNER
G1 F2400 E2652.57979
G1 F2063 X76.656 Y132.699 E2653.54741
G1 X76.401 Y132.654 E2653.55493
G1 F2069 X76.146 Y132.444 E2653.56449
G1 X76.049 Y132.206 E2653.57192
G1 X76.05 Y87.792 E2654.8571
G1 F2063 X76.218 Y87.465 E2654.86777
G1 F2069 X76.401 Y87.342 E2654.87415
G1 F2063 X76.656 Y87.297 E2654.88166
G1 F2057.1 X143.372 Y87.298 E2656.82327
G1 F2069 X143.595 Y87.342 E2656.82985
G1 X143.781 Y87.466 E2656.83632
G1 X143.901 Y87.648 E2656.84263
G1 X143.947 Y87.799 E2656.84719
G1 F2080.9 X143.943 Y132.18 E2658.12404
G1 F2074.9 X143.9 Y132.352 E2658.12915
G1 F2069 X143.782 Y132.527 E2658.13526
G1 X143.498 Y132.699 E2658.14487
G1 X110 Y132.699 E2659.11418
M204 S2000
G0 F9000 X110 Y133.048
M204 S500
G1 F2057.1 X143.356 Y133.048 E2660.08492
G1 X143.729 Y132.976 E2660.09598
G1 F2063 X144.029 Y132.774 E2660.10647
G1 F2057.1 X144.142 Y132.636 E2660.11167
G1 X144.297 Y132.253 E2660.12369
G1 F2063 X144.297 Y87.741 E2661.4154
G1 X144.141 Y87.361 E2661.42732
G1 F2069 X144.027 Y87.221 E2661.43255
G1 X143.729 Y87.021 E2661.44293
G1 F2063 X143.34 Y86.947 E2661.45443
G1 F2057.1 X76.492 Y86.948 E2663.39988
G1 F2063 X76.112 Y87.103 E2663.41179
G1 X75.97 Y87.219 E2663.41711
G1 F2069 X75.772 Y87.519 E2663.42751
G1 X75.699 Y87.76 E2663.43479
G1 X75.7 Y132.236 E2664.72177
G1 X75.774 Y132.482 E2664.7292
G1 X75.969 Y132.776 E2664.73941
G1 X76.267 Y132.975 E2664.74978
G1 F2063 X76.656 Y133.049 E2664.76127
G1 F2057.1 X110 Y133.048 E2665.73167
M204 S2000
G0 F9000 X110 Y133.424
M204 S500
;TYPE:WALL-OUTER
G1 F1800 X143.366 Y133.424 E2666.84142
G1 X143.624 Y133.398 E2666.85005
G1 X143.989 Y133.287 E2666.86274
G1 X144.294 Y133.041 E2666.87577
G1 X144.456 Y132.844 E2666.88425
G1 X144.569 Y132.628 E2666.89236
G1 X144.646 Y132.373 E2666.90122
G1 X144.672 Y132.114 E2666.90988
G1 X144.672 Y87.878 E2668.38117
G1 X144.647 Y87.624 E2668.38966
G1 X144.532 Y87.248 E2668.40274
G1 X144.293 Y86.955 E2668.41532
G1 X143.99 Y86.709 E2668.4283
G1 X143.624 Y86.598 E2668.44102
G1 X143.366 Y86.572 E2668.44964
G1 X76.63 Y86.572 E2670.66929
G1 X76.372 Y86.598 E2670.67792
G1 X76.004 Y86.71 E2670.69071
G1 X75.703 Y86.954 E2670.7036
G1 X75.46 Y87.261 E2670.71662
G1 X75.35 Y87.624 E2670.72924
G1 X75.324 Y87.878 E2670.73773
G1 X75.324 Y132.114 E2672.20902
G1 X75.35 Y132.372 E2672.21765
G1 X75.46 Y132.74 E2672.23042
G1 X75.703 Y133.041 E2672.24329
G1 X76.003 Y133.286 E2672.25617
G1 X76.372 Y133.398 E2672.269
G1 X76.63 Y133.424 E2672.27762
G1 X110 Y133.424 E2673.38751
M204 S2000
G0 F9000 X110 Y133.125
G0 X110 Y132.625
G0 X110 Y132.324
M204 S500
G1 F1800 X76.58 Y132.324 E2674.49907
G1 X76.457 Y132.236 E2674.5041
G1 X76.427 Y132.162 E2674.50675
G1 X76.427 Y87.834 E2675.98111
G1 X76.497 Y87.716 E2675.98567
G1 X76.585 Y87.675 E2675.9889
G1 X143.416 Y87.673 E2678.21171
G1 X143.528 Y87.745 E2678.21614
G1 X143.569 Y87.834 E2678.2194
G1 X143.572 Y132.144 E2679.69315
G1 X143.499 Y132.28 E2679.69829
G1 X143.392 Y132.324 E2679.70213
G1 X110 Y132.324 E2680.81276
M204 S2000
G1 F2400 E2680.01276
;MESH:NONMESH
G0 F300 X110 Y132.324 Z3.4
G0 F9000 X110 Y132.625
G0 X80.227 Y132.525
G0 X80.509 Y131.493
G0 X80.938 Y131.354
G0 X81.359 Y131.095
G0 X81.73 Y130.768
G0 X82.042 Y130.383
G0 X82.283 Y129.951
G0 X82.447 Y129.485
G0 X82.531 Y128.998
G0 X80.405 Y94.805
G0 X80.227 Y93.98
;TIME_ELAPSED:3088.913330
;LAYER:16
M204 S500
;TYPE:WALL-OUTER
;MESH:raspberry pi 4 B bottom part case.stl
G1 F2400 E2680.81276
G1 F2022.5 X79.89 Y94.051 E2680.82295
G1 X79.535 Y94.065 E2680.83347
G1 F2005.6 X79.186 Y94.022 E2680.84396
G1 F2000 X78.844 Y93.916 E2680.85468
G1 F2011.2 X78.538 Y93.763 E2680.86487
G1 F2022.5 X78.255 Y93.554 E2680.87528
G1 F2011.2 X78.016 Y93.299 E2680.88568
G1 F2000 X77.814 Y93.004 E2680.89639
G1 F2005.6 X77.677 Y92.696 E2680.90645
G1 F2011.2 X77.581 Y92.337 E2680.91751
G1 F2016.8 X77.55 Y92 E2680.92756
G1 F2022.5 X77.581 Y91.659 E2680.93769
G1 F2011.2 X77.677 Y91.3 E2680.94876
G1 X77.814 Y90.992 E2680.95879
G1 F2005.6 X78.016 Y90.697 E2680.96946
G1 F2011.2 X78.255 Y90.442 E2680.97987
G1 F2022.5 X78.538 Y90.233 E2680.99028
G1 F2011.2 X78.843 Y90.083 E2681.0004
G1 F2005.6 X79.186 Y89.976 E2681.01112
G1 F2011.2 X79.54 Y89.931 E2681.02175
G1 F2022.5 X79.889 Y89.945 E2681.03209
G1 X80.227 Y90.019 E2681.04233
G1 X80.552 Y90.149 E2681.05269
G1 F2005.6 X80.856 Y90.334 E2681.06331
G1 F2000 X81.117 Y90.568 E2681.07381
G1 F2011.2 X81.348 Y90.855 E2681.08477
G1 F2016.8 X81.505 Y91.138 E2681.09438
G1 X81.626 Y91.478 E2681.10509
G1 F2011.2 X81.685 Y91.827 E2681.11563
G1 F2005.6 X81.685 Y92.169 E2681.12584
G1 F2011.2 X81.626 Y92.518 E2681.13637
G1 F2022.5 X81.505 Y92.858 E2681.14706
G1 X81.339 Y93.156 E2681.15715
G1 F2011.2 X81.117 Y93.431 E2681.16768
G1 F2000 X80.857 Y93.662 E2681.17809
G1 X80.551 Y93.848 E2681.18881
G1 F2011.2 X80.227 Y93.98 E2681.19922
M204 S2000
G0 F9000 X80.138 Y93.635
M204 S500
G1 F2033.9 X80.483 Y93.483 E2681.21032
G1 X80.788 Y93.261 E2681.22142
G1 F2022.5 X81.023 Y92.988 E2681.23208
G1 X81.186 Y92.703 E2681.2418
G1 F2039.7 X81.302 Y92.345 E2681.25285
G1 F2045.5 X81.336 Y91.982 E2681.26352
G1 F2039.7 X81.304 Y91.662 E2681.27296
G1 F2033.9 X81.186 Y91.293 E2681.28436
G1 F2016.8 X81.036 Y91.029 E2681.29338
G1 F2022.5 X80.79 Y90.736 E2681.3047
G1 F2039.7 X80.483 Y90.513 E2681.31584
G1 X80.138 Y90.362 E2681.32689
G1 F2022.5 X79.828 Y90.295 E2681.33628
G1 F2033.9 X79.442 Y90.294 E2681.34764
G1 F2045.5 X79.077 Y90.374 E2681.35858
G1 F2039.7 X78.785 Y90.502 E2681.36794
G1 F2028.2 X78.484 Y90.713 E2681.37879
G1 X78.247 Y90.978 E2681.38928
G1 F2033.9 X78.054 Y91.305 E2681.40046
G1 F2039.7 X77.949 Y91.634 E2681.4106
G1 F2033.9 X77.907 Y91.98 E2681.42086
G1 X77.951 Y92.369 E2681.43238
G1 F2045.5 X78.055 Y92.695 E2681.44239
G1 X78.247 Y93.018 E2681.45339
G1 F2028.2 X78.484 Y93.283 E2681.46389
G1 X78.776 Y93.49 E2681.47445
G1 F2033.9 X79.077 Y93.623 E2681.48414
G1 X79.427 Y93.701 E2681.49469
G1 X79.822 Y93.702 E2681.50632
G1 F2022.5 X80.138 Y93.635 E2681.51588
M204 S2000
G1 F2400 E2680.71588
G0 F9000 X80.228 Y130.729
M204 S500
G1 F2400 E2681.51588
G1 F2016.8 X79.889 Y130.802 E2681.52618
G1 F2011.2 X79.54 Y130.816 E2681.53657
G1 F2005.6 X79.187 Y130.771 E2681.5472
G1 F2011.2 X78.843 Y130.665 E2681.55791
G1 X78.539 Y130.514 E2681.56802
G1 X78.244 Y130.292 E2681.57901
G1 F2016.8 X78.016 Y130.05 E2681.58888
G1 F2005.6 X77.814 Y129.756 E2681.59952
G1 X77.677 Y129.448 E2681.60959
G1 F2011.2 X77.581 Y129.089 E2681.62065
G1 F2016.8 X77.55 Y128.748 E2681.63081
G1 F2022.5 X77.581 Y128.411 E2681.64083
G1 F2011.2 X77.677 Y128.048 E2681.65201
G1 X77.814 Y127.744 E2681.66193
G1 F2005.6 X78.016 Y127.446 E2681.67268
G1 F2016.8 X78.254 Y127.194 E2681.68297
G1 F2022.5 X78.538 Y126.985 E2681.69341
G1 F2005.6 X78.844 Y126.832 E2681.70362
G1 F1994.5 X79.187 Y126.725 E2681.71441
G1 F2000 X79.536 Y126.68 E2681.72494
G1 F2011.2 X79.889 Y126.694 E2681.73546
G1 X80.227 Y126.768 E2681.74576
G1 F2016.8 X80.551 Y126.9 E2681.75614
G1 F2011.2 X80.857 Y127.086 E2681.7668
G1 F2000 X81.117 Y127.317 E2681.77721
G1 F2005.6 X81.339 Y127.592 E2681.78776
G1 F2022.5 X81.506 Y127.89 E2681.79787
G1 X81.626 Y128.226 E2681.80843
G1 F2011.2 X81.685 Y128.575 E2681.81897
G1 F2005.6 X81.685 Y128.921 E2681.8293
G1 F2011.2 X81.626 Y129.27 E2681.83984
G1 F2022.5 X81.505 Y129.61 E2681.85052
G1 X81.339 Y129.907 E2681.86059
G1 F2005.6 X81.117 Y130.179 E2681.87107
G1 F2000 X80.856 Y130.41 E2681.8815
G1 X80.551 Y130.599 E2681.89224
G1 F2011.2 X80.228 Y130.729 E2681.90261
M204 S2000
G0 F9000 X80.136 Y130.386
M204 S500
G1 F2033.9 X80.497 Y130.223 E2681.91427
G1 X80.78 Y130.011 E2681.92468
G1 X81 Y129.767 E2681.93435
G1 F2028.2 X81.186 Y129.455 E2681.94507
G1 F2039.7 X81.302 Y129.097 E2681.95612
G1 F2045.5 X81.336 Y128.73 E2681.9669
G1 F2039.7 X81.304 Y128.41 E2681.97634
G1 F2033.9 X81.186 Y128.043 E2681.98769
G1 X81.006 Y127.737 E2681.99814
G1 X80.78 Y127.485 E2682.0081
G1 F2039.7 X80.483 Y127.265 E2682.01895
G1 F2033.9 X80.138 Y127.113 E2682.03005
G1 F2011.2 X79.828 Y127.046 E2682.03949
G1 F2022.5 X79.442 Y127.045 E2682.05092
G1 F2033.9 X79.077 Y127.125 E2682.06192
G1 X78.775 Y127.258 E2682.07163
G1 X78.468 Y127.481 E2682.0828
G1 X78.233 Y127.749 E2682.09329
G1 F2045.5 X78.055 Y128.052 E2682.10358
G1 X77.949 Y128.383 E2682.11375
G1 F2033.9 X77.907 Y128.768 E2682.12515
G1 F2028.2 X77.944 Y129.088 E2682.13466
G1 F2039.7 X78.055 Y129.443 E2682.14557
G1 X78.248 Y129.771 E2682.15674
G1 F2028.2 X78.484 Y130.031 E2682.16711
G1 F2022.5 X78.777 Y130.24 E2682.17776
G1 F2033.9 X79.096 Y130.381 E2682.18803
G1 X79.442 Y130.452 E2682.19843
G1 F2028.2 X79.82 Y130.451 E2682.20958
G1 F2022.5 X80.136 Y130.386 E2682.21913
M204 S2000
G1 F2400 E2681.41913
G0 F9000 X122.942 Y130.452
M204 S500
G1 F2400 E2682.21913
G1 F2028.2 X123.32 Y130.451 E2682.23029
G1 F2022.5 X123.636 Y130.386 E2682.23984
G1 F2033.9 X123.997 Y130.223 E2682.2515
G1 X124.279 Y130.012 E2682.26187
G1 X124.506 Y129.763 E2682.27179
G1 X124.686 Y129.455 E2682.28229
G1 F2039.7 X124.802 Y129.097 E2682.29333
G1 F2045.5 X124.836 Y128.73 E2682.30412
G1 F2039.7 X124.804 Y128.41 E2682.31356
G1 F2033.9 X124.686 Y128.043 E2682.32491
G1 X124.506 Y127.737 E2682.33536
G1 X124.28 Y127.485 E2682.34532
G1 F2039.7 X123.983 Y127.265 E2682.35617
G1 F2033.9 X123.638 Y127.113 E2682.36727
G1 F2011.2 X123.328 Y127.046 E2682.37671
G1 F2022.5 X122.942 Y127.045 E2682.38813
G1 F2033.9 X122.577 Y127.125 E2682.39913
G1 X122.275 Y127.258 E2682.40885
G1 X121.968 Y127.481 E2682.42002
G1 X121.733 Y127.749 E2682.43051
G1 F2045.5 X121.555 Y128.052 E2682.44079
G1 F2039.7 X121.443 Y128.41 E2682.4518
G1 F2022.5 X121.41 Y128.73 E2682.46133
G1 X121.443 Y129.086 E2682.47191
G1 F2033.9 X121.548 Y129.425 E2682.48236
G1 X121.727 Y129.739 E2682.49299
G1 F2022.5 X121.984 Y130.031 E2682.50451
G1 X122.277 Y130.24 E2682.51516
G1 F2033.9 X122.596 Y130.381 E2682.52543
G1 X122.942 Y130.452 E2682.53583
M204 S2000
G0 F9000 X122.687 Y130.771
M204 S500
G1 F2011.2 X122.343 Y130.665 E2682.54654
G1 X122.039 Y130.514 E2682.55665
G1 X121.744 Y130.292 E2682.56764
G1 X121.516 Y130.05 E2682.57753
G1 F2000 X121.314 Y129.756 E2682.58821
G1 X121.177 Y129.448 E2682.5983
G1 F2011.2 X121.082 Y129.089 E2682.60936
G1 X121.051 Y128.748 E2682.61955
G1 X121.081 Y128.411 E2682.62962
G1 X121.177 Y128.048 E2682.6408
G1 X121.314 Y127.744 E2682.65072
G1 F2005.6 X121.516 Y127.446 E2682.66147
G1 F2016.8 X121.754 Y127.194 E2682.67176
G1 F2022.5 X122.038 Y126.985 E2682.6822
G1 F2005.6 X122.344 Y126.832 E2682.69241
G1 F1994.5 X122.687 Y126.725 E2682.70319
G1 F2000 X123.036 Y126.68 E2682.71373
G1 F2011.2 X123.389 Y126.694 E2682.72424
G1 X123.727 Y126.768 E2682.73454
G1 F2016.8 X124.051 Y126.9 E2682.74493
G1 F2011.2 X124.357 Y127.086 E2682.75559
G1 F2000 X124.617 Y127.317 E2682.766
G1 F2005.6 X124.839 Y127.592 E2682.77655
G1 F2022.5 X125.006 Y127.89 E2682.78666
G1 X125.126 Y128.226 E2682.79722
G1 F2011.2 X125.185 Y128.575 E2682.80776
G1 F2005.6 X125.185 Y128.921 E2682.81809
G1 F2011.2 X125.126 Y129.27 E2682.82863
G1 F2022.5 X125.005 Y129.61 E2682.83931
G1 X124.839 Y129.907 E2682.84938
G1 F2011.2 X124.617 Y130.179 E2682.85983
G1 F2000 X124.356 Y130.41 E2682.87026
G1 X124.051 Y130.599 E2682.88101
G1 F2011.2 X123.728 Y130.729 E2682.89137
G1 F2016.8 X123.389 Y130.802 E2682.90166
G1 F2011.2 X123.04 Y130.816 E2682.91206
G1 F2005.6 X122.687 Y130.771 E2682.92268
M204 S2000
G1 F2400 E2682.12268
G0 F9000 X122.927 Y93.701
M204 S500
G1 F2400 E2682.92268
G1 F2033.9 X123.322 Y93.702 E2682.93431
G1 F2022.5 X123.638 Y93.635 E2682.94387
G1 F2033.9 X123.983 Y93.483 E2682.95497
G1 X124.288 Y93.261 E2682.96607
G1 F2022.5 X124.522 Y92.989 E2682.97669
G1 F2033.9 X124.695 Y92.684 E2682.98702
G1 F2045.5 X124.797 Y92.371 E2682.99665
G1 F2039.7 X124.836 Y91.982 E2683.00813
G1 X124.804 Y91.662 E2683.01757
G1 F2033.9 X124.686 Y91.293 E2683.02897
G1 F2016.8 X124.536 Y91.029 E2683.03798
G1 F2022.5 X124.29 Y90.736 E2683.04931
G1 F2039.7 X123.983 Y90.513 E2683.06045
G1 X123.638 Y90.362 E2683.0715
G1 F2022.5 X123.328 Y90.295 E2683.08089
G1 F2033.9 X122.942 Y90.294 E2683.09225
G1 F2045.5 X122.577 Y90.374 E2683.10319
G1 F2039.7 X122.285 Y90.502 E2683.11254
G1 F2028.2 X121.984 Y90.713 E2683.1234
G1 X121.747 Y90.978 E2683.13389
G1 F2033.9 X121.554 Y91.305 E2683.14507
G1 F2039.7 X121.449 Y91.634 E2683.1552
G1 F2028.2 X121.41 Y91.982 E2683.16554
G1 F2022.5 X121.443 Y92.334 E2683.17601
G1 F2033.9 X121.555 Y92.691 E2683.18702
G1 F2045.5 X121.727 Y92.989 E2683.19709
G1 F2033.9 X121.984 Y93.283 E2683.20858
G1 F2028.2 X122.276 Y93.49 E2683.21915
G1 F2033.9 X122.577 Y93.623 E2683.22884
G1 X122.927 Y93.701 E2683.23939
M204 S2000
G0 F9000 X123.035 Y94.065
M204 S500
G1 F2005.6 X122.686 Y94.022 E2683.24989
G1 F2000 X122.344 Y93.916 E2683.26061
G1 F2011.2 X122.038 Y93.763 E2683.27079
G1 F2022.5 X121.755 Y93.554 E2683.2812
G1 F2011.2 X121.516 Y93.299 E2683.29161
G1 F2000 X121.314 Y93.004 E2683.30231
G1 F2005.6 X121.177 Y92.696 E2683.31237
G1 F2011.2 X121.082 Y92.337 E2683.32343
G1 X121.051 Y92 E2683.3335
G1 X121.082 Y91.659 E2683.34369
G1 X121.177 Y91.3 E2683.35475
G1 X121.314 Y90.992 E2683.36478
G1 F2005.6 X121.516 Y90.697 E2683.37546
G1 F2011.2 X121.755 Y90.442 E2683.38586
G1 F2022.5 X122.038 Y90.233 E2683.39627
G1 F2011.2 X122.343 Y90.083 E2683.40639
G1 F2005.6 X122.686 Y89.976 E2683.41712
G1 F2011.2 X123.04 Y89.931 E2683.42774
G1 F2022.5 X123.389 Y89.945 E2683.43808
G1 X123.727 Y90.019 E2683.44832
G1 X124.052 Y90.149 E2683.45868
G1 F2005.6 X124.356 Y90.334 E2683.4693
G1 F2000 X124.617 Y90.568 E2683.4798
G1 F2011.2 X124.848 Y90.855 E2683.49076
G1 F2016.8 X125.005 Y91.138 E2683.50037
G1 X125.126 Y91.478 E2683.51108
G1 F2011.2 X125.185 Y91.827 E2683.52162
G1 F2005.6 X125.185 Y92.169 E2683.53183
G1 F2011.2 X125.126 Y92.518 E2683.54237
G1 F2022.5 X125.006 Y92.858 E2683.55304
G1 X124.839 Y93.156 E2683.56315
G1 F2011.2 X124.617 Y93.431 E2683.57367
G1 F2000 X124.357 Y93.662 E2683.58408
G1 X124.051 Y93.848 E2683.5948
G1 F2011.2 X123.727 Y93.98 E2683.60522
G1 F2022.5 X123.39 Y94.051 E2683.61541
G1 X123.035 Y94.065 E2683.62593
M204 S2000
G1 F2400 E2682.82593
G0 F9000 X123.071 Y94.912
G0 X120.208 Y128.75
G0 X120.25 Y129.242
G0 X120.376 Y129.723
G0 X120.579 Y130.172
G0 X120.855 Y130.582
G0 X121.197 Y130.94
G0 X121.596 Y131.234
G0 X121.847 Y131.361
G0 X122.277 Y131.495
G0 X110 Y132.699
M204 S500
;TYPE:WALL-INNER
G1 F2400 E2683.62593
G1 F2063 X76.656 Y132.699 E2684.59355
G1 X76.401 Y132.654 E2684.60107
G1 F2069 X76.146 Y132.444 E2684.61063
G1 X76.049 Y132.206 E2684.61806
G1 X76.05 Y87.792 E2685.90324
G1 F2063 X76.218 Y87.465 E2685.91391
G1 F2069 X76.401 Y87.342 E2685.92029
G1 F2063 X76.656 Y87.297 E2685.9278
G1 F2057.1 X143.34 Y87.297 E2687.86848
G1 F2063 X143.595 Y87.342 E2687.876
G1 F2069 X143.781 Y87.466 E2687.88247
G1 X143.901 Y87.648 E2687.88877
G1 X143.947 Y87.799 E2687.89334
G1 F2080.9 X143.943 Y132.18 E2689.17018
G1 F2074.9 X143.9 Y132.352 E2689.1753
G1 F2069 X143.782 Y132.527 E2689.18141
G1 X143.498 Y132.699 E2689.19101
G1 X110 Y132.699 E2690.16032
M204 S2000
G0 F9000 X110 Y133.048
M204 S500
G1 F2057.1 X143.356 Y133.048 E2691.13107
G1 X143.729 Y132.976 E2691.14213
G1 F2063 X144.029 Y132.774 E2691.15262
G1 F2057.1 X144.142 Y132.636 E2691.15781
G1 X144.297 Y132.253 E2691.16984
G1 F2063 X144.297 Y87.741 E2692.46155
G1 X144.141 Y87.361 E2692.47347
G1 F2069 X144.027 Y87.221 E2692.4787
G1 X143.729 Y87.021 E2692.48908
G1 F2063 X143.34 Y86.947 E2692.50057
G1 F2057.1 X76.492 Y86.948 E2694.44602
G1 F2063 X76.112 Y87.103 E2694.45793
G1 X75.97 Y87.219 E2694.46325
G1 F2069 X75.772 Y87.519 E2694.47365
G1 X75.699 Y87.76 E2694.48094
G1 X75.7 Y132.236 E2695.76791
G1 X75.774 Y132.482 E2695.77535
G1 X75.969 Y132.776 E2695.78556
G1 X76.267 Y132.975 E2695.79592
G1 F2063 X76.656 Y133.049 E2695.80741
G1 F2057.1 X110 Y133.048 E2696.77781
M204 S2000
G0 F9000 X110 Y133.424
M204 S500
;TYPE:WALL-OUTER
G1 F1800 X143.366 Y133.424 E2697.88757
G1 X143.624 Y133.398 E2697.89619
G1 X143.989 Y133.287 E2697.90888
G1 X144.294 Y133.041 E2697.92192
G1 X144.456 Y132.844 E2697.9304
G1 X144.569 Y132.628 E2697.93851
G1 X144.646 Y132.373 E2697.94737
G1 X144.672 Y132.114 E2697.95602
G1 X144.672 Y87.878 E2699.42732
G1 X144.647 Y87.624 E2699.43581
G1 X144.532 Y87.248 E2699.44889
G1 X144.293 Y86.955 E2699.46146
G1 X143.99 Y86.709 E2699.47444
G1 X143.624 Y86.598 E2699.48716
G1 X143.366 Y86.572 E2699.49579
G1 X76.63 Y86.572 E2701.71544
G1 X76.372 Y86.598 E2701.72406
G1 X76.004 Y86.71 E2701.73686
G1 X75.703 Y86.954 E2701.74974
G1 X75.46 Y87.261 E2701.76277
G1 X75.35 Y87.624 E2701.77538
G1 X75.324 Y87.878 E2701.78387
G1 X75.324 Y132.114 E2703.25517
G1 X75.35 Y132.372 E2703.26379
G1 X75.46 Y132.74 E2703.27657
G1 X75.703 Y133.041 E2703.28944
G1 X76.003 Y133.286 E2703.30232
G1 X76.372 Y133.398 E2703.31514
G1 X76.63 Y133.424 E2703.32377
G1 X110 Y133.424 E2704.43366
M204 S2000
G0 F9000 X110 Y133.125
G0 X110 Y132.625
G0 X110 Y132.324
M204 S500
G1 F1800 X76.604 Y132.324 E2705.54441
G1 X76.457 Y132.236 E2705.55011
G1 X76.427 Y132.162 E2705.55277
G1 X76.427 Y87.834 E2707.02712
G1 X76.497 Y87.716 E2707.03169
G1 X76.585 Y87.675 E2707.03492
G1 X143.416 Y87.673 E2709.25772
G1 X143.528 Y87.745 E2709.26215
G1 X143.569 Y87.834 E2709.26541
G1 X143.572 Y132.144 E2710.73917
G1 X143.499 Y132.28 E2710.7443
G1 X143.392 Y132.324 E2710.74815
G1 X110 Y132.324 E2711.85877
M204 S2000
;MESH:NONMESH
G0 F300 X110 Y132.324 Z3.6
G0 F9000 X110 Y132.699
;TIME_ELAPSED:3124.057008
;LAYER:17
M204 S500
;TYPE:WALL-INNER
;MESH:raspberry pi 4 B bottom part case.stl
G1 F2063 X76.656 Y132.699 E2712.8264
G1 X76.401 Y132.654 E2712.83391
G1 F2069 X76.146 Y132.444 E2712.84347
G1 X76.049 Y132.206 E2712.85091
G1 X76.05 Y87.792 E2714.13609
G1 F2063 X76.218 Y87.465 E2714.14675
G1 F2069 X76.401 Y87.342 E2714.15313
G1 X76.548 Y87.297 E2714.15758
G1 X143.447 Y87.298 E2716.09339
G1 X143.595 Y87.342 E2716.09786
G1 X143.781 Y87.466 E2716.10433
G1 X143.901 Y87.648 E2716.11064
G1 X143.947 Y87.799 E2716.11521
G1 F2080.9 X143.943 Y132.18 E2717.39205
G1 F2074.9 X143.9 Y132.352 E2717.39716
G1 F2069 X143.782 Y132.527 E2717.40327
G1 X143.498 Y132.699 E2717.41288
G1 X110 Y132.699 E2718.38219
M204 S2000
G0 F9000 X110 Y133.048
M204 S500
G1 F2057.1 X143.356 Y133.048 E2719.35293
G1 X143.729 Y132.976 E2719.36399
G1 F2063 X144.029 Y132.774 E2719.37449
G1 F2057.1 X144.142 Y132.636 E2719.37968
G1 X144.297 Y132.253 E2719.3917
G1 F2063 X144.297 Y87.741 E2720.68341
G1 X144.141 Y87.361 E2720.69534
G1 F2069 X144.027 Y87.221 E2720.70056
G1 X143.729 Y87.021 E2720.71094
G1 X143.49 Y86.947 E2720.71818
G1 F2057.1 X109.122 Y86.947 E2721.71838
G1 F2074.9 X108.845 Y86.956 E2721.72638
G1 F2093 X104.362 Y86.959 E2721.85461
G1 F2080.9 X103.946 Y86.947 E2721.86658
G1 F2057.1 X76.492 Y86.948 E2722.66557
G1 F2063 X76.112 Y87.103 E2722.67748
G1 X75.97 Y87.219 E2722.6828
G1 F2069 X75.772 Y87.519 E2722.6932
G1 X75.699 Y87.76 E2722.70048
G1 X75.7 Y132.236 E2723.98746
G1 X75.774 Y132.482 E2723.99489
G1 X75.969 Y132.776 E2724.0051
G1 X76.267 Y132.975 E2724.01547
G1 F2063 X76.656 Y133.049 E2724.02696
G1 F2057.1 X110 Y133.048 E2724.99736
M204 S2000
G0 F9000 X110 Y133.424
M204 S500
;TYPE:WALL-OUTER
G1 F1800 X143.366 Y133.424 E2726.10711
G1 X143.624 Y133.398 E2726.11574
G1 X143.989 Y133.287 E2726.12843
G1 X144.294 Y133.041 E2726.14146
G1 X144.456 Y132.844 E2726.14994
G1 X144.569 Y132.628 E2726.15805
G1 X144.646 Y132.373 E2726.16691
G1 X144.672 Y132.114 E2726.17557
G1 X144.672 Y87.878 E2727.64686
G1 X144.647 Y87.624 E2727.65535
G1 X144.532 Y87.248 E2727.66843
G1 X144.293 Y86.955 E2727.68101
G1 X143.99 Y86.709 E2727.69399
G1 X143.624 Y86.598 E2727.70671
G1 X143.366 Y86.572 E2727.71533
G1 X109.105 Y86.572 E2728.85486
G1 X108.845 Y86.584 E2728.86351
G1 X104.376 Y86.588 E2729.01215
G1 X103.946 Y86.572 E2729.02647
G1 X76.63 Y86.572 E2729.935
G1 X76.372 Y86.598 E2729.94362
G1 X76.004 Y86.71 E2729.95642
G1 X75.703 Y86.954 E2729.96931
G1 X75.46 Y87.261 E2729.98233
G1 X75.35 Y87.624 E2729.99494
G1 X75.324 Y87.878 E2730.00344
G1 X75.324 Y132.114 E2731.47473
G1 X75.35 Y132.372 E2731.48336
G1 X75.46 Y132.74 E2731.49613
G1 X75.703 Y133.041 E2731.509
G1 X76.003 Y133.286 E2731.52188
G1 X76.372 Y133.398 E2731.53471
G1 X76.63 Y133.424 E2731.54333
G1 X110 Y133.424 E2732.65322
M204 S2000
G0 F9000 X110 Y133.125
G0 X110 Y132.625
G0 X110 Y132.324
M204 S500
G1 F1800 X76.604 Y132.324 E2733.76398
G1 X76.457 Y132.236 E2733.76968
G1 X76.427 Y132.162 E2733.77233
G1 X76.427 Y87.834 E2735.24669
G1 X76.497 Y87.716 E2735.25125
G1 X76.585 Y87.675 E2735.25448
G1 X143.416 Y87.673 E2737.47729
G1 X143.528 Y87.745 E2737.48172
G1 X143.569 Y87.834 E2737.48497
G1 X143.572 Y132.144 E2738.95873
G1 X143.499 Y132.28 E2738.96387
G1 X143.392 Y132.324 E2738.96771
G1 X110 Y132.324 E2740.07834
M204 S2000
;MESH:NONMESH
G0 F300 X110 Y132.324 Z3.8
G0 F9000 X110 Y132.699
;TIME_ELAPSED:3152.923805
;LAYER:18
M204 S500
;TYPE:WALL-INNER
;MESH:raspberry pi 4 B bottom part case.stl
G1 F2063 X76.656 Y132.699 E2741.04596
G1 X76.401 Y132.654 E2741.05347
G1 F2069 X76.146 Y132.444 E2741.06303
G1 X76.049 Y132.206 E2741.07047
G1 X76.05 Y87.792 E2742.35565
G1 F2063 X76.218 Y87.465 E2742.36632
G1 F2069 X76.401 Y87.342 E2742.3727
G1 X76.548 Y87.297 E2742.37715
G1 X93.652 Y87.297 E2742.87207
G1 F2099.1 X94.209 Y87.304 E2742.88796
G1 F2093 X103.558 Y87.297 E2743.15538
G1 F2168.7 X104.337 Y87.315 E2743.17689
G1 F2278.5 X108.793 Y87.313 E2743.29397
G1 F2155.7 X109.514 Y87.297 E2743.314
G1 F2057.1 X143.447 Y87.298 E2744.30154
G1 F2069 X143.595 Y87.342 E2744.30601
G1 X143.781 Y87.466 E2744.31247
G1 X143.901 Y87.648 E2744.31878
G1 X143.947 Y87.799 E2744.32335
G1 F2080.9 X143.943 Y132.18 E2745.60019
G1 F2074.9 X143.9 Y132.352 E2745.60531
G1 F2069 X143.782 Y132.527 E2745.61142
G1 X143.498 Y132.699 E2745.62102
G1 X110 Y132.699 E2746.59033
M204 S2000
G0 F9000 X110 Y133.048
M204 S500
G1 F2057.1 X143.356 Y133.048 E2747.56108
G1 X143.729 Y132.976 E2747.57213
G1 F2063 X144.029 Y132.774 E2747.58263
G1 F2057.1 X144.142 Y132.636 E2747.58782
G1 X144.297 Y132.253 E2747.59984
G1 F2063 X144.297 Y87.741 E2748.89156
G1 X144.141 Y87.361 E2748.90348
G1 F2069 X144.027 Y87.221 E2748.9087
G1 X143.729 Y87.021 E2748.91909
G1 X143.489 Y86.947 E2748.92636
G1 F2057.1 X109.503 Y86.948 E2749.91544
G1 F2093 X109.135 Y86.967 E2749.92598
G1 F2188.4 X108.861 Y86.993 E2749.93351
G1 F2264.2 X104.265 Y86.998 E2750.05503
G1 F2201.8 X103.927 Y86.966 E2750.06427
G1 F2093 X103.558 Y86.947 E2750.07483
G1 F2057.1 X99.354 Y86.947 E2750.19718
G1 F2093 X98.829 Y86.965 E2750.21221
G1 F2136.5 X94.178 Y86.968 E2750.34254
G1 F2105.3 X93.652 Y86.947 E2750.35751
G1 F2057.1 X88.807 Y86.947 E2750.49851
G1 F2080.9 X88.438 Y86.962 E2750.50913
G1 F2105.3 X82.396 Y86.962 E2750.68095
G1 F2080.9 X81.913 Y86.947 E2750.69485
G1 F2057.1 X76.491 Y86.948 E2750.85265
G1 F2063 X76.112 Y87.103 E2750.86453
G1 X75.97 Y87.219 E2750.86985
G1 F2069 X75.772 Y87.519 E2750.88025
G1 X75.699 Y87.76 E2750.88754
G1 X75.7 Y132.236 E2752.17451
G1 X75.774 Y132.482 E2752.18195
G1 X75.969 Y132.776 E2752.19215
G1 X76.267 Y132.975 E2752.20252
G1 F2063 X76.656 Y133.049 E2752.21401
G1 F2057.1 X110 Y133.048 E2753.18441
M204 S2000
G0 F9000 X110 Y133.424
M204 S500
;TYPE:WALL-OUTER
G1 F1800 X143.366 Y133.424 E2754.29417
G1 X143.624 Y133.398 E2754.30279
G1 X143.989 Y133.287 E2754.31548
G1 X144.294 Y133.041 E2754.32852
G1 X144.456 Y132.844 E2754.337
G1 X144.569 Y132.628 E2754.34511
G1 X144.646 Y132.373 E2754.35397
G1 X144.672 Y132.114 E2754.36262
G1 X144.672 Y87.878 E2755.83392
G1 X144.647 Y87.624 E2755.84241
G1 X144.532 Y87.248 E2755.85549
G1 X144.293 Y86.955 E2755.86806
G1 X143.99 Y86.709 E2755.88104
G1 X143.624 Y86.598 E2755.89376
G1 X143.366 Y86.572 E2755.90239
G1 X109.478 Y86.573 E2757.02951
G1 X109.104 Y86.599 E2757.04198
G1 X108.817 Y86.635 E2757.0516
G1 X104.31 Y86.643 E2757.2015
G1 X103.953 Y86.599 E2757.21346
G1 X103.577 Y86.572 E2757.226
G1 X99.337 Y86.572 E2757.36703
G1 X98.829 Y86.596 E2757.38394
G1 X94.197 Y86.6 E2757.538
G1 X93.652 Y86.573 E2757.55615
G1 X88.788 Y86.572 E2757.71793
G1 X88.408 Y86.592 E2757.73058
G1 X82.411 Y86.592 E2757.93005
G1 X81.913 Y86.572 E2757.94662
G1 X76.63 Y86.572 E2758.12234
G1 X76.372 Y86.598 E2758.13096
G1 X76.004 Y86.71 E2758.14375
G1 X75.703 Y86.954 E2758.15664
G1 X75.46 Y87.261 E2758.16966
G1 X75.35 Y87.624 E2758.18228
G1 X75.324 Y87.878 E2758.19077
G1 X75.324 Y132.114 E2759.66207
G1 X75.35 Y132.372 E2759.67069
G1 X75.46 Y132.74 E2759.68347
G1 X75.703 Y133.041 E2759.69633
G1 X76.003 Y133.286 E2759.70922
G1 X76.372 Y133.398 E2759.72204
G1 X76.63 Y133.424 E2759.73067
G1 X110 Y133.424 E2760.84056
M204 S2000
G0 F9000 X110 Y133.125
G0 X110 Y132.625
G0 X110 Y132.324
M204 S500
G1 F1800 X76.604 Y132.324 E2761.95131
G1 X76.457 Y132.236 E2761.95701
G1 X76.427 Y132.162 E2761.95967
G1 X76.427 Y87.834 E2763.43402
G1 X76.497 Y87.716 E2763.43859
G1 X76.585 Y87.675 E2763.44181
G1 X143.416 Y87.673 E2765.66462
G1 X143.528 Y87.745 E2765.66905
G1 X143.569 Y87.834 E2765.67231
G1 X143.572 Y132.144 E2767.14607
G1 X143.499 Y132.28 E2767.1512
G1 X143.392 Y132.324 E2767.15505
G1 X110 Y132.324 E2768.26567
M204 S2000
G1 F2400 E2767.46567
;MESH:NONMESH
G0 F300 X110 Y132.324 Z4
G0 F9000 X110 Y132.625
G0 X76.197 Y132.553
G0 X76.197 Y87.447
G0 X104.207 Y87.211
;TIME_ELAPSED:3183.297558
;LAYER:19
M204 S500
;TYPE:WALL-INNER
;MESH:raspberry pi 4 B bottom part case.stl
G1 F2400 E2768.26567
G1 F1403.5 X104.36 Y87.22 E2768.27221
G1 F1428.6 X108.72 Y87.22 E2768.45493
G1 F1403.5 X108.873 Y87.211 E2768.46146
M204 S2000
G1 F2400 E2767.66146
G0 F9000 X76.197 Y87.447
G0 X76.197 Y132.553
G0 X110 Y133.048
M204 S500
G1 F2400 E2768.46146
G1 F2057.1 X143.356 Y133.048 E2769.43221
G1 X143.729 Y132.976 E2769.44327
G1 F2063 X144.029 Y132.774 E2769.45376
G1 F2057.1 X144.142 Y132.636 E2769.45895
G1 X144.297 Y132.253 E2769.47098
G1 X144.297 Y130.35 E2769.52636
G1 F2099.1 X144.272 Y130.165 E2769.53168
G1 F2162.2 X144.267 Y117.072 E2769.89422
G1 F2117.6 X144.297 Y116.784 E2769.9024
G1 F2057.1 X144.296 Y87.751 E2770.74734
G1 F2069 X144.222 Y87.515 E2770.7545
G1 X144.027 Y87.221 E2770.7647
G1 X143.729 Y87.021 E2770.77509
G1 X143.49 Y86.947 E2770.78233
G1 F2057.1 X118.325 Y86.947 E2771.5147
G1 F2155.7 X118.02 Y86.999 E2771.52329
G1 F2337.7 X117.476 Y87.025 E2771.53724
G1 F2322.6 X116.954 Y86.995 E2771.55071
G1 F2149.3 X116.682 Y86.947 E2771.55841
G1 F2080.9 X109.561 Y86.948 E2771.76328
G1 F1662.8 X108.873 Y87.211 E2771.7898
G1 F1670.5 X109.553 Y87.301 E2771.81438
G1 F2093 X116.663 Y87.297 E2772.01775
G1 F2149.3 X116.919 Y87.312 E2772.0249
G1 F2322.6 X117.52 Y87.323 E2772.04039
G1 X118.083 Y87.312 E2772.05491
G1 F2142.9 X118.344 Y87.297 E2772.06221
G1 F2057.1 X143.447 Y87.298 E2772.79277
G1 F2069 X143.595 Y87.342 E2772.79724
G1 X143.781 Y87.466 E2772.80371
G1 X143.901 Y87.648 E2772.81002
G1 X143.947 Y87.799 E2772.81459
G1 F2057.1 X143.947 Y116.77 E2773.65772
G1 F2105.3 X143.939 Y116.951 E2773.66287
G1 F2168.7 X143.937 Y130.068 E2774.02498
G1 F2117.6 X143.947 Y130.364 E2774.03335
G1 F2069 X143.943 Y132.18 E2774.0859
G1 F2074.9 X143.9 Y132.352 E2774.09101
G1 F2069 X143.782 Y132.527 E2774.09712
G1 X143.498 Y132.699 E2774.10673
G1 F2063 X76.656 Y132.699 E2776.04645
G1 X76.401 Y132.654 E2776.05396
G1 F2069 X76.146 Y132.444 E2776.06352
G1 X76.049 Y132.206 E2776.07096
G1 X76.05 Y87.792 E2777.35614
G1 F2063 X76.218 Y87.465 E2777.3668
G1 F2069 X76.401 Y87.342 E2777.37318
G1 X76.548 Y87.297 E2777.37763
G1 X81.736 Y87.297 E2777.52775
G1 F2195.1 X82.42 Y87.319 E2777.54642
G1 F2337.7 X88.38 Y87.318 E2777.69906
G1 F2181.8 X89.144 Y87.297 E2777.72003
G1 F2057.1 X93.377 Y87.297 E2777.84322
G1 F2250 X94.416 Y87.327 E2777.87088
G1 F2465.8 X98.661 Y87.327 E2777.97394
G1 F2236 X99.639 Y87.297 E2778.00014
G1 F2087 X103.528 Y87.302 E2778.11171
G1 F1670.5 X104.207 Y87.211 E2778.13626
G1 F1678.3 X103.511 Y86.947 E2778.16281
G1 F2155.7 X99.501 Y86.948 E2778.27418
G1 F2229.1 X99.104 Y87.005 E2778.28495
G1 F2384.1 X98.6 Y87.037 E2778.29763
G1 F2474.2 X94.368 Y87.036 E2778.40003
G1 F2368.4 X93.898 Y87.003 E2778.41194
G1 F2222.2 X93.504 Y86.947 E2778.42266
G1 F2111.4 X89.132 Y86.948 E2778.54663
G1 F2093 X88.81 Y86.967 E2778.55585
G1 F2222.2 X88.363 Y87.011 E2778.56795
G1 F2322.6 X82.343 Y87.01 E2778.72313
G1 F2181.8 X81.748 Y86.947 E2778.73955
G1 F2069 X76.491 Y86.948 E2778.89167
G1 X76.112 Y87.103 E2778.90351
G1 F2063 X75.97 Y87.219 E2778.90883
G1 F2069 X75.772 Y87.519 E2778.91924
G1 X75.699 Y87.76 E2778.92652
G1 X75.7 Y132.236 E2780.21349
G1 X75.774 Y132.482 E2780.22093
G1 X75.969 Y132.776 E2780.23114
G1 X76.267 Y132.975 E2780.24151
G1 F2063 X76.656 Y133.049 E2780.253
G1 F2057.1 X110 Y133.048 E2781.22339
M204 S2000
G0 F9000 X110 Y133.424
M204 S500
;TYPE:WALL-OUTER
G1 F1800 X143.366 Y133.424 E2782.33315
G1 X143.624 Y133.398 E2782.34178
G1 X143.989 Y133.287 E2782.35446
G1 X144.294 Y133.041 E2782.3675
G1 X144.456 Y132.844 E2782.37598
G1 X144.569 Y132.628 E2782.38409
G1 X144.646 Y132.373 E2782.39295
G1 X144.672 Y132.114 E2782.40161
G1 X144.672 Y130.318 E2782.46134
G1 X144.634 Y130.102 E2782.46864
G1 X144.634 Y117.039 E2782.90311
G1 X144.672 Y116.815 E2782.91067
G1 X144.672 Y87.878 E2783.87312
G1 X144.647 Y87.624 E2783.88161
G1 X144.532 Y87.248 E2783.89468
G1 X144.293 Y86.955 E2783.90726
G1 X143.99 Y86.709 E2783.92024
G1 X143.624 Y86.598 E2783.93296
G1 X143.366 Y86.572 E2783.94159
G1 X118.283 Y86.572 E2784.77585
G1 X117.969 Y86.644 E2784.78657
G1 X117.461 Y86.676 E2784.8035
G1 X117.035 Y86.644 E2784.8177
G1 X116.725 Y86.573 E2784.82828
G1 X109.572 Y86.572 E2785.06619
G1 X108.755 Y86.765 E2785.09411
G1 X104.313 Y86.763 E2785.24185
G1 X103.618 Y86.598 E2785.26561
G1 X103.369 Y86.572 E2785.27394
G1 X99.614 Y86.572 E2785.39883
G1 X99.332 Y86.599 E2785.40825
G1 X99.026 Y86.656 E2785.41861
G1 X98.6 Y86.692 E2785.43283
G1 X94.398 Y86.692 E2785.57258
G1 X93.986 Y86.656 E2785.58634
G1 X93.683 Y86.599 E2785.59659
G1 X93.402 Y86.573 E2785.60598
G1 X89.124 Y86.572 E2785.74827
G1 X88.773 Y86.599 E2785.75998
G1 X88.323 Y86.659 E2785.77508
G1 X82.392 Y86.659 E2785.97234
G1 X81.774 Y86.573 E2785.99309
G1 X76.63 Y86.572 E2786.16418
G1 X76.372 Y86.598 E2786.17281
G1 X76.004 Y86.71 E2786.1856
G1 X75.703 Y86.954 E2786.19849
G1 X75.46 Y87.261 E2786.21151
G1 X75.35 Y87.624 E2786.22413
G1 X75.324 Y87.878 E2786.23262
G1 X75.324 Y132.114 E2787.70392
G1 X75.35 Y132.372 E2787.71254
G1 X75.46 Y132.74 E2787.72532
G1 X75.703 Y133.041 E2787.73818
G1 X76.003 Y133.286 E2787.75107
G1 X76.372 Y133.398 E2787.76389
G1 X76.63 Y133.424 E2787.77252
G1 X110 Y133.424 E2788.88241
M204 S2000
G0 F9000 X110 Y133.125
G0 X110 Y132.625
G0 X110 Y132.324
M204 S500
G1 F1800 X76.604 Y132.324 E2789.99316
G1 X76.457 Y132.236 E2789.99886
G1 X76.427 Y132.162 E2790.00152
G1 X76.427 Y87.834 E2791.47587
G1 X76.497 Y87.716 E2791.48043
G1 X76.585 Y87.675 E2791.48366
G1 X143.416 Y87.673 E2793.70647
G1 X143.528 Y87.745 E2793.7109
G1 X143.569 Y87.834 E2793.71416
G1 X143.572 Y132.144 E2795.18792
G1 X143.483 Y132.291 E2795.19363
G1 X143.392 Y132.324 E2795.19685
G1 X110 Y132.324 E2796.30747
M204 S2000
G1 F2400 E2795.50747
;MESH:NONMESH
G0 F300 X110 Y132.324 Z4.2
G0 F9000 X110 Y132.625
G0 X76.197 Y132.553
G0 X76.197 Y87.447
G0 X82.111 Y87.21
;TIME_ELAPSED:3215.033673
;LAYER:20
M204 S500
;TYPE:WALL-INNER
;MESH:raspberry pi 4 B bottom part case.stl
G1 F2400 E2796.30747
G1 F1463.4 X82.564 Y87.242 E2796.32605
G1 F1548.4 X88.266 Y87.238 E2796.54652
G1 F1445.8 X88.614 Y87.21 E2796.56098
M204 S2000
G0 F9000 X94.103 Y87.26
M204 S500
G1 F1773.4 X94.309 Y87.278 E2796.56796
G1 F1818.2 X98.815 Y87.272 E2796.71633
M204 S2000
G0 F9000 X94.103 Y87.26
M204 S500
G1 F1884.8 X93.554 Y87.012 E2796.73546
G1 F2099.1 X93.308 Y86.947 E2796.74272
G1 F2093 X89.191 Y86.948 E2796.86048
G1 F2028.2 X88.911 Y87.034 E2796.86913
G1 F1614.3 X88.614 Y87.21 E2796.88193
G1 F1636.4 X89.009 Y87.302 E2796.89677
G1 F2069 X93.649 Y87.302 E2797.03103
G1 F1884.8 X94.103 Y87.26 E2797.04552
M204 S2000
G0 F9000 X103.996 Y87.298
M204 S500
G1 F2063 X103.489 Y87.008 E2797.06247
G1 X103.287 Y86.947 E2797.06859
G1 F1994.5 X99.629 Y86.948 E2797.17839
G1 F1855.7 X98.815 Y87.272 E2797.20666
G1 F1935.5 X99.353 Y87.301 E2797.22332
G1 F2080.9 X103.996 Y87.298 E2797.3569
M204 S2000
G0 F9000 X110 Y87.297
M204 S500
G1 F2057.1 X116.539 Y87.297 E2797.5472
G1 F1822.8 X116.949 Y87.252 E2797.56075
G1 X116.49 Y87.097 E2797.57666
G1 F2057.1 X116.082 Y86.947 E2797.58931
G1 X109.785 Y86.947 E2797.77257
G1 X109.58 Y87.009 E2797.77881
G1 X109.076 Y87.297 E2797.7957
G1 X110 Y87.297 E2797.82259
M204 S2000
G0 F9000 X116.949 Y87.252
M204 S500
G1 F1730.8 X117.492 Y87.276 E2797.84139
G1 F1760.4 X117.961 Y87.26 E2797.85735
M204 S2000
G1 F2400 E2797.05735
G0 F9000 X143.803 Y87.447
G0 X144.052 Y117.272
M204 S500
G1 F2400 E2797.85735
G1 F1274.3 X144.057 Y129.986 E2798.45465
G1 F1216.2 X144.086 Y130.155 E2798.46309
M204 S2000
G0 F9000 X144.052 Y117.272
M204 S500
G1 F1585.9 X144.297 Y116.878 E2798.48061
G1 F2063 X144.296 Y87.751 E2799.32586
G1 F2069 X144.222 Y87.515 E2799.33302
G1 X144.027 Y87.221 E2799.34322
G1 X143.729 Y87.021 E2799.35361
G1 X143.49 Y86.947 E2799.36085
G1 F2057.1 X118.924 Y86.947 E2800.07578
G1 X118.517 Y87.099 E2800.08843
G1 F1855.7 X117.961 Y87.26 E2800.1071
G1 X118.451 Y87.297 E2800.12296
G1 F2057.1 X143.447 Y87.298 E2800.85041
G1 F2069 X143.595 Y87.342 E2800.85487
G1 X143.781 Y87.466 E2800.86134
G1 X143.901 Y87.648 E2800.86765
G1 X143.947 Y87.799 E2800.87222
G1 F2057.1 X143.948 Y116.86 E2801.71797
G1 F1582.4 X144.052 Y117.272 E2801.73404
M204 S2000
G1 F2400 E2800.93404
G0 F9000 X143.803 Y132.553
G0 X110 Y133.048
M204 S500
G1 F2400 E2801.73404
G1 F2057.1 X143.356 Y133.048 E2802.70479
G1 X143.729 Y132.976 E2802.71585
G1 F2063 X144.029 Y132.774 E2802.72634
G1 F2057.1 X144.142 Y132.636 E2802.73153
G1 X144.297 Y132.253 E2802.74356
G1 X144.297 Y130.552 E2802.79306
G1 F1558.4 X144.16 Y130.254 E2802.80566
G1 F1363.6 X144.102 Y130.176 E2802.80993
G1 F1730.8 X143.947 Y130.552 E2802.824
G1 F2069 X143.943 Y132.18 E2802.8711
G1 F2074.9 X143.9 Y132.352 E2802.87622
G1 F2069 X143.782 Y132.527 E2802.88233
G1 X143.498 Y132.699 E2802.89194
G1 F2063 X76.656 Y132.699 E2804.83165
G1 X76.401 Y132.654 E2804.83917
G1 F2069 X76.146 Y132.444 E2804.84873
G1 X76.049 Y132.206 E2804.85616
G1 X76.05 Y87.792 E2806.14134
G1 F2063 X76.218 Y87.465 E2806.15201
G1 F2069 X76.401 Y87.342 E2806.15839
G1 F2080.9 X76.548 Y87.297 E2806.16281
G1 F2057.1 X81.718 Y87.302 E2806.31327
G1 F1636.4 X82.111 Y87.21 E2806.32804
G1 F1618 X81.813 Y87.034 E2806.34085
G1 F2022.5 X81.527 Y86.947 E2806.3497
G1 F2080.9 X76.491 Y86.948 E2806.49458
G1 F2069 X76.112 Y87.103 E2806.50643
G1 F2063 X75.97 Y87.219 E2806.51175
G1 F2069 X75.772 Y87.519 E2806.52215
G1 X75.699 Y87.76 E2806.52944
G1 X75.7 Y132.236 E2807.81641
G1 X75.774 Y132.482 E2807.82384
G1 X75.969 Y132.776 E2807.83405
G1 X76.267 Y132.975 E2807.84442
G1 F2063 X76.656 Y133.049 E2807.85591
G1 F2057.1 X110 Y133.048 E2808.82631
M204 S2000
G0 F9000 X110 Y133.424
M204 S500
;TYPE:WALL-OUTER
G1 F1800 X143.366 Y133.424 E2809.93607
G1 X143.624 Y133.398 E2809.94469
G1 X143.989 Y133.287 E2809.95738
G1 X144.294 Y133.041 E2809.97041
G1 X144.456 Y132.844 E2809.9789
G1 X144.569 Y132.628 E2809.98701
G1 X144.646 Y132.373 E2809.99587
G1 X144.672 Y132.114 E2810.00452
G1 X144.672 Y130.327 E2810.06396
G1 X144.629 Y130.094 E2810.07184
G1 X144.534 Y129.903 E2810.07893
G1 X144.532 Y117.272 E2810.49904
G1 X144.629 Y117.049 E2810.50713
G1 X144.672 Y116.817 E2810.51498
G1 X144.672 Y87.878 E2811.47749
G1 X144.647 Y87.624 E2811.48598
G1 X144.532 Y87.248 E2811.49906
G1 X144.293 Y86.955 E2811.51164
G1 X143.99 Y86.709 E2811.52462
G1 X143.624 Y86.598 E2811.53734
G1 X143.366 Y86.572 E2811.54596
G1 X118.856 Y86.572 E2812.36117
G1 X118.386 Y86.748 E2812.37786
G1 X117.891 Y86.854 E2812.3947
G1 X117.476 Y86.88 E2812.40853
G1 X117.072 Y86.848 E2812.42201
G1 X116.619 Y86.744 E2812.43747
G1 X116.148 Y86.572 E2812.45414
G1 X109.73 Y86.572 E2812.66761
G1 F1773.4 X109.35 Y86.687 E2812.68101
G1 F1647.6 X108.683 Y87.116 E2812.70983
G1 F1572.1 X104.394 Y87.116 E2812.87317
G1 F1686.2 X103.916 Y86.822 E2812.89309
G1 F1800 X103.629 Y86.659 E2812.90407
G1 X103.342 Y86.573 E2812.91403
G1 X99.657 Y86.572 E2813.0366
G1 X98.747 Y86.878 E2813.06853
G1 X94.271 Y86.884 E2813.2174
G1 X93.799 Y86.716 E2813.23406
G1 X93.358 Y86.572 E2813.24949
G1 X89.191 Y86.572 E2813.38809
G1 X88.809 Y86.664 E2813.40116
G1 X88.54 Y86.754 E2813.41059
G1 X88.197 Y86.81 E2813.42215
G1 X82.532 Y86.81 E2813.61057
G1 X82.151 Y86.746 E2813.62342
G1 X81.915 Y86.665 E2813.63172
G1 X81.539 Y86.572 E2813.6446
G1 X76.63 Y86.572 E2813.80788
G1 X76.372 Y86.598 E2813.8165
G1 X76.004 Y86.71 E2813.82929
G1 X75.703 Y86.954 E2813.84218
G1 X75.46 Y87.261 E2813.8552
G1 X75.35 Y87.624 E2813.86782
G1 X75.324 Y87.878 E2813.87631
G1 X75.324 Y132.114 E2815.34761
G1 X75.35 Y132.372 E2815.35623
G1 X75.46 Y132.74 E2815.36901
G1 X75.703 Y133.041 E2815.38187
G1 X76.003 Y133.286 E2815.39476
G1 X76.372 Y133.398 E2815.40758
G1 X76.63 Y133.424 E2815.41621
G1 X110 Y133.424 E2816.5261
M204 S2000
G0 F9000 X110 Y133.125
G0 X110 Y132.625
G0 X110 Y132.324
M204 S500
G1 F1800 X76.604 Y132.324 E2817.63685
G1 X76.457 Y132.236 E2817.64255
G1 X76.427 Y132.162 E2817.64521
G1 X76.427 Y87.834 E2819.11956
G1 X76.497 Y87.716 E2819.12413
G1 X76.585 Y87.675 E2819.12735
G1 X103.69 Y87.672 E2820.02887
G1 F1747.6 X104.068 Y87.66 E2820.04183
G1 F1541.8 X104.371 Y87.618 E2820.0537
G1 F1414.5 X108.705 Y87.618 E2820.23713
G1 F1538.5 X109.001 Y87.659 E2820.24876
G1 F1739.1 X109.37 Y87.672 E2820.26147
G1 F1800 X143.416 Y87.673 E2821.39385
G1 X143.528 Y87.745 E2821.39828
G1 X143.569 Y87.834 E2821.40154
G1 X143.572 Y132.144 E2822.87529
G1 X143.499 Y132.28 E2822.88043
G1 X143.392 Y132.324 E2822.88427
G1 X110 Y132.324 E2823.9949
M204 S2000
G1 F2400 E2823.1949
;MESH:NONMESH
G0 F300 X110 Y132.324 Z4.4
G0 F9000 X110 Y132.625
G0 X76.197 Y132.553
G0 X76.197 Y87.447
G0 X93.589 Y87.297
;TIME_ELAPSED:3248.659650
;LAYER:21
M204 S500
;TYPE:WALL-INNER
;MESH:raspberry pi 4 B bottom part case.stl
G1 F2400 E2823.9949
G1 F2057.1 X93.589 Y87.208 E2823.99749
G1 X93.3 Y87.009 E2824.0077
G1 X93.031 Y86.947 E2824.01573
G1 F2069 X89.305 Y86.948 E2824.12355
G1 F2099.1 X88.92 Y87.181 E2824.13638
G1 F2111.4 X88.79 Y87.304 E2824.14146
G1 F2080.9 X93.589 Y87.297 E2824.27953
M204 S2000
G1 F2400 E2823.47953
G0 F9000 X76.197 Y87.447
G0 X76.197 Y132.553
G0 X143.803 Y132.553
G0 X143.803 Y87.447
G0 X110 Y87.297
M204 S500
G1 F2400 E2824.27953
G1 F2057.1 X116.532 Y87.297 E2824.46962
G1 X116.115 Y87.151 E2824.48248
G1 X115.703 Y86.947 E2824.49586
G1 X110.029 Y86.947 E2824.66099
G1 X109.789 Y87.006 E2824.66818
G1 X109.625 Y87.134 E2824.67424
G1 X109.599 Y87.297 E2824.67904
G1 X110 Y87.297 E2824.69071
M204 S2000
G1 F2400 E2823.89071
G0 F9000 X143.803 Y87.447
G0 X143.944 Y117.472
M204 S500
G1 F2400 E2824.69071
G1 F2063 X143.948 Y129.767 E2825.04751
M204 S2000
G0 F9000 X143.944 Y117.472
M204 S500
G1 F2074.9 X144.12 Y117.054 E2825.06059
G1 F2057.1 X144.297 Y116.84 E2825.06867
G1 X144.296 Y87.751 E2825.91524
G1 F2069 X144.222 Y87.515 E2825.9224
G1 X144.027 Y87.221 E2825.9326
G1 X143.729 Y87.021 E2825.94299
G1 X143.49 Y86.947 E2825.95023
G1 F2057.1 X119.297 Y86.947 E2826.65431
G1 X118.887 Y87.15 E2826.66762
G1 X118.478 Y87.296 E2826.68026
G1 X143.447 Y87.298 E2827.40693
G1 F2069 X143.595 Y87.342 E2827.41139
G1 X143.781 Y87.466 E2827.41786
G1 X143.901 Y87.648 E2827.42417
G1 F2074.9 X143.947 Y87.799 E2827.42872
G1 F2087 X143.944 Y117.472 E2828.27995
M204 S2000
G1 F2400 E2827.47995
G0 F9000 X143.803 Y132.553
G0 X110 Y133.048
M204 S500
G1 F2400 E2828.27995
G1 F2057.1 X143.356 Y133.048 E2829.2507
G1 X143.729 Y132.976 E2829.26175
G1 F2063 X144.029 Y132.774 E2829.27225
G1 F2057.1 X144.142 Y132.636 E2829.27744
G1 X144.297 Y132.253 E2829.28946
G1 X144.297 Y130.308 E2829.34607
G1 X144.112 Y130.079 E2829.35464
G1 F2045.5 X143.948 Y129.767 E2829.36495
G1 F2057.1 X143.943 Y132.18 E2829.43518
G1 F2074.9 X143.9 Y132.352 E2829.44029
G1 F2069 X143.782 Y132.527 E2829.4464
G1 X143.498 Y132.699 E2829.45601
G1 F2063 X76.656 Y132.699 E2831.39573
G1 X76.401 Y132.654 E2831.40324
G1 F2069 X76.146 Y132.444 E2831.4128
G1 X76.049 Y132.206 E2831.42024
G1 X76.05 Y87.792 E2832.70541
G1 F2063 X76.218 Y87.465 E2832.71608
G1 F2069 X76.401 Y87.342 E2832.72246
G1 F2080.9 X76.548 Y87.297 E2832.72689
G1 F2105.3 X81.954 Y87.302 E2832.88062
G1 F2117.6 X81.646 Y87.071 E2832.8915
G1 F2105.3 X81.414 Y86.947 E2832.89898
G1 F2080.9 X76.491 Y86.948 E2833.04062
G1 F2069 X76.112 Y87.103 E2833.05247
G1 F2063 X75.97 Y87.219 E2833.05779
G1 F2069 X75.772 Y87.519 E2833.06819
G1 X75.699 Y87.76 E2833.07548
G1 X75.7 Y132.236 E2834.36245
G1 X75.774 Y132.482 E2834.36988
G1 X75.969 Y132.776 E2834.38009
G1 X76.267 Y132.975 E2834.39046
G1 F2063 X76.656 Y133.049 E2834.40195
G1 F2057.1 X110 Y133.048 E2835.37235
M204 S2000
G0 F9000 X110 Y133.424
M204 S500
;TYPE:WALL-OUTER
G1 F1800 X143.366 Y133.424 E2836.4821
G1 X143.624 Y133.398 E2836.49073
G1 X143.989 Y133.287 E2836.50342
G1 X144.294 Y133.041 E2836.51645
G1 X144.456 Y132.844 E2836.52493
G1 X144.569 Y132.628 E2836.53304
G1 X144.646 Y132.373 E2836.5419
G1 X144.672 Y132.114 E2836.55056
G1 X144.672 Y130.233 E2836.61312
G1 X144.579 Y130.011 E2836.62113
G1 X144.375 Y129.811 E2836.63063
G1 X144.319 Y129.703 E2836.63468
G1 X144.316 Y117.472 E2837.04148
G1 X144.378 Y117.326 E2837.04676
G1 X144.582 Y117.132 E2837.05612
G1 X144.672 Y116.913 E2837.06399
G1 X144.672 Y87.878 E2838.0297
G1 X144.647 Y87.624 E2838.03819
G1 X144.532 Y87.248 E2838.05127
G1 X144.293 Y86.955 E2838.06384
G1 X143.99 Y86.709 E2838.07683
G1 X143.624 Y86.598 E2838.08955
G1 X143.366 Y86.572 E2838.09817
G1 X119.208 Y86.572 E2838.90167
G1 X118.76 Y86.797 E2838.91834
G1 X118.263 Y86.973 E2838.93588
G1 X117.771 Y87.069 E2838.95255
G1 F1592.9 X117.776 Y87.121 E2838.95452
G1 F1425.7 X117.237 Y87.12 E2838.97715
G1 F1592.9 X116.713 Y86.965 E2838.99769
G1 F1800 X116.217 Y86.787 E2839.01521
G1 X115.792 Y86.572 E2839.03105
G1 X109.984 Y86.572 E2839.22423
G1 X109.622 Y86.661 E2839.23663
G1 X109.338 Y86.883 E2839.24862
G1 X109.224 Y87.151 E2839.2583
G1 X109.224 Y87.672 E2839.27563
G1 X116.677 Y87.671 E2839.52352
G1 F1592.9 X117.19 Y87.62 E2839.5429
G1 F1425.7 X117.819 Y87.62 E2839.56931
G1 F1592.9 X117.829 Y87.671 E2839.57126
G1 F1800 X143.416 Y87.673 E2840.42229
G1 X143.528 Y87.745 E2840.42672
G1 X143.569 Y87.834 E2840.42998
G1 X143.572 Y132.144 E2841.90373
G1 X143.499 Y132.28 E2841.90887
G1 X143.392 Y132.324 E2841.91272
G1 X76.604 Y132.324 E2844.13409
G1 X76.457 Y132.236 E2844.13979
G1 X76.427 Y132.162 E2844.14245
G1 X76.427 Y87.834 E2845.6168
G1 X76.497 Y87.716 E2845.62137
G1 X76.585 Y87.675 E2845.62459
G1 X93.964 Y87.672 E2846.20262
G1 X93.964 Y87.162 E2846.21959
G1 X93.8 Y86.898 E2846.22992
G1 X93.454 Y86.659 E2846.24391
G1 X93.073 Y86.572 E2846.25691
G1 X89.46 Y86.572 E2846.37708
G1 X89.162 Y86.607 E2846.38706
G1 X88.744 Y86.833 E2846.40286
G1 X88.564 Y87.014 E2846.41135
G1 F1795.5 X88.236 Y87.271 E2846.42524
G1 X82.564 Y87.272 E2846.61437
G1 F1800 X82.434 Y87.225 E2846.61897
G1 X82.069 Y86.915 E2846.63489
G1 X81.846 Y86.759 E2846.64394
G1 X81.563 Y86.607 E2846.65463
G1 X81.264 Y86.572 E2846.66464
G1 X76.63 Y86.572 E2846.81877
G1 X76.372 Y86.598 E2846.82739
G1 X76.004 Y86.71 E2846.84019
G1 X75.703 Y86.954 E2846.85308
G1 X75.46 Y87.261 E2846.8661
G1 X75.35 Y87.624 E2846.87871
G1 X75.324 Y87.878 E2846.88721
G1 X75.324 Y132.114 E2848.3585
G1 X75.35 Y132.372 E2848.36713
G1 X75.46 Y132.74 E2848.3799
G1 X75.703 Y133.041 E2848.39277
G1 X76.003 Y133.286 E2848.40565
G1 X76.372 Y133.398 E2848.41848
G1 X76.63 Y133.424 E2848.4271
G1 X110 Y133.424 E2849.53699
M204 S2000
G1 F2400 E2848.73699
G0 F9000 X110 Y133.125
G0 X103.474 Y132.545
G0 X103.474 Y131.46
G0 X103.474 Y88.54
G0 X103.474 Y87.298
M204 S500
;TYPE:WALL-INNER
G1 F2400 E2849.53699
G1 F2063 X103.452 Y87.136 E2849.54173
G1 X103.283 Y87.005 E2849.54794
G1 X103.043 Y86.947 E2849.55511
G1 F2057.1 X99.985 Y86.947 E2849.6441
G1 X99.716 Y87.008 E2849.65213
G1 X99.428 Y87.207 E2849.66232
G1 X99.429 Y87.297 E2849.66494
G1 X103.474 Y87.298 E2849.78266
M204 S2000
G0 F9000 X103.848 Y87.672
M204 S500
;TYPE:WALL-OUTER
G1 F1800 X103.848 Y87.146 E2849.80015
G1 X103.736 Y86.884 E2849.80963
G1 X103.45 Y86.661 E2849.82169
G1 X103.087 Y86.573 E2849.83411
G1 X99.943 Y86.572 E2849.93868
G1 X99.562 Y86.659 E2849.95168
G1 X99.216 Y86.898 E2849.96567
G1 X99.052 Y87.162 E2849.976
G1 X99.056 Y87.672 E2849.99297
G1 X103.848 Y87.672 E2850.15235
M204 S2000
G1 F2400 E2849.35235
;MESH:NONMESH
G0 F300 X103.848 Y87.672 Z4.6
G0 F9000 X103.58 Y87.405
G0 X103.636 Y88.54
G0 X103.636 Y131.46
G0 X110 Y133.048
;TIME_ELAPSED:3283.056517
;LAYER:22
M204 S500
;TYPE:WALL-INNER
;MESH:raspberry pi 4 B bottom part case.stl
G1 F2400 E2850.15235
G1 F2057.1 X143.356 Y133.048 E2851.1231
G1 X143.729 Y132.976 E2851.13415
G1 F2063 X144.029 Y132.774 E2851.14465
G1 F2057.1 X144.142 Y132.636 E2851.14984
G1 X144.297 Y132.253 E2851.16186
G1 X144.297 Y130.302 E2851.21864
G1 X144.256 Y130.201 E2851.22182
G1 X144.169 Y130.145 E2851.22483
G1 X143.948 Y130.135 E2851.23126
G1 F2069 X143.943 Y132.18 E2851.29044
G1 F2074.9 X143.9 Y132.352 E2851.29555
G1 F2069 X143.782 Y132.527 E2851.30166
G1 X143.498 Y132.699 E2851.31127
G1 F2063 X76.656 Y132.699 E2853.25099
G1 X76.401 Y132.654 E2853.2585
G1 F2069 X76.146 Y132.444 E2853.26806
G1 X76.049 Y132.206 E2853.2755
G1 X76.05 Y87.792 E2854.56068
G1 F2063 X76.218 Y87.465 E2854.57135
G1 F2069 X76.401 Y87.342 E2854.57773
G1 X76.548 Y87.297 E2854.58217
G1 F2057.1 X81.493 Y87.297 E2854.72609
G1 X81.49 Y87.174 E2854.72967
G1 X81.396 Y87.045 E2854.73431
G1 X81.2 Y86.947 E2854.74069
G1 X76.491 Y86.948 E2854.87773
G1 F2063 X76.112 Y87.103 E2854.88962
G1 X75.97 Y87.219 E2854.89494
G1 F2069 X75.772 Y87.519 E2854.90534
G1 X75.699 Y87.76 E2854.91263
G1 X75.7 Y132.236 E2856.1996
G1 X75.774 Y132.482 E2856.20703
G1 X75.969 Y132.776 E2856.21724
G1 X76.267 Y132.975 E2856.22761
G1 F2063 X76.656 Y133.049 E2856.2391
G1 F2057.1 X110 Y133.048 E2857.2095
M204 S2000
G0 F9000 X110 Y133.424
M204 S500
;TYPE:WALL-OUTER
G1 F1800 X143.366 Y133.424 E2858.31925
G1 X143.624 Y133.398 E2858.32788
G1 X143.989 Y133.287 E2858.34057
G1 X144.294 Y133.041 E2858.3536
G1 X144.456 Y132.844 E2858.36208
G1 X144.569 Y132.628 E2858.37019
G1 X144.646 Y132.373 E2858.37905
G1 X144.672 Y132.114 E2858.38771
G1 X144.672 Y130.228 E2858.45044
G1 X144.52 Y129.926 E2858.46168
G1 X144.319 Y129.795 E2858.46966
G1 X144.172 Y129.76 E2858.47469
G1 X143.573 Y129.758 E2858.49461
G1 X143.572 Y132.144 E2858.57397
G1 X143.499 Y132.28 E2858.5791
G1 X143.392 Y132.324 E2858.58295
G1 X76.604 Y132.324 E2860.80433
G1 X76.457 Y132.236 E2860.81003
G1 X76.427 Y132.162 E2860.81268
G1 X76.427 Y87.834 E2862.28704
G1 X76.497 Y87.716 E2862.2916
G1 X76.585 Y87.675 E2862.29483
G1 X81.868 Y87.672 E2862.47054
G1 X81.868 Y87.052 E2862.49117
G1 X81.643 Y86.75 E2862.50369
G1 X81.288 Y86.572 E2862.5169
G1 X76.63 Y86.572 E2862.67183
G1 X76.372 Y86.598 E2862.68045
G1 X76.004 Y86.71 E2862.69324
G1 X75.703 Y86.954 E2862.70613
G1 X75.46 Y87.261 E2862.71915
G1 X75.35 Y87.624 E2862.73177
G1 X75.324 Y87.878 E2862.74026
G1 X75.324 Y132.114 E2864.21156
G1 X75.35 Y132.372 E2864.22018
G1 X75.46 Y132.74 E2864.23296
G1 X75.703 Y133.041 E2864.24582
G1 X76.003 Y133.286 E2864.25871
G1 X76.372 Y133.398 E2864.27153
G1 X76.63 Y133.424 E2864.28016
G1 X110 Y133.424 E2865.39005
M204 S2000
G1 F2400 E2864.59005
G0 F9000 X110 Y133.125
G0 X93.285 Y132.545
G0 X93.285 Y131.46
G0 X93.285 Y88.54
G0 X93.285 Y87.297
M204 S500
;TYPE:WALL-INNER
G1 F2400 E2865.39005
G1 F2057.1 X93.236 Y87.082 E2865.39646
G1 X93.038 Y86.947 E2865.40344
G1 X89.526 Y86.947 E2865.50565
G1 X89.332 Y87.045 E2865.51197
G1 X89.239 Y87.169 E2865.51648
G1 X89.235 Y87.297 E2865.52021
G1 X93.285 Y87.297 E2865.63808
M204 S2000
G0 F9000 X93.66 Y87.672
M204 S500
;TYPE:WALL-OUTER
G1 F1800 X93.66 Y87.159 E2865.65514
G1 X93.556 Y86.865 E2865.66551
G1 X93.308 Y86.648 E2865.67647
G1 X93.104 Y86.572 E2865.68371
G1 X89.436 Y86.572 E2865.80571
G1 X89.084 Y86.75 E2865.81883
G1 X88.86 Y87.049 E2865.83126
G1 X88.86 Y87.672 E2865.85198
G1 X93.66 Y87.672 E2866.01163
M204 S2000
G1 F2400 E2865.21163
G0 F9000 X93.393 Y87.405
G0 X94.528 Y87.297
G0 X98.492 Y87.297
G0 X103.282 Y87.297
M204 S500
;TYPE:WALL-INNER
G1 F2400 E2866.01163
G1 F2057.1 X103.225 Y87.03 E2866.01957
G1 X102.968 Y86.947 E2866.02743
G1 X100.082 Y86.947 E2866.11142
G1 X99.88 Y86.997 E2866.11748
G1 X99.78 Y87.084 E2866.12133
G1 X99.731 Y87.297 E2866.1277
G1 X103.282 Y87.297 E2866.23104
M204 S2000
G0 F9000 X103.659 Y87.672
M204 S500
;TYPE:WALL-OUTER
G1 F1800 X103.656 Y87.155 E2866.24823
G1 X103.561 Y86.846 E2866.25899
G1 X103.352 Y86.661 E2866.26827
G1 X103.017 Y86.572 E2866.2798
G1 X100.037 Y86.572 E2866.37891
G1 X99.703 Y86.655 E2866.39036
G1 X99.459 Y86.865 E2866.40107
G1 X99.356 Y87.159 E2866.41143
G1 X99.356 Y87.672 E2866.42849
G1 X103.659 Y87.672 E2866.57161
M204 S2000
G1 F2400 E2865.77161
G0 F9000 X103.388 Y87.405
G0 X104.523 Y87.295
G0 X108.551 Y87.297
G0 X109.82 Y87.297
M204 S500
;TYPE:WALL-INNER
G1 F2400 E2866.57161
G1 F2057.1 X116.059 Y87.296 E2866.75318
G1 X115.67 Y87.103 E2866.76582
G1 X115.418 Y86.947 E2866.77444
G1 X110.019 Y86.947 E2866.93157
G1 X109.872 Y87.028 E2866.93645
G1 X109.797 Y87.143 E2866.94045
G1 X109.791 Y87.297 E2866.94493
G1 X109.82 Y87.297 E2866.94578
M204 S2000
G1 F2400 E2866.14578
G0 F9000 X116.418 Y87.448
G0 X143.803 Y87.447
G0 X143.947 Y117.009
M204 S500
G1 F2400 E2866.94578
G1 F2057.1 X144.183 Y116.985 E2866.95268
G1 X144.258 Y116.935 E2866.95531
G1 X144.297 Y116.844 E2866.95819
G1 X144.296 Y87.751 E2867.80487
G1 F2069 X144.222 Y87.515 E2867.81203
G1 X144.027 Y87.221 E2867.82223
G1 X143.729 Y87.021 E2867.83262
G1 X143.49 Y86.947 E2867.83986
G1 F2057.1 X119.59 Y86.947 E2868.53541
G1 X119.336 Y87.103 E2868.54409
G1 X118.943 Y87.297 E2868.55684
G1 X143.447 Y87.298 E2869.26997
G1 F2069 X143.595 Y87.342 E2869.27444
G1 X143.781 Y87.466 E2869.28091
G1 X143.901 Y87.648 E2869.28722
G1 X143.947 Y87.799 E2869.29178
G1 F2057.1 X143.947 Y117.009 E2870.14187
M204 S2000
G0 F9000 X143.572 Y117.384
M204 S500
;TYPE:WALL-OUTER
G1 F1800 X144.1 Y117.384 E2870.15943
G1 X144.327 Y117.339 E2870.16713
G1 X144.582 Y117.139 E2870.17791
G1 X144.672 Y116.917 E2870.18588
G1 X144.672 Y101.779 E2870.68937
G1 X144.664 Y101.669 E2870.69304
G1 X144.664 Y90.407 E2871.06761
G1 X144.672 Y90.319 E2871.07055
G1 X144.672 Y87.878 E2871.15174
G1 X144.647 Y87.624 E2871.16023
G1 X144.532 Y87.248 E2871.17331
G1 X144.293 Y86.955 E2871.18588
G1 X143.99 Y86.709 E2871.19886
G1 X143.624 Y86.598 E2871.21158
G1 X143.366 Y86.572 E2871.22021
G1 X119.482 Y86.572 E2872.01459
G1 X119.187 Y86.758 E2872.02619
G1 X118.655 Y87.021 E2872.04593
G1 F1706.2 X118.172 Y87.21 E2872.06413
G1 F1698.1 X117.753 Y87.268 E2872.07904
G1 F1782.2 X117.284 Y87.271 E2872.0948
G1 F1791 X116.805 Y87.181 E2872.11109
G1 F1800 X116.326 Y87.011 E2872.128
G1 X115.838 Y86.768 E2872.14613
G1 X115.526 Y86.572 E2872.15838
G1 X109.923 Y86.572 E2872.34474
G1 X109.609 Y86.744 E2872.35665
G1 X109.416 Y87.041 E2872.36843
G1 X109.416 Y87.672 E2872.38941
G1 F1795.5 X117.72 Y87.671 E2872.6663
G1 F1706.2 X118.212 Y87.65 E2872.68358
G1 X118.765 Y87.672 E2872.703
G1 F1800 X143.416 Y87.673 E2873.52289
G1 X143.528 Y87.745 E2873.52732
G1 X143.569 Y87.834 E2873.53058
G1 X143.572 Y117.384 E2874.51342
M204 S2000
G1 F2400 E2873.71342
;MESH:NONMESH
G0 F300 X143.572 Y117.384 Z4.8
G0 F9000 X143.845 Y117.117
G0 X143.789 Y118.252
G0 X142.722 Y128.902
G0 X142.722 Y131.472
G0 X110 Y133.048
;TIME_ELAPSED:3312.655091
;LAYER:23
M204 S500
;TYPE:WALL-INNER
;MESH:raspberry pi 4 B bottom part case.stl
G1 F2400 E2874.51342
G1 F2057.1 X143.356 Y133.048 E2875.48416
G1 X143.729 Y132.976 E2875.49522
G1 F2063 X144.029 Y132.774 E2875.50571
G1 F2057.1 X144.142 Y132.636 E2875.51091
G1 F2063 X144.297 Y132.253 E2875.5229
G1 F2069 X144.297 Y130.279 E2875.58002
G1 F2074.9 X144.237 Y130.186 E2875.58321
G1 F2080.9 X144.111 Y130.133 E2875.58714
G1 X143.945 Y130.132 E2875.59192
G1 X143.943 Y132.18 E2875.65084
G1 F2074.9 X143.9 Y132.352 E2875.65595
G1 F2069 X143.782 Y132.527 E2875.66206
G1 X143.498 Y132.699 E2875.67167
G1 F2063 X76.656 Y132.699 E2877.61139
G1 X76.401 Y132.654 E2877.6189
G1 F2069 X76.146 Y132.444 E2877.62846
G1 X76.049 Y132.206 E2877.6359
G1 X76.05 Y87.792 E2878.92108
G1 F2063 X76.218 Y87.465 E2878.93174
G1 F2069 X76.401 Y87.342 E2878.93813
G1 X76.548 Y87.297 E2878.94257
G1 F2057.1 X81.333 Y87.297 E2879.08183
G1 X81.333 Y87.118 E2879.08704
G1 X81.138 Y86.947 E2879.09459
G1 X76.491 Y86.948 E2879.22983
G1 F2063 X76.112 Y87.103 E2879.24171
G1 X75.97 Y87.219 E2879.24703
G1 F2069 X75.772 Y87.519 E2879.25743
G1 X75.699 Y87.76 E2879.26472
G1 X75.7 Y132.236 E2880.55169
G1 X75.774 Y132.482 E2880.55912
G1 X75.969 Y132.776 E2880.56933
G1 X76.267 Y132.975 E2880.5797
G1 F2063 X76.656 Y133.049 E2880.59119
G1 F2057.1 X110 Y133.048 E2881.56159
M204 S2000
G0 F9000 X110 Y133.424
M204 S500
;TYPE:WALL-OUTER
G1 F1800 X143.366 Y133.424 E2882.67135
G1 X143.624 Y133.398 E2882.67997
G1 X143.989 Y133.287 E2882.69266
G1 X144.294 Y133.041 E2882.70569
G1 X144.456 Y132.844 E2882.71418
G1 X144.569 Y132.628 E2882.72228
G1 X144.646 Y132.373 E2882.73114
G1 X144.672 Y132.114 E2882.7398
G1 X144.672 Y130.321 E2882.79944
G1 X144.637 Y130.118 E2882.80629
G1 X144.509 Y129.919 E2882.81416
G1 X144.341 Y129.806 E2882.82089
G1 X144.158 Y129.76 E2882.82717
G1 X143.572 Y129.757 E2882.84666
G1 X143.572 Y132.144 E2882.92605
G1 X143.499 Y132.28 E2882.93118
G1 X143.392 Y132.324 E2882.93503
G1 X76.604 Y132.324 E2885.15641
G1 X76.457 Y132.236 E2885.16211
G1 X76.427 Y132.162 E2885.16476
G1 X76.427 Y87.834 E2886.63912
G1 X76.497 Y87.716 E2886.64368
G1 X76.585 Y87.675 E2886.64691
G1 X81.708 Y87.672 E2886.8173
G1 X81.708 Y87.036 E2886.83846
G1 X81.63 Y86.868 E2886.84462
G1 X81.391 Y86.644 E2886.85551
G1 X81.209 Y86.572 E2886.86202
G1 X76.63 Y86.572 E2887.01432
G1 X76.372 Y86.598 E2887.02295
G1 X76.004 Y86.71 E2887.03574
G1 X75.703 Y86.954 E2887.04863
G1 X75.46 Y87.261 E2887.06165
G1 X75.35 Y87.624 E2887.07426
G1 X75.324 Y87.878 E2887.08276
G1 X75.324 Y132.114 E2888.55405
G1 X75.35 Y132.372 E2888.56268
G1 X75.46 Y132.74 E2888.57545
G1 X75.703 Y133.041 E2888.58832
G1 X76.003 Y133.286 E2888.6012
G1 X76.372 Y133.398 E2888.61403
G1 X76.63 Y133.424 E2888.62265
G1 X110 Y133.424 E2889.73254
M204 S2000
G1 F2400 E2888.93254
G0 F9000 X110 Y133.125
G0 X93.158 Y132.545
G0 X93.158 Y131.46
G0 X93.158 Y88.54
G0 X93.158 Y87.298
M204 S500
;TYPE:WALL-INNER
G1 F2400 E2889.73254
G1 F2069 X93.158 Y87.143 E2889.73703
G1 X93.06 Y86.986 E2889.74238
G1 X92.976 Y86.95 E2889.74503
G1 X89.691 Y86.947 E2889.84008
G1 F2063 X89.511 Y86.994 E2889.84548
G1 X89.394 Y87.12 E2889.85047
G1 X89.394 Y87.298 E2889.85564
G1 F2069 X93.158 Y87.298 E2889.96455
M204 S2000
G0 F9000 X93.532 Y87.672
M204 S500
;TYPE:WALL-OUTER
G1 F1800 X93.532 Y87.037 E2889.98567
G1 X93.341 Y86.73 E2889.9977
G1 X93.046 Y86.576 E2890.00877
G1 X89.642 Y86.573 E2890.12198
G1 X89.324 Y86.657 E2890.13292
G1 X89.098 Y86.867 E2890.14319
G1 X89.02 Y87.04 E2890.1495
G1 X89.02 Y87.672 E2890.17052
G1 X93.532 Y87.672 E2890.32059
M204 S2000
G1 F2400 E2889.52059
G0 F9000 X93.264 Y87.405
G0 X94.399 Y87.297
G0 X98.62 Y87.297
G0 X103.189 Y87.297
M204 S500
;TYPE:WALL-INNER
G1 F2400 E2890.32059
G1 F2057.1 X103.156 Y87.036 E2890.32824
G1 X103 Y86.947 E2890.33347
G1 X100.048 Y86.947 E2890.41938
G1 X99.903 Y87.063 E2890.42479
G1 X99.859 Y87.297 E2890.43171
G1 X103.189 Y87.297 E2890.52863
M204 S2000
G0 F9000 X103.564 Y87.672
M204 S500
;TYPE:WALL-OUTER
G1 F1800 X103.564 Y87.026 E2890.55011
G1 X103.406 Y86.747 E2890.56078
G1 X103.099 Y86.572 E2890.57253
G1 X99.975 Y86.572 E2890.67643
G1 X99.799 Y86.644 E2890.68276
G1 X99.573 Y86.861 E2890.69318
G1 X99.484 Y87.154 E2890.70337
G1 X99.484 Y87.672 E2890.72059
G1 X103.564 Y87.672 E2890.8563
M204 S2000
G1 F2400 E2890.0563
G0 F9000 X103.296 Y87.405
G0 X104.43 Y87.31
G0 X108.645 Y87.299
G0 X110 Y87.296
M204 S500
;TYPE:WALL-INNER
G1 F2400 E2890.8563
G1 F2057.1 X115.719 Y87.296 E2891.02273
G1 X115.174 Y86.947 E2891.04157
G1 X110.14 Y86.947 E2891.18807
G1 X109.987 Y86.989 E2891.19269
G1 X109.884 Y87.103 E2891.19716
G1 X109.884 Y87.296 E2891.20278
G1 X110 Y87.296 E2891.20615
M204 S2000
G0 F9000 X110.16 Y87.671
M204 S500
;TYPE:WALL-OUTER
G1 F1800 X116.507 Y87.672 E2891.41725
G1 X116.504 Y87.273 E2891.43052
G1 X115.949 Y86.998 E2891.45113
G1 X115.275 Y86.572 E2891.47765
G1 X110.091 Y86.572 E2891.65007
G1 X109.795 Y86.652 E2891.66026
G1 X109.578 Y86.863 E2891.67033
G1 X109.509 Y87.028 E2891.67628
G1 X109.509 Y87.671 E2891.69767
G1 X110.16 Y87.671 E2891.71932
M204 S2000
G1 F2400 E2890.91932
G0 F9000 X110.16 Y87.375
G0 X116.292 Y87.461
G0 X117.371 Y87.459
G0 X117.651 Y88.528
G0 X142.722 Y88.528
G0 X143.947 Y117.009
M204 S500
;TYPE:WALL-INNER
G1 F2400 E2891.71932
G1 F2057.1 X144.181 Y116.987 E2891.72616
G1 X144.297 Y116.862 E2891.73112
G1 X144.297 Y101.742 E2892.17115
G1 F2136.5 X144.254 Y101.541 E2892.17691
G1 F2243 X144.249 Y90.632 E2892.46809
G1 F2155.7 X144.297 Y90.339 E2892.47633
G1 F2057.1 X144.296 Y87.751 E2892.55165
G1 F2069 X144.222 Y87.515 E2892.55881
G1 X144.027 Y87.221 E2892.56902
G1 X143.729 Y87.021 E2892.5794
G1 X143.49 Y86.947 E2892.58664
G1 F2057.1 X119.831 Y86.947 E2893.27518
G1 X119.287 Y87.297 E2893.29401
G1 X143.447 Y87.298 E2893.99712
G1 F2069 X143.595 Y87.342 E2894.00159
G1 X143.781 Y87.466 E2894.00806
G1 X143.901 Y87.648 E2894.01437
G1 X143.947 Y87.799 E2894.01894
G1 F2057.1 X143.947 Y90.313 E2894.0921
G1 F2155.7 X143.931 Y90.632 E2894.10097
G1 F2243 X143.934 Y101.568 E2894.39287
G1 F2136.5 X143.947 Y101.767 E2894.39845
G1 F2057.1 X143.947 Y117.009 E2894.84204
M204 S2000
G0 F9000 X143.572 Y117.384
M204 S500
;TYPE:WALL-OUTER
G1 F1800 X144.105 Y117.384 E2894.85976
G1 X144.323 Y117.342 E2894.86715
G1 X144.506 Y117.223 E2894.87441
G1 X144.637 Y117.018 E2894.8825
G1 X144.672 Y116.822 E2894.88912
G1 X144.672 Y101.686 E2895.39255
G1 X144.611 Y101.479 E2895.39973
G1 X144.608 Y90.632 E2895.7605
G1 X144.672 Y90.397 E2895.7686
G1 X144.672 Y87.878 E2895.85238
G1 X144.647 Y87.624 E2895.86087
G1 X144.532 Y87.248 E2895.87395
G1 X144.293 Y86.955 E2895.88652
G1 X143.99 Y86.709 E2895.89951
G1 X143.624 Y86.598 E2895.91223
G1 X143.366 Y86.572 E2895.92085
G1 X119.729 Y86.572 E2896.70702
G1 X119.06 Y86.997 E2896.73338
G1 X118.502 Y87.275 E2896.75412
G1 X118.504 Y87.672 E2896.76732
G1 X143.416 Y87.673 E2897.5959
G1 X143.528 Y87.745 E2897.60033
G1 X143.569 Y87.834 E2897.60359
G1 X143.572 Y117.384 E2898.58642
M204 S2000
G1 F2400 E2897.78642
;MESH:NONMESH
G0 F300 X143.572 Y117.384 Z5
G0 F9000 X143.845 Y117.117
G0 X143.789 Y118.252
G0 X142.722 Y128.902
G0 X142.722 Y131.472
G0 X110 Y133.048
;TIME_ELAPSED:3342.375254
;LAYER:24
M204 S500
;TYPE:WALL-INNER
;MESH:raspberry pi 4 B bottom part case.stl
G1 F2400 E2898.58642
G1 F2057.1 X143.356 Y133.048 E2899.55717
G1 X143.729 Y132.976 E2899.56822
G1 F2063 X144.029 Y132.774 E2899.57872
G1 F2057.1 X144.142 Y132.636 E2899.58391
G1 X144.297 Y132.253 E2899.59594
G1 X144.297 Y130.299 E2899.6528
G1 X144.258 Y130.207 E2899.65571
G1 X144.159 Y130.142 E2899.65916
G1 X143.947 Y130.131 E2899.66533
G1 F2069 X143.943 Y132.18 E2899.72463
G1 F2074.9 X143.9 Y132.352 E2899.72974
G1 F2069 X143.782 Y132.527 E2899.73585
G1 X143.498 Y132.699 E2899.74546
G1 F2063 X76.656 Y132.699 E2901.68518
G1 X76.401 Y132.654 E2901.69269
G1 F2069 X76.146 Y132.444 E2901.70225
G1 X76.049 Y132.206 E2901.70969
G1 X76.05 Y87.792 E2902.99486
G1 F2063 X76.218 Y87.465 E2903.00553
G1 F2069 X76.401 Y87.342 E2903.01191
G1 X76.548 Y87.297 E2903.01636
G1 F2057.1 X81.261 Y87.297 E2903.15352
G1 X81.261 Y87.114 E2903.15885
G1 X81.092 Y86.948 E2903.16574
G1 X76.494 Y86.947 E2903.29955
G1 F2063 X76.112 Y87.103 E2903.31153
G1 X75.97 Y87.219 E2903.31685
G1 F2069 X75.772 Y87.519 E2903.32725
G1 X75.699 Y87.76 E2903.33454
G1 X75.7 Y132.236 E2904.62151
G1 X75.774 Y132.482 E2904.62894
G1 X75.969 Y132.776 E2904.63915
G1 X76.267 Y132.975 E2904.64952
G1 F2063 X76.656 Y133.049 E2904.66101
G1 F2057.1 X110 Y133.048 E2905.63141
M204 S2000
G0 F9000 X110 Y133.424
M204 S500
;TYPE:WALL-OUTER
G1 F1800 X143.366 Y133.424 E2906.74117
G1 X143.624 Y133.398 E2906.74979
G1 X143.989 Y133.287 E2906.76248
G1 X144.294 Y133.041 E2906.77551
G1 X144.456 Y132.844 E2906.784
G1 X144.569 Y132.628 E2906.7921
G1 X144.646 Y132.373 E2906.80096
G1 X144.672 Y132.114 E2906.80962
G1 X144.672 Y130.224 E2906.87248
G1 X144.516 Y129.927 E2906.88364
G1 X144.308 Y129.791 E2906.89191
G1 X144.157 Y129.756 E2906.89706
G1 X143.572 Y129.756 E2906.91652
G1 X143.572 Y132.144 E2906.99594
G1 X143.499 Y132.28 E2907.00108
G1 X143.392 Y132.324 E2907.00493
G1 X76.604 Y132.324 E2909.2263
G1 X76.457 Y132.236 E2909.232
G1 X76.427 Y132.162 E2909.23466
G1 X76.427 Y87.834 E2910.70901
G1 X76.497 Y87.716 E2910.71358
G1 X76.585 Y87.675 E2910.71681
G1 X81.636 Y87.672 E2910.8848
G1 X81.636 Y87.037 E2910.90592
G1 X81.559 Y86.859 E2910.91237
G1 X81.343 Y86.646 E2910.92246
G1 X81.167 Y86.573 E2910.9288
G1 X76.63 Y86.572 E2911.0797
G1 X76.372 Y86.598 E2911.08833
G1 X76.004 Y86.71 E2911.10112
G1 X75.703 Y86.954 E2911.11401
G1 X75.46 Y87.261 E2911.12703
G1 X75.35 Y87.624 E2911.13965
G1 X75.324 Y87.878 E2911.14814
G1 X75.324 Y132.114 E2912.61943
G1 X75.35 Y132.372 E2912.62806
G1 X75.46 Y132.74 E2912.64083
G1 X75.703 Y133.041 E2912.6537
G1 X76.003 Y133.286 E2912.66658
G1 X76.372 Y133.398 E2912.67941
G1 X76.63 Y133.424 E2912.68803
G1 X110 Y133.424 E2913.79792
M204 S2000
G1 F2400 E2912.99792
G0 F9000 X110 Y133.125
G0 X93.101 Y132.545
G0 X93.101 Y131.46
G0 X93.101 Y88.54
G0 X93.101 Y87.297
M204 S500
;TYPE:WALL-INNER
G1 F2400 E2913.79792
G1 F2057.1 X93.059 Y87.05 E2913.80521
G1 X92.932 Y86.947 E2913.80997
G1 X89.72 Y86.947 E2913.90345
G1 X89.57 Y86.988 E2913.90798
G1 X89.467 Y87.112 E2913.91267
G1 X89.467 Y87.297 E2913.91805
G1 X93.101 Y87.297 E2914.02381
M204 S2000
G0 F9000 X93.476 Y87.672
M204 S500
;TYPE:WALL-OUTER
G1 F1800 X93.476 Y87.152 E2914.04111
G1 X93.393 Y86.853 E2914.05143
G1 X93.183 Y86.646 E2914.06123
G1 X93.007 Y86.572 E2914.06758
G1 X89.671 Y86.572 E2914.17854
G1 X89.376 Y86.652 E2914.18871
G1 X89.166 Y86.862 E2914.19858
G1 X89.092 Y87.037 E2914.2049
G1 X89.092 Y87.672 E2914.22602
G1 X93.476 Y87.672 E2914.37184
M204 S2000
G1 F2400 E2913.57184
G0 F9000 X93.207 Y87.405
G0 X94.342 Y87.295
G0 X98.677 Y87.297
G0 X103.161 Y87.297
M204 S500
;TYPE:WALL-INNER
G1 F2400 E2914.37184
G1 F2057.1 X103.151 Y87.077 E2914.37825
G1 X103 Y86.947 E2914.38404
G1 X100.169 Y86.947 E2914.46643
G1 X100.023 Y86.987 E2914.47084
G1 X99.915 Y87.116 E2914.47574
G1 X99.915 Y87.297 E2914.481
G1 X103.161 Y87.297 E2914.57547
M204 S2000
G0 F9000 X103.536 Y87.672
M204 S500
;TYPE:WALL-OUTER
G1 F1800 X103.536 Y87.028 E2914.59689
G1 X103.47 Y86.865 E2914.60274
G1 X103.25 Y86.646 E2914.61306
G1 X103.075 Y86.572 E2914.61938
G1 X100.119 Y86.572 E2914.7177
G1 X99.828 Y86.651 E2914.72773
G1 X99.614 Y86.866 E2914.73782
G1 X99.54 Y87.041 E2914.74414
G1 X99.54 Y87.672 E2914.76512
G1 X103.536 Y87.672 E2914.89803
M204 S2000
G1 F2400 E2914.09803
G0 F9000 X103.268 Y87.405
G0 X104.402 Y87.311
G0 X108.672 Y87.3
G0 X109.911 Y87.297
M204 S500
;TYPE:WALL-INNER
G1 F2400 E2914.89803
G1 F2057.1 X115.47 Y87.298 E2915.05981
G1 F2063 X114.991 Y86.947 E2915.07705
G1 F2057.1 X110.157 Y86.947 E2915.21773
G1 X110.011 Y86.987 E2915.22213
G1 X109.911 Y87.106 E2915.22666
G1 X109.911 Y87.297 E2915.23222
M204 S2000
G0 F9000 X110 Y87.672
M204 S500
;TYPE:WALL-OUTER
G1 F1800 X116.103 Y87.672 E2915.4352
G1 X116.1 Y87.246 E2915.44937
G1 X115.561 Y86.902 E2915.47064
G1 X115.114 Y86.573 E2915.4891
G1 X110.107 Y86.572 E2915.65563
G1 X109.816 Y86.651 E2915.66566
G1 X109.606 Y86.862 E2915.67556
G1 X109.536 Y87.032 E2915.68168
G1 X109.536 Y87.672 E2915.70296
G1 X110 Y87.672 E2915.7184
M204 S2000
G1 F2400 E2914.9184
G0 F9000 X110 Y87.375
G0 X115.886 Y87.369
G0 X116.968 Y87.367
G0 X118.04 Y87.37
G0 X119.546 Y87.296
M204 S500
;TYPE:WALL-INNER
G1 F2400 E2915.7184
G1 F2057.1 X143.447 Y87.298 E2916.41398
G1 F2069 X143.595 Y87.342 E2916.41845
G1 X143.781 Y87.466 E2916.42492
G1 X143.901 Y87.648 E2916.43122
G1 X143.947 Y87.799 E2916.43579
G1 F2057.1 X143.948 Y90.378 E2916.51085
G1 F1686.2 X144.024 Y90.828 E2916.52705
G1 F1545.1 X144.297 Y90.355 E2916.54821
G1 F1764.7 X144.296 Y87.751 E2916.63655
G1 F1956.5 X144.222 Y87.515 E2916.64412
G1 F2069 X144.027 Y87.221 E2916.65433
G1 X143.729 Y87.021 E2916.66471
G1 X143.49 Y86.947 E2916.67195
G1 F2057.1 X120.015 Y86.947 E2917.35514
G1 X119.546 Y87.296 E2917.37215
M204 S2000
G0 F9000 X143.803 Y87.447
G0 X144.024 Y90.828
M204 S500
G1 F1411.8 X144.028 Y101.361 E2917.81882
M204 S2000
G0 F9000 X143.946 Y117.01
M204 S500
G1 F2069 X144.216 Y116.965 E2917.82674
G1 X144.295 Y116.847 E2917.83085
G1 F2063 X144.297 Y115.294 E2917.87592
G1 F2105.3 X144.269 Y115.162 E2917.87976
G1 F2155.7 X144.27 Y103.951 E2918.19111
G1 F2105.3 X144.297 Y103.756 E2918.19671
G1 F1836.7 X144.297 Y101.71 E2918.2634
G1 F1519 X144.028 Y101.361 E2918.28076
G1 X143.947 Y101.748 E2918.29635
G1 F1836.7 X143.947 Y103.741 E2918.36131
G1 F2123.9 X143.936 Y104.052 E2918.37008
G1 F2175.2 X143.939 Y115.19 E2918.67663
G1 F2105.3 X143.947 Y115.32 E2918.68033
G1 F2063 X143.946 Y117.01 E2918.72938
M204 S2000
G0 F9000 X143.572 Y117.384
M204 S500
;TYPE:WALL-OUTER
G1 F1800 X144.15 Y117.384 E2918.7486
G1 X144.422 Y117.29 E2918.75817
G1 X144.586 Y117.123 E2918.76596
G1 X144.671 Y116.92 E2918.77328
G1 X144.672 Y115.238 E2918.82922
G1 X144.63 Y115.099 E2918.83405
G1 X144.631 Y104.016 E2919.20267
G1 X144.672 Y103.79 E2919.21031
G1 X144.672 Y101.677 E2919.28059
G1 X144.574 Y101.442 E2919.28906
G1 X144.479 Y101.283 E2919.29522
G1 X144.476 Y90.828 E2919.64295
G1 X144.573 Y90.633 E2919.6502
G1 X144.672 Y90.399 E2919.65865
G1 X144.672 Y87.878 E2919.7425
G1 X144.647 Y87.624 E2919.75099
G1 X144.532 Y87.248 E2919.76406
G1 X144.293 Y86.955 E2919.77664
G1 X143.99 Y86.709 E2919.78962
G1 X143.624 Y86.598 E2919.80234
G1 X143.366 Y86.572 E2919.81097
G1 X119.891 Y86.572 E2920.59175
G1 X119.428 Y86.917 E2920.61095
G1 X118.904 Y87.25 E2920.6316
G1 X118.904 Y87.672 E2920.64564
G1 X143.416 Y87.673 E2921.46091
G1 X143.528 Y87.745 E2921.46534
G1 X143.569 Y87.834 E2921.4686
G1 X143.572 Y117.384 E2922.45144
M204 S2000
G1 F2400 E2921.65144
;MESH:NONMESH
G0 F300 X143.572 Y117.384 Z5.2
G0 F9000 X143.845 Y117.116
G0 X143.793 Y118.25
G0 X142.722 Y128.902
G0 X142.722 Y131.472
G0 X110 Y133.048
;TIME_ELAPSED:3371.981706
;LAYER:25
M204 S500
;TYPE:WALL-INNER
;MESH:raspberry pi 4 B bottom part case.stl
G1 F2400 E2922.45144
G1 F2057.1 X143.356 Y133.048 E2923.42218
G1 X143.729 Y132.976 E2923.43324
G1 F2063 X144.029 Y132.774 E2923.44373
G1 F2057.1 X144.142 Y132.636 E2923.44892
G1 X144.297 Y132.253 E2923.46095
G1 X144.297 Y130.297 E2923.51787
G1 X144.199 Y130.161 E2923.52275
G1 X143.947 Y130.131 E2923.53014
G1 F2069 X143.943 Y132.18 E2923.58943
G1 F2074.9 X143.9 Y132.352 E2923.59454
G1 F2069 X143.782 Y132.527 E2923.60065
G1 X143.498 Y132.699 E2923.61026
G1 F2063 X76.656 Y132.699 E2925.54998
G1 X76.401 Y132.654 E2925.55749
G1 F2069 X76.146 Y132.444 E2925.56705
G1 X76.049 Y132.206 E2925.57449
G1 X76.05 Y87.792 E2926.85967
G1 F2063 X76.218 Y87.465 E2926.87033
G1 F2069 X76.401 Y87.342 E2926.87671
G1 X76.548 Y87.297 E2926.88116
G1 X81.242 Y87.298 E2927.01699
G1 X81.242 Y87.105 E2927.02258
G1 X81.082 Y86.95 E2927.02902
G1 X76.494 Y86.947 E2927.16178
G1 X76.112 Y87.103 E2927.17372
G1 F2063 X75.97 Y87.219 E2927.17904
G1 F2069 X75.772 Y87.519 E2927.18944
G1 X75.699 Y87.76 E2927.19673
G1 X75.7 Y132.236 E2928.4837
G1 X75.774 Y132.482 E2928.49113
G1 X75.969 Y132.776 E2928.50134
G1 X76.267 Y132.975 E2928.51171
G1 F2063 X76.656 Y133.049 E2928.5232
G1 F2057.1 X110 Y133.048 E2929.4936
M204 S2000
G0 F9000 X110 Y133.424
M204 S500
;TYPE:WALL-OUTER
G1 F1800 X143.366 Y133.424 E2930.60336
G1 X143.624 Y133.398 E2930.61198
G1 X143.989 Y133.287 E2930.62467
G1 X144.294 Y133.041 E2930.6377
G1 X144.456 Y132.844 E2930.64619
G1 X144.569 Y132.628 E2930.6543
G1 X144.646 Y132.373 E2930.66316
G1 X144.672 Y132.114 E2930.67181
G1 X144.672 Y130.224 E2930.73467
G1 X144.589 Y130.021 E2930.74197
G1 X144.411 Y129.842 E2930.75036
G1 X144.2 Y129.756 E2930.75794
G1 X143.572 Y129.756 E2930.77883
G1 X143.572 Y132.144 E2930.85826
G1 X143.499 Y132.28 E2930.86339
G1 X143.392 Y132.324 E2930.86724
G1 X76.604 Y132.324 E2933.08862
G1 X76.457 Y132.236 E2933.09431
G1 X76.427 Y132.162 E2933.09697
G1 X76.427 Y87.834 E2934.57133
G1 X76.497 Y87.716 E2934.57589
G1 X76.585 Y87.675 E2934.57912
G1 X81.616 Y87.672 E2934.74645
G1 X81.616 Y87.029 E2934.76784
G1 X81.547 Y86.866 E2934.77372
G1 X81.326 Y86.646 E2934.78409
G1 X81.156 Y86.576 E2934.79021
G1 X76.63 Y86.572 E2934.94074
G1 X76.372 Y86.598 E2934.94937
G1 X76.004 Y86.71 E2934.96216
G1 X75.703 Y86.954 E2934.97505
G1 X75.46 Y87.261 E2934.98807
G1 X75.35 Y87.624 E2935.00069
G1 X75.324 Y87.878 E2935.00918
G1 X75.324 Y132.114 E2936.48048
G1 X75.35 Y132.372 E2936.4891
G1 X75.46 Y132.74 E2936.50188
G1 X75.703 Y133.041 E2936.51474
G1 X76.003 Y133.286 E2936.52762
G1 X76.372 Y133.398 E2936.54045
G1 X76.63 Y133.424 E2936.54908
G1 X110 Y133.424 E2937.65897
M204 S2000
G1 F2400 E2936.85897
G0 F9000 X110 Y133.125
G0 X93.089 Y132.545
G0 X93.089 Y131.46
G0 X93.089 Y88.54
G0 X93.089 Y87.297
M204 S500
;TYPE:WALL-INNER
G1 F2400 E2937.65897
G1 F2057.1 X93.089 Y87.105 E2937.66455
G1 X92.924 Y86.947 E2937.6712
G1 X89.736 Y86.947 E2937.76398
G1 X89.588 Y86.988 E2937.76845
G1 X89.487 Y87.105 E2937.77295
G1 X89.487 Y87.297 E2937.77854
G1 X93.089 Y87.297 E2937.88336
M204 S2000
G0 F9000 X93.464 Y87.672
M204 S500
;TYPE:WALL-OUTER
G1 F1800 X93.464 Y87.032 E2937.90465
G1 X93.394 Y86.862 E2937.91077
G1 X93.175 Y86.646 E2937.921
G1 X92.999 Y86.572 E2937.92735
G1 X89.687 Y86.572 E2938.0375
G1 X89.393 Y86.652 E2938.04764
G1 X89.182 Y86.866 E2938.05763
G1 X89.112 Y87.029 E2938.06353
G1 X89.112 Y87.672 E2938.08492
G1 X93.464 Y87.672 E2938.22967
M204 S2000
G1 F2400 E2937.42967
G0 F9000 X93.194 Y87.405
G0 X94.329 Y87.297
G0 X98.691 Y87.297
G0 X103.161 Y87.297
M204 S500
;TYPE:WALL-INNER
G1 F2400 E2938.22967
G1 F2057.1 X103.161 Y87.105 E2938.23526
G1 X102.996 Y86.947 E2938.2419
G1 X100.177 Y86.947 E2938.32394
G1 X100.031 Y86.987 E2938.32835
G1 X99.931 Y87.101 E2938.33276
G1 X99.931 Y87.297 E2938.33847
G1 X103.161 Y87.297 E2938.43247
M204 S2000
G0 F9000 X103.536 Y87.672
M204 S500
;TYPE:WALL-OUTER
G1 F1800 X103.536 Y87.029 E2938.45386
G1 X103.467 Y86.866 E2938.45974
G1 X103.246 Y86.646 E2938.47011
G1 X103.071 Y86.572 E2938.47643
G1 X100.127 Y86.572 E2938.57435
G1 X99.836 Y86.651 E2938.58438
G1 X99.622 Y86.865 E2938.59445
G1 X99.556 Y87.028 E2938.6003
G1 X99.556 Y87.672 E2938.62171
G1 X103.536 Y87.672 E2938.75409
M204 S2000
G1 F2400 E2937.95409
G0 F9000 X103.267 Y87.405
G0 X104.402 Y87.297
G0 X108.672 Y87.297
G0 X109.911 Y87.297
M204 S500
;TYPE:WALL-INNER
G1 F2400 E2938.75409
G1 F2057.1 X115.277 Y87.296 E2938.91025
G1 X114.812 Y86.947 E2938.92718
G1 X110.16 Y86.947 E2939.06256
G1 X110.01 Y86.988 E2939.06709
G1 X109.911 Y87.106 E2939.07157
G1 X109.911 Y87.297 E2939.07713
M204 S2000
G0 F9000 X110 Y87.672
M204 S500
;TYPE:WALL-OUTER
G1 F1800 X115.836 Y87.672 E2939.27123
G1 X115.836 Y87.248 E2939.28534
G1 X115.175 Y86.75 E2939.31286
G1 X114.963 Y86.572 E2939.32207
G1 X110.111 Y86.572 E2939.48345
G1 X109.816 Y86.652 E2939.49361
G1 X109.606 Y86.862 E2939.50349
G1 X109.536 Y87.032 E2939.50961
G1 X109.536 Y87.672 E2939.53089
G1 X110 Y87.672 E2939.54632
M204 S2000
G1 F2400 E2938.74632
G0 F9000 X110 Y87.375
G0 X115.62 Y87.355
G0 X116.702 Y87.353
G0 X118.306 Y87.356
G0 X119.723 Y87.297
M204 S500
;TYPE:WALL-INNER
G1 F2400 E2939.54632
G1 F2057.1 X143.447 Y87.298 E2940.23676
G1 F2069 X143.595 Y87.342 E2940.24122
G1 X143.781 Y87.466 E2940.24769
G1 X143.901 Y87.648 E2940.254
G1 X143.947 Y87.799 E2940.25857
G1 F2057.1 X143.947 Y90.789 E2940.34558
G1 X144.114 Y90.517 E2940.35487
G1 X144.266 Y90.407 E2940.36033
G1 X144.297 Y90.332 E2940.3627
G1 X144.296 Y87.751 E2940.43781
G1 F2069 X144.222 Y87.515 E2940.44497
G1 X144.027 Y87.221 E2940.45517
G1 X143.729 Y87.021 E2940.46556
G1 X143.49 Y86.947 E2940.4728
G1 F2057.1 X120.191 Y86.947 E2941.15086
G1 X119.723 Y87.297 E2941.16787
M204 S2000
G1 F2400 E2940.36787
G0 F9000 X143.803 Y87.447
G0 X143.806 Y96.882
G0 X144.046 Y104.252
M204 S500
G1 F2400 E2941.16787
G1 F1302 X144.051 Y114.981 E2941.66121
G1 F1235 X144.085 Y115.169 E2941.67047
M204 S2000
G0 F9000 X143.947 Y117.009
M204 S500
G1 F2057.1 X144.136 Y117.009 E2941.67597
G1 X144.259 Y116.939 E2941.68009
G1 X144.297 Y116.845 E2941.68304
G1 X144.297 Y115.566 E2941.72026
G1 F1561.8 X144.163 Y115.269 E2941.73275
G1 F1368.8 X144.102 Y115.191 E2941.73709
G1 F1739.1 X143.947 Y115.566 E2941.75105
G1 F2057.1 X143.947 Y117.009 E2941.79305
M204 S2000
G0 F9000 X144.046 Y104.252
M204 S500
G1 F1603.6 X144.297 Y103.834 E2941.81125
G1 F2057.1 X144.297 Y101.747 E2941.87199
G1 X144.199 Y101.605 E2941.87701
G1 X144.12 Y101.568 E2941.87955
G1 X143.947 Y101.339 E2941.8879
G1 F2033.9 X143.947 Y103.857 E2941.96202
G1 F1589.4 X144.046 Y104.252 E2941.97736
M204 S2000
G1 F2400 E2941.17736
G0 F9000 X143.845 Y117.117
G0 X143.572 Y117.384
M204 S500
;TYPE:WALL-OUTER
G1 F2400 E2941.97736
G1 F1800 X144.196 Y117.384 E2941.99811
G1 X144.346 Y117.334 E2942.00337
G1 X144.585 Y117.133 E2942.01376
G1 X144.672 Y116.917 E2942.0215
G1 X144.672 Y115.331 E2942.07425
G1 X144.629 Y115.104 E2942.08194
G1 X144.522 Y114.899 E2942.08963
G1 X144.52 Y104.252 E2942.44375
G1 X144.629 Y104.009 E2942.45261
G1 X144.672 Y103.785 E2942.46019
G1 X144.672 Y101.672 E2942.53047
G1 X144.582 Y101.458 E2942.53819
G1 X144.418 Y101.294 E2942.54591
G1 F1596.5 X144.12 Y101.091 E2942.55943
G1 F1437.1 X144.122 Y91.032 E2942.97847
G1 F1600 X144.282 Y90.853 E2942.98745
G1 F1800 X144.421 Y90.783 E2942.99263
G1 X144.585 Y90.619 E2943.00035
G1 X144.672 Y90.405 E2943.00803
G1 X144.672 Y87.878 E2943.09208
G1 X144.647 Y87.624 E2943.10057
G1 X144.532 Y87.248 E2943.11364
G1 X144.293 Y86.955 E2943.12622
G1 X143.99 Y86.709 E2943.1392
G1 X143.624 Y86.598 E2943.15192
G1 X143.366 Y86.572 E2943.16055
G1 X120.041 Y86.572 E2943.93634
G1 X119.829 Y86.75 E2943.94555
G1 X119.168 Y87.245 E2943.97301
G1 X119.168 Y87.672 E2943.98721
G1 X143.416 Y87.673 E2944.79371
G1 X143.528 Y87.745 E2944.79813
G1 X143.569 Y87.834 E2944.80139
G1 X143.572 Y90.414 E2944.8872
G1 F1600 X143.622 Y91.032 E2944.9104
G1 F1437.1 X143.623 Y101.134 E2945.33124
G1 F1596.5 X143.573 Y101.677 E2945.35169
G1 F1800 X143.572 Y117.384 E2945.8741
M204 S2000
G1 F2400 E2945.0741
;MESH:NONMESH
G0 F300 X143.572 Y117.384 Z5.4
G0 F9000 X143.845 Y117.117
G0 X143.789 Y118.252
G0 X142.722 Y128.903
G0 X142.722 Y131.472
G0 X110 Y133.048
;TIME_ELAPSED:3402.029279
;LAYER:26
M204 S500
;TYPE:WALL-INNER
;MESH:raspberry pi 4 B bottom part case.stl
G1 F2400 E2945.8741
G1 F2057.1 X143.356 Y133.048 E2946.84485
G1 X143.729 Y132.976 E2946.85591
G1 F2063 X144.029 Y132.774 E2946.8664
G1 F2057.1 X144.142 Y132.636 E2946.87159
G1 X144.297 Y132.253 E2946.88362
G1 X144.297 Y130.296 E2946.94057
G1 X144.261 Y130.209 E2946.94331
G1 X144.154 Y130.143 E2946.94697
G1 X143.947 Y130.131 E2946.953
G1 F2069 X143.943 Y132.18 E2947.01229
G1 F2074.9 X143.9 Y132.352 E2947.01741
G1 F2069 X143.782 Y132.527 E2947.02352
G1 X143.498 Y132.699 E2947.03312
G1 F2063 X76.656 Y132.699 E2948.97284
G1 X76.401 Y132.654 E2948.98036
G1 F2069 X76.146 Y132.444 E2948.98992
G1 X76.049 Y132.206 E2948.99735
G1 X76.05 Y87.792 E2950.28253
G1 F2063 X76.218 Y87.465 E2950.2932
G1 F2069 X76.401 Y87.342 E2950.29958
G1 X76.548 Y87.297 E2950.30403
G1 F2057.1 X81.241 Y87.297 E2950.44061
G1 X81.241 Y87.105 E2950.44619
G1 X81.076 Y86.947 E2950.45284
G1 X76.491 Y86.948 E2950.58628
G1 F2063 X76.112 Y87.103 E2950.59816
G1 X75.97 Y87.219 E2950.60348
G1 F2069 X75.772 Y87.519 E2950.61388
G1 X75.699 Y87.76 E2950.62117
G1 X75.7 Y132.236 E2951.90814
G1 X75.774 Y132.482 E2951.91557
G1 X75.969 Y132.776 E2951.92578
G1 X76.267 Y132.975 E2951.93615
G1 F2063 X76.656 Y133.049 E2951.94764
G1 F2057.1 X110 Y133.048 E2952.91804
M204 S2000
G0 F9000 X110 Y133.424
M204 S500
;TYPE:WALL-OUTER
G1 F1800 X143.366 Y133.424 E2954.0278
G1 X143.624 Y133.398 E2954.03642
G1 X143.989 Y133.287 E2954.04911
G1 X144.294 Y133.041 E2954.06214
G1 X144.456 Y132.844 E2954.07063
G1 X144.569 Y132.628 E2954.07874
G1 X144.646 Y132.373 E2954.0876
G1 X144.672 Y132.114 E2954.09625
G1 X144.672 Y130.223 E2954.15915
G1 X144.52 Y129.928 E2954.17019
G1 X144.243 Y129.756 E2954.18103
G1 X143.572 Y129.756 E2954.20335
G1 X143.572 Y132.144 E2954.28277
G1 X143.499 Y132.28 E2954.28791
G1 X143.392 Y132.324 E2954.29175
G1 X76.604 Y132.324 E2956.51313
G1 X76.457 Y132.236 E2956.51883
G1 X76.427 Y132.162 E2956.52149
G1 X76.427 Y87.834 E2957.99584
G1 X76.497 Y87.716 E2958.00041
G1 X76.585 Y87.675 E2958.00363
G1 X81.616 Y87.672 E2958.17097
G1 X81.616 Y87.029 E2958.19235
G1 X81.547 Y86.866 E2958.19824
G1 X81.326 Y86.646 E2958.20861
G1 X81.151 Y86.572 E2958.21493
G1 X76.63 Y86.572 E2958.3653
G1 X76.372 Y86.598 E2958.37392
G1 X76.004 Y86.71 E2958.38672
G1 X75.703 Y86.954 E2958.39961
G1 X75.46 Y87.261 E2958.41263
G1 X75.35 Y87.624 E2958.42524
G1 X75.324 Y87.878 E2958.43374
G1 X75.324 Y132.114 E2959.90503
G1 X75.35 Y132.372 E2959.91366
G1 X75.46 Y132.74 E2959.92643
G1 X75.703 Y133.041 E2959.9393
G1 X76.003 Y133.286 E2959.95218
G1 X76.372 Y133.398 E2959.96501
G1 X76.63 Y133.424 E2959.97363
G1 X110 Y133.424 E2961.08352
M204 S2000
G1 F2400 E2960.28352
G0 F9000 X110 Y133.125
G0 X93.089 Y132.545
G0 X93.089 Y131.46
G0 X93.089 Y88.54
G0 X93.089 Y87.297
M204 S500
;TYPE:WALL-INNER
G1 F2400 E2961.08352
G1 F2057.1 X93.089 Y87.105 E2961.08911
G1 X92.924 Y86.947 E2961.09576
G1 X89.736 Y86.947 E2961.18854
G1 X89.586 Y86.988 E2961.19306
G1 X89.487 Y87.106 E2961.19754
G1 X89.487 Y87.297 E2961.2031
G1 X93.089 Y87.297 E2961.30793
M204 S2000
G0 F9000 X93.464 Y87.672
M204 S500
;TYPE:WALL-OUTER
G1 F1800 X93.464 Y87.032 E2961.32922
G1 X93.394 Y86.862 E2961.33533
G1 X93.175 Y86.646 E2961.34556
G1 X92.999 Y86.572 E2961.35191
G1 X89.687 Y86.572 E2961.46207
G1 X89.392 Y86.652 E2961.47224
G1 X89.182 Y86.862 E2961.48211
G1 X89.112 Y87.032 E2961.48823
G1 X89.112 Y87.672 E2961.50952
G1 X93.464 Y87.672 E2961.65426
M204 S2000
G1 F2400 E2960.85426
G0 F9000 X93.194 Y87.405
G0 X94.329 Y87.297
G0 X98.691 Y87.297
G0 X103.161 Y87.297
M204 S500
;TYPE:WALL-INNER
G1 F2400 E2961.65426
G1 F2057.1 X103.161 Y87.105 E2961.65985
G1 X102.996 Y86.947 E2961.6665
G1 X100.177 Y86.947 E2961.74854
G1 X100.031 Y86.987 E2961.75295
G1 X99.931 Y87.101 E2961.75736
G1 X99.931 Y87.297 E2961.76306
G1 X103.161 Y87.297 E2961.85706
M204 S2000
G0 F9000 X103.536 Y87.672
M204 S500
;TYPE:WALL-OUTER
G1 F1800 X103.536 Y87.029 E2961.87845
G1 X103.467 Y86.866 E2961.88434
G1 X103.246 Y86.646 E2961.89471
G1 X103.071 Y86.572 E2961.90103
G1 X100.127 Y86.572 E2961.99895
G1 X99.836 Y86.651 E2962.00898
G1 X99.622 Y86.865 E2962.01904
G1 X99.556 Y87.028 E2962.02489
G1 X99.556 Y87.672 E2962.04631
G1 X103.536 Y87.672 E2962.17869
M204 S2000
G1 F2400 E2961.37869
G0 F9000 X103.267 Y87.405
G0 X104.402 Y87.297
G0 X108.672 Y87.297
G0 X110 Y87.297
M204 S500
;TYPE:WALL-INNER
G1 F2400 E2962.17869
G1 F2057.1 X115.112 Y87.297 E2962.32746
G1 X114.691 Y86.947 E2962.34339
G1 X110.16 Y86.947 E2962.47526
G1 X110.01 Y86.988 E2962.47978
G1 X109.911 Y87.106 E2962.48426
G1 X109.911 Y87.297 E2962.48982
G1 X110 Y87.297 E2962.49241
M204 S2000
G0 F9000 X110 Y87.672
M204 S500
;TYPE:WALL-OUTER
G1 F1800 X115.632 Y87.672 E2962.67973
G1 X115.632 Y87.224 E2962.69463
G1 X115.351 Y87.01 E2962.70638
G1 X114.827 Y86.572 E2962.7291
G1 X110.111 Y86.572 E2962.88595
G1 X109.816 Y86.652 E2962.89612
G1 X109.606 Y86.862 E2962.906
G1 X109.536 Y87.032 E2962.91211
G1 X109.536 Y87.672 E2962.9334
G1 X110 Y87.672 E2962.94883
M204 S2000
G1 F2400 E2962.14883
G0 F9000 X110 Y87.375
G0 X115.416 Y87.332
G0 X116.498 Y87.33
G0 X118.51 Y87.332
G0 X119.895 Y87.297
M204 S500
;TYPE:WALL-INNER
G1 F2400 E2962.94883
G1 F2057.1 X143.447 Y87.298 E2963.63425
G1 F2069 X143.595 Y87.342 E2963.63872
G1 X143.781 Y87.466 E2963.64519
G1 X143.901 Y87.648 E2963.6515
G1 X143.947 Y87.799 E2963.65607
G1 F2057.1 X143.947 Y90.501 E2963.7347
G1 X144.176 Y90.48 E2963.74139
G1 X144.258 Y90.425 E2963.74427
G1 X144.297 Y90.333 E2963.74718
G1 X144.297 Y87.741 E2963.82261
G1 F2063 X144.141 Y87.361 E2963.83453
G1 F2069 X144.027 Y87.221 E2963.83976
G1 X143.729 Y87.021 E2963.85014
G1 X143.49 Y86.947 E2963.85738
G1 F2057.1 X120.311 Y86.947 E2964.53195
G1 X119.895 Y87.297 E2964.54777
M204 S2000
G0 F9000 X119.372 Y87.672
M204 S500
;TYPE:WALL-OUTER
G1 F1800 X143.416 Y87.673 E2965.34748
G1 X143.528 Y87.745 E2965.35191
G1 X143.569 Y87.834 E2965.35517
G1 X143.572 Y90.876 E2965.45634
G1 X144.105 Y90.876 E2965.47407
G1 X144.319 Y90.835 E2965.48132
G1 X144.516 Y90.705 E2965.48917
G1 X144.672 Y90.408 E2965.50033
G1 X144.672 Y87.878 E2965.58447
G1 X144.647 Y87.624 E2965.59296
G1 X144.532 Y87.248 E2965.60604
G1 X144.293 Y86.955 E2965.61862
G1 X143.99 Y86.709 E2965.6316
G1 X143.624 Y86.598 E2965.64432
G1 X143.366 Y86.572 E2965.65294
G1 X120.174 Y86.572 E2966.42431
G1 X119.637 Y87.024 E2966.44766
G1 X119.372 Y87.224 E2966.4587
G1 X119.372 Y87.672 E2966.4736
M204 S2000
G1 F2400 E2965.6736
G0 F9000 X119.645 Y87.405
G0 X143.789 Y87.461
G0 X142.722 Y88.528
G0 X142.722 Y91.73
G0 X143.792 Y100.339
G0 X143.946 Y104.396
M204 S500
;TYPE:WALL-INNER
G1 F2400 E2966.4736
G1 F2063 X144.103 Y104.033 E2966.48508
G1 X144.297 Y103.809 E2966.49368
G1 F2057.1 X144.297 Y101.745 E2966.55374
G1 X144.258 Y101.651 E2966.55671
G1 X144.115 Y101.579 E2966.56137
G1 X143.947 Y101.579 E2966.56626
G1 X143.946 Y104.396 E2966.64824
M204 S2000
G0 F9000 X143.947 Y117.009
M204 S500
G1 F2057.1 X144.156 Y116.998 E2966.65433
G1 X144.26 Y116.932 E2966.65791
G1 X144.296 Y116.848 E2966.66057
G1 X144.297 Y115.307 E2966.70542
G1 X144.102 Y115.084 E2966.71404
G1 X143.947 Y114.796 E2966.72356
G1 X143.947 Y117.009 E2966.78796
M204 S2000
G0 F9000 X143.572 Y117.384
M204 S500
;TYPE:WALL-OUTER
G1 F1800 X144.242 Y117.384 E2966.81025
G1 X144.517 Y117.215 E2966.82098
G1 X144.671 Y116.921 E2966.83202
G1 X144.672 Y115.232 E2966.8882
G1 X144.584 Y115.021 E2966.8958
G1 X144.359 Y114.81 E2966.90606
G1 F1490.7 X144.217 Y114.713 E2966.91297
G1 F1276.6 X144.215 Y104.452 E2967.39418
G1 F1496.9 X144.583 Y104.095 E2967.41468
G1 F1800 X144.671 Y103.884 E2967.42229
G1 X144.672 Y101.672 E2967.49586
G1 X144.517 Y101.371 E2967.50712
G1 X144.315 Y101.243 E2967.51507
G1 X144.162 Y101.204 E2967.52032
G1 X143.572 Y101.202 E2967.53995
G1 X143.572 Y103.965 E2967.63184
G1 F1496.9 X143.653 Y104.452 E2967.65159
G1 F1276.6 X143.655 Y114.761 E2968.13505
G1 F1490.7 X143.572 Y115.151 E2968.15106
G1 F1800 X143.572 Y117.384 E2968.22533
M204 S2000
G1 F2400 E2967.42533
;MESH:NONMESH
G0 F300 X143.572 Y117.384 Z5.6
G0 F9000 X143.845 Y117.115
G0 X143.793 Y118.25
G0 X142.722 Y128.902
G0 X142.722 Y131.472
G0 X110 Y133.048
;TIME_ELAPSED:3430.754803
;LAYER:27
M204 S500
;TYPE:WALL-INNER
;MESH:raspberry pi 4 B bottom part case.stl
G1 F2400 E2968.22533
G1 F2057.1 X143.356 Y133.048 E2969.19608
G1 X143.729 Y132.976 E2969.20714
G1 F2063 X144.029 Y132.774 E2969.21763
G1 F2057.1 X144.142 Y132.636 E2969.22282
G1 X144.297 Y132.253 E2969.23485
G1 X144.297 Y130.298 E2969.29174
G1 X144.261 Y130.211 E2969.29448
G1 X144.147 Y130.14 E2969.29839
G1 X143.947 Y130.131 E2969.30422
G1 F2069 X143.943 Y132.18 E2969.36351
G1 F2074.9 X143.9 Y132.352 E2969.36862
G1 F2069 X143.782 Y132.527 E2969.37473
G1 X143.498 Y132.699 E2969.38434
G1 F2063 X76.656 Y132.699 E2971.32406
G1 X76.401 Y132.654 E2971.33157
G1 F2069 X76.146 Y132.444 E2971.34113
G1 X76.049 Y132.206 E2971.34857
G1 X76.05 Y87.792 E2972.63374
G1 F2063 X76.218 Y87.465 E2972.64441
G1 F2069 X76.401 Y87.342 E2972.65079
G1 X76.548 Y87.297 E2972.65524
G1 F2057.1 X81.241 Y87.297 E2972.79182
G1 X81.241 Y87.105 E2972.79741
G1 X81.076 Y86.947 E2972.80406
G1 X76.491 Y86.948 E2972.93749
G1 F2063 X76.112 Y87.103 E2972.94937
G1 X75.97 Y87.219 E2972.9547
G1 F2069 X75.772 Y87.519 E2972.9651
G1 X75.699 Y87.76 E2972.97238
G1 X75.7 Y132.236 E2974.25936
G1 X75.774 Y132.482 E2974.26679
G1 X75.969 Y132.776 E2974.277
G1 X76.267 Y132.975 E2974.28737
G1 F2063 X76.656 Y133.049 E2974.29886
G1 F2057.1 X110 Y133.048 E2975.26925
M204 S2000
G0 F9000 X110 Y133.424
M204 S500
;TYPE:WALL-OUTER
G1 F1800 X143.366 Y133.424 E2976.37901
G1 X143.624 Y133.398 E2976.38764
G1 X143.989 Y133.287 E2976.40033
G1 X144.294 Y133.041 E2976.41336
G1 X144.456 Y132.844 E2976.42184
G1 X144.569 Y132.628 E2976.42995
G1 X144.646 Y132.373 E2976.43881
G1 X144.672 Y132.114 E2976.44747
G1 X144.672 Y130.224 E2976.51033
G1 X144.517 Y129.928 E2976.52144
G1 X144.236 Y129.756 E2976.5324
G1 X143.572 Y129.756 E2976.55448
G1 X143.572 Y132.144 E2976.63391
G1 X143.499 Y132.28 E2976.63904
G1 X143.392 Y132.324 E2976.64289
G1 X76.604 Y132.324 E2978.86427
G1 X76.457 Y132.236 E2978.86997
G1 X76.427 Y132.162 E2978.87262
G1 X76.427 Y87.834 E2980.34698
G1 X76.497 Y87.716 E2980.35154
G1 X76.585 Y87.675 E2980.35477
G1 X81.616 Y87.672 E2980.5221
G1 X81.616 Y87.029 E2980.54349
G1 X81.547 Y86.866 E2980.54938
G1 X81.326 Y86.646 E2980.55975
G1 X81.151 Y86.572 E2980.56607
G1 X76.63 Y86.572 E2980.71644
G1 X76.372 Y86.598 E2980.72506
G1 X76.004 Y86.71 E2980.73785
G1 X75.703 Y86.954 E2980.75074
G1 X75.46 Y87.261 E2980.76376
G1 X75.35 Y87.624 E2980.77638
G1 X75.324 Y87.878 E2980.78487
G1 X75.324 Y132.114 E2982.25617
G1 X75.35 Y132.372 E2982.26479
G1 X75.46 Y132.74 E2982.27757
G1 X75.703 Y133.041 E2982.29043
G1 X76.003 Y133.286 E2982.30332
G1 X76.372 Y133.398 E2982.31614
G1 X76.63 Y133.424 E2982.32477
G1 X110 Y133.424 E2983.43466
M204 S2000
G1 F2400 E2982.63466
G0 F9000 X110 Y133.125
G0 X93.089 Y132.545
G0 X93.089 Y131.46
G0 X93.089 Y88.54
G0 X93.089 Y87.297
M204 S500
;TYPE:WALL-INNER
G1 F2400 E2983.43466
G1 F2057.1 X93.089 Y87.105 E2983.44025
G1 X92.924 Y86.947 E2983.44689
G1 X89.736 Y86.947 E2983.53967
G1 X89.586 Y86.988 E2983.5442
G1 X89.487 Y87.106 E2983.54868
G1 X89.487 Y87.297 E2983.55424
G1 X93.089 Y87.297 E2983.65907
M204 S2000
G0 F9000 X93.464 Y87.672
M204 S500
;TYPE:WALL-OUTER
G1 F1800 X93.464 Y87.032 E2983.68035
G1 X93.394 Y86.862 E2983.68647
G1 X93.175 Y86.646 E2983.6967
G1 X92.999 Y86.572 E2983.70305
G1 X89.687 Y86.572 E2983.81321
G1 X89.392 Y86.652 E2983.82337
G1 X89.182 Y86.862 E2983.83325
G1 X89.112 Y87.032 E2983.83937
G1 X89.112 Y87.672 E2983.86065
G1 X93.464 Y87.672 E2984.0054
M204 S2000
G1 F2400 E2983.2054
G0 F9000 X93.194 Y87.405
G0 X94.329 Y87.297
G0 X98.691 Y87.297
G0 X103.161 Y87.297
M204 S500
;TYPE:WALL-INNER
G1 F2400 E2984.0054
G1 F2057.1 X103.161 Y87.105 E2984.01099
G1 X102.996 Y86.947 E2984.01764
G1 X100.177 Y86.947 E2984.09968
G1 X100.031 Y86.987 E2984.10408
G1 X99.931 Y87.101 E2984.1085
G1 X99.931 Y87.297 E2984.1142
G1 X103.161 Y87.297 E2984.2082
M204 S2000
G0 F9000 X103.536 Y87.672
M204 S500
;TYPE:WALL-OUTER
G1 F1800 X103.536 Y87.029 E2984.22959
G1 X103.467 Y86.866 E2984.23547
G1 X103.246 Y86.646 E2984.24585
G1 X103.071 Y86.572 E2984.25217
G1 X100.127 Y86.572 E2984.35008
G1 X99.836 Y86.651 E2984.36011
G1 X99.622 Y86.865 E2984.37018
G1 X99.556 Y87.028 E2984.37603
G1 X99.556 Y87.672 E2984.39745
G1 X103.536 Y87.672 E2984.52982
M204 S2000
G1 F2400 E2983.72982
G0 F9000 X103.267 Y87.405
G0 X104.402 Y87.297
G0 X108.672 Y87.297
G0 X109.911 Y87.297
M204 S500
;TYPE:WALL-INNER
G1 F2400 E2984.52982
G1 F2057.1 X114.981 Y87.296 E2984.67737
G1 X114.581 Y86.947 E2984.69282
G1 X110.16 Y86.947 E2984.82148
G1 X110.01 Y86.988 E2984.82601
G1 X109.911 Y87.106 E2984.83049
G1 X109.911 Y87.297 E2984.83605
M204 S2000
G0 F9000 X110 Y87.672
M204 S500
;TYPE:WALL-OUTER
G1 F1800 X115.464 Y87.672 E2985.01778
G1 X115.464 Y87.217 E2985.03292
G1 X114.973 Y86.797 E2985.05441
G1 X114.726 Y86.572 E2985.06552
G1 X110.111 Y86.572 E2985.21902
G1 X109.816 Y86.652 E2985.22918
G1 X109.606 Y86.862 E2985.23906
G1 X109.536 Y87.032 E2985.24518
G1 X109.536 Y87.672 E2985.26646
G1 X110 Y87.672 E2985.28189
M204 S2000
G1 F2400 E2984.48189
G0 F9000 X110 Y87.375
G0 X115.246 Y87.318
G0 X116.329 Y87.316
G0 X118.679 Y87.318
G0 X120.027 Y87.296
M204 S500
;TYPE:WALL-INNER
G1 F2400 E2985.28189
G1 F2057.1 X143.447 Y87.298 E2985.96348
G1 F2069 X143.595 Y87.342 E2985.96795
G1 X143.781 Y87.466 E2985.97441
G1 X143.901 Y87.648 E2985.98072
G1 X143.947 Y87.799 E2985.98529
G1 F2063 X143.946 Y90.499 E2986.06364
G1 X144.16 Y90.487 E2986.06986
G1 X144.262 Y90.422 E2986.07337
G1 X144.297 Y90.337 E2986.07604
G1 X144.297 Y87.741 E2986.15137
G1 X144.141 Y87.361 E2986.1633
G1 F2069 X144.027 Y87.221 E2986.16852
G1 X143.729 Y87.021 E2986.1789
G1 X143.49 Y86.947 E2986.18614
G1 F2057.1 X120.425 Y86.947 E2986.8574
G1 X120.027 Y87.296 E2986.8728
M204 S2000
G0 F9000 X119.544 Y87.672
M204 S500
;TYPE:WALL-OUTER
G1 F1800 X143.416 Y87.673 E2987.66679
G1 X143.528 Y87.745 E2987.67122
G1 X143.569 Y87.834 E2987.67447
G1 X143.572 Y90.875 E2987.77562
G1 X144.156 Y90.872 E2987.79504
G1 X144.305 Y90.836 E2987.80014
G1 X144.517 Y90.704 E2987.80845
G1 X144.671 Y90.409 E2987.81952
G1 X144.672 Y87.878 E2987.9037
G1 X144.647 Y87.624 E2987.91219
G1 X144.532 Y87.248 E2987.92526
G1 X144.293 Y86.955 E2987.93784
G1 X143.99 Y86.709 E2987.95082
G1 X143.624 Y86.598 E2987.96354
G1 X143.366 Y86.572 E2987.97217
G1 X120.279 Y86.572 E2988.74004
G1 X120.031 Y86.8 E2988.75125
G1 X119.544 Y87.217 E2988.77257
G1 X119.544 Y87.672 E2988.78771
M204 S2000
G1 F2400 E2987.98771
G0 F9000 X119.814 Y87.405
G0 X143.789 Y87.461
G0 X142.722 Y88.528
G0 X142.722 Y91.732
G0 X143.791 Y100.338
G0 X143.947 Y103.974
M204 S500
;TYPE:WALL-INNER
G1 F2400 E2988.78771
G1 F2057.1 X144.168 Y103.963 E2988.79415
G1 X144.257 Y103.903 E2988.79727
G1 X144.297 Y103.809 E2988.80024
G1 X144.297 Y101.74 E2988.86046
G1 X144.261 Y101.655 E2988.86314
G1 X144.16 Y101.591 E2988.86662
G1 X143.947 Y101.579 E2988.87283
G1 X143.947 Y103.974 E2988.94253
M204 S2000
G0 F9000 X143.572 Y104.351
M204 S500
;TYPE:WALL-OUTER
G1 F1800 X144.168 Y104.348 E2988.96235
G1 X144.319 Y104.313 E2988.96751
G1 X144.582 Y104.1 E2988.97877
G1 X144.672 Y103.884 E2988.98655
G1 X144.672 Y101.667 E2989.06029
G1 X144.517 Y101.372 E2989.07137
G1 X144.306 Y101.24 E2989.07965
G1 X144.152 Y101.204 E2989.08491
G1 X143.572 Y101.202 E2989.1042
G1 X143.572 Y104.351 E2989.20894
M204 S2000
G1 F2400 E2988.40894
G0 F9000 X143.845 Y104.083
G0 X143.793 Y105.217
G0 X143.792 Y113.899
G0 X143.947 Y117.009
M204 S500
;TYPE:WALL-INNER
G1 F2400 E2989.20894
G1 F2057.1 X144.151 Y116.999 E2989.21488
G1 X144.261 Y116.931 E2989.21864
G1 X144.297 Y116.846 E2989.22133
G1 X144.297 Y115.305 E2989.26618
G1 X144.258 Y115.209 E2989.26919
G1 X144.168 Y115.151 E2989.27231
G1 X143.947 Y115.139 E2989.27875
G1 X143.947 Y117.009 E2989.33317
M204 S2000
G0 F9000 X143.572 Y117.384
M204 S500
;TYPE:WALL-OUTER
G1 F1800 X144.24 Y117.384 E2989.35539
G1 X144.52 Y117.212 E2989.36632
G1 X144.672 Y116.92 E2989.37727
G1 X144.672 Y115.232 E2989.43341
G1 X144.516 Y114.931 E2989.44469
G1 X144.319 Y114.803 E2989.4525
G1 X144.163 Y114.764 E2989.45785
G1 X143.572 Y114.762 E2989.47751
G1 X143.572 Y117.384 E2989.56471
M204 S2000
G1 F2400 E2988.76471
;MESH:NONMESH
G0 F300 X143.572 Y117.384 Z5.8
G0 F9000 X143.845 Y117.116
G0 X143.792 Y118.251
G0 X142.722 Y128.903
G0 X142.722 Y131.472
G0 X110 Y133.048
;TIME_ELAPSED:3458.680633
;LAYER:28
M204 S500
;TYPE:WALL-INNER
;MESH:raspberry pi 4 B bottom part case.stl
G1 F2400 E2989.56471
G1 F2057.1 X143.356 Y133.048 E2990.53546
G1 X143.729 Y132.976 E2990.54652
G1 F2063 X144.029 Y132.774 E2990.55701
G1 F2057.1 X144.142 Y132.636 E2990.5622
G1 X144.297 Y132.253 E2990.57423
G1 X144.297 Y130.296 E2990.63118
G1 X144.207 Y130.174 E2990.63559
G1 X143.947 Y130.131 E2990.64326
G1 F2069 X143.943 Y132.18 E2990.70255
G1 F2074.9 X143.9 Y132.352 E2990.70767
G1 F2069 X143.782 Y132.527 E2990.71378
G1 X143.498 Y132.699 E2990.72338
G1 F2063 X76.656 Y132.699 E2992.6631
G1 X76.401 Y132.654 E2992.67062
G1 F2069 X76.146 Y132.444 E2992.68018
G1 X76.049 Y132.206 E2992.68761
G1 X76.05 Y87.792 E2993.97279
G1 F2063 X76.218 Y87.465 E2993.98346
G1 F2069 X76.401 Y87.342 E2993.98984
G1 X76.548 Y87.297 E2993.99429
G1 F2057.1 X81.241 Y87.297 E2994.13087
G1 X81.241 Y87.105 E2994.13645
G1 X81.076 Y86.947 E2994.1431
G1 X76.491 Y86.948 E2994.27654
G1 F2063 X76.112 Y87.103 E2994.28842
G1 X75.97 Y87.219 E2994.29374
G1 F2069 X75.772 Y87.519 E2994.30414
G1 X75.699 Y87.76 E2994.31143
G1 X75.7 Y132.236 E2995.5984
G1 X75.774 Y132.482 E2995.60583
G1 X75.969 Y132.776 E2995.61604
G1 X76.267 Y132.975 E2995.62641
G1 F2063 X76.656 Y133.049 E2995.6379
G1 F2057.1 X110 Y133.048 E2996.6083
M204 S2000
G0 F9000 X110 Y133.424
M204 S500
;TYPE:WALL-OUTER
G1 F1800 X143.366 Y133.424 E2997.71806
G1 X143.624 Y133.398 E2997.72668
G1 X143.989 Y133.287 E2997.73937
G1 X144.294 Y133.041 E2997.7524
G1 X144.456 Y132.844 E2997.76089
G1 X144.569 Y132.628 E2997.769
G1 X144.646 Y132.373 E2997.77786
G1 X144.672 Y132.114 E2997.78651
G1 X144.672 Y130.223 E2997.84941
G1 X144.593 Y130.029 E2997.85637
G1 X144.406 Y129.842 E2997.86517
G1 X144.122 Y129.756 E2997.87504
G1 X143.572 Y129.756 E2997.89333
G1 X143.572 Y132.144 E2997.97276
G1 X143.499 Y132.28 E2997.97789
G1 X143.392 Y132.324 E2997.98174
G1 X76.604 Y132.324 E3000.20312
G1 X76.457 Y132.236 E3000.20882
G1 X76.427 Y132.162 E3000.21147
G1 X76.427 Y87.834 E3001.68583
G1 X76.497 Y87.716 E3001.69039
G1 X76.585 Y87.675 E3001.69362
G1 X81.616 Y87.672 E3001.86095
G1 X81.616 Y87.029 E3001.88234
G1 X81.547 Y86.866 E3001.88822
G1 X81.326 Y86.646 E3001.8986
G1 X81.151 Y86.572 E3001.90492
G1 X76.63 Y86.572 E3002.05529
G1 X76.372 Y86.598 E3002.06391
G1 X76.004 Y86.71 E3002.0767
G1 X75.703 Y86.954 E3002.08959
G1 X75.46 Y87.261 E3002.10261
G1 X75.35 Y87.624 E3002.11523
G1 X75.324 Y87.878 E3002.12372
G1 X75.324 Y132.114 E3003.59502
G1 X75.35 Y132.372 E3003.60364
G1 X75.46 Y132.74 E3003.61642
G1 X75.703 Y133.041 E3003.62928
G1 X76.003 Y133.286 E3003.64217
G1 X76.372 Y133.398 E3003.65499
G1 X76.63 Y133.424 E3003.66362
G1 X110 Y133.424 E3004.77351
M204 S2000
G1 F2400 E3003.97351
G0 F9000 X110 Y133.125
G0 X93.089 Y132.545
G0 X93.089 Y131.46
G0 X93.089 Y88.54
G0 X93.089 Y87.297
M204 S500
;TYPE:WALL-INNER
G1 F2400 E3004.77351
G1 F2057.1 X93.089 Y87.105 E3004.77909
G1 X92.924 Y86.947 E3004.78574
G1 X89.736 Y86.947 E3004.87852
G1 X89.586 Y86.988 E3004.88305
G1 X89.487 Y87.106 E3004.88753
G1 X89.487 Y87.297 E3004.89309
G1 X93.089 Y87.297 E3004.99792
M204 S2000
G0 F9000 X93.464 Y87.672
M204 S500
;TYPE:WALL-OUTER
G1 F1800 X93.464 Y87.032 E3005.0192
G1 X93.394 Y86.862 E3005.02532
G1 X93.175 Y86.646 E3005.03555
G1 X92.999 Y86.572 E3005.0419
G1 X89.687 Y86.572 E3005.15206
G1 X89.392 Y86.652 E3005.16222
G1 X89.182 Y86.862 E3005.1721
G1 X89.112 Y87.032 E3005.17821
G1 X89.112 Y87.672 E3005.1995
G1 X93.464 Y87.672 E3005.34425
M204 S2000
G1 F2400 E3004.54425
G0 F9000 X93.194 Y87.405
G0 X94.329 Y87.297
G0 X98.691 Y87.297
G0 X103.161 Y87.297
M204 S500
;TYPE:WALL-INNER
G1 F2400 E3005.34425
G1 F2057.1 X103.161 Y87.105 E3005.34984
G1 X102.996 Y86.947 E3005.35649
G1 X100.177 Y86.947 E3005.43853
G1 X100.031 Y86.987 E3005.44293
G1 X99.931 Y87.101 E3005.44734
G1 X99.931 Y87.297 E3005.45305
G1 X103.161 Y87.297 E3005.54705
M204 S2000
G0 F9000 X103.536 Y87.672
M204 S500
;TYPE:WALL-OUTER
G1 F1800 X103.536 Y87.029 E3005.56844
G1 X103.467 Y86.866 E3005.57432
G1 X103.246 Y86.646 E3005.5847
G1 X103.071 Y86.572 E3005.59101
G1 X100.127 Y86.572 E3005.68893
G1 X99.836 Y86.651 E3005.69896
G1 X99.622 Y86.865 E3005.70903
G1 X99.556 Y87.028 E3005.71488
G1 X99.556 Y87.672 E3005.7363
G1 X103.536 Y87.672 E3005.86867
M204 S2000
G1 F2400 E3005.06867
G0 F9000 X103.267 Y87.405
G0 X104.402 Y87.297
G0 X108.672 Y87.297
G0 X109.911 Y87.297
M204 S500
;TYPE:WALL-INNER
G1 F2400 E3005.86867
G1 F2057.1 X114.866 Y87.296 E3006.01288
G1 X114.487 Y86.947 E3006.02787
G1 X110.16 Y86.947 E3006.1538
G1 X110.01 Y86.988 E3006.15832
G1 X109.911 Y87.106 E3006.1628
G1 X109.911 Y87.297 E3006.16836
M204 S2000
G0 F9000 X110 Y87.672
M204 S500
;TYPE:WALL-OUTER
G1 F1800 X115.348 Y87.672 E3006.34624
G1 X115.348 Y87.231 E3006.36091
G1 X114.633 Y86.572 E3006.39325
G1 X110.111 Y86.572 E3006.54365
G1 X109.816 Y86.652 E3006.55382
G1 X109.606 Y86.862 E3006.56369
G1 X109.536 Y87.032 E3006.56981
G1 X109.536 Y87.672 E3006.59109
G1 X110 Y87.672 E3006.60653
M204 S2000
G1 F2400 E3005.80653
G0 F9000 X110 Y87.375
G0 X115.13 Y87.318
G0 X116.213 Y87.316
G0 X118.795 Y87.318
G0 X120.137 Y87.297
M204 S500
;TYPE:WALL-INNER
G1 F2400 E3006.60653
G1 F2057.1 X143.447 Y87.298 E3007.28491
G1 F2069 X143.595 Y87.342 E3007.28938
G1 X143.781 Y87.466 E3007.29585
G1 X143.901 Y87.648 E3007.30215
G1 X143.947 Y87.799 E3007.30672
G1 F2063 X143.946 Y90.502 E3007.38516
G1 X144.195 Y90.472 E3007.39244
G1 X144.298 Y90.332 E3007.39748
G1 X144.297 Y87.741 E3007.47267
G1 X144.141 Y87.361 E3007.48459
G1 F2069 X144.027 Y87.221 E3007.48982
G1 X143.729 Y87.021 E3007.5002
G1 X143.49 Y86.947 E3007.50744
G1 F2057.1 X120.52 Y86.947 E3008.17593
G1 X120.137 Y87.297 E3008.19103
M204 S2000
G0 F9000 X119.66 Y87.672
M204 S500
;TYPE:WALL-OUTER
G1 F1800 X143.416 Y87.673 E3008.98116
G1 X143.528 Y87.745 E3008.98558
G1 X143.569 Y87.834 E3008.98884
G1 X143.572 Y90.876 E3009.09002
G1 X144.196 Y90.876 E3009.11078
G1 X144.407 Y90.79 E3009.11835
G1 X144.589 Y90.607 E3009.12694
G1 X144.672 Y90.405 E3009.1342
G1 X144.672 Y87.878 E3009.21825
G1 X144.647 Y87.624 E3009.22674
G1 X144.532 Y87.248 E3009.23982
G1 X144.293 Y86.955 E3009.25239
G1 X143.99 Y86.709 E3009.26537
G1 X143.624 Y86.598 E3009.27809
G1 X143.366 Y86.572 E3009.28672
G1 X120.374 Y86.572 E3010.05144
G1 X119.66 Y87.217 E3010.08344
G1 X119.66 Y87.672 E3010.09857
M204 S2000
G1 F2400 E3009.29857
G0 F9000 X119.93 Y87.405
G0 X143.789 Y87.461
G0 X142.722 Y88.528
G0 X142.722 Y91.73
G0 X143.79 Y100.338
G0 X143.947 Y103.977
M204 S500
;TYPE:WALL-INNER
G1 F2400 E3010.09857
G1 F2057.1 X144.155 Y103.967 E3010.10463
G1 X144.257 Y103.901 E3010.10817
G1 X144.297 Y103.807 E3010.11114
G1 X144.297 Y101.746 E3010.17112
G1 X144.198 Y101.606 E3010.17611
G1 X143.947 Y101.578 E3010.18346
G1 X143.947 Y103.977 E3010.25328
M204 S2000
G0 F9000 X143.572 Y104.352
M204 S500
;TYPE:WALL-OUTER
G1 F1800 X144.156 Y104.352 E3010.2727
G1 X144.304 Y104.317 E3010.27776
G1 X144.516 Y104.181 E3010.28614
G1 X144.672 Y103.88 E3010.29741
G1 X144.672 Y101.675 E3010.37075
G1 X144.589 Y101.466 E3010.37823
G1 X144.408 Y101.287 E3010.3867
G1 X144.204 Y101.204 E3010.39402
G1 X143.572 Y101.201 E3010.41505
G1 X143.572 Y104.352 E3010.51985
M204 S2000
G1 F2400 E3009.71985
G0 F9000 X143.845 Y104.083
G0 X143.915 Y105.217
G0 X143.882 Y113.899
G0 X143.947 Y117.01
M204 S500
;TYPE:WALL-INNER
G1 F2400 E3010.51985
G1 F2057.1 X144.131 Y117.009 E3010.5252
G1 X144.297 Y116.882 E3010.53129
G1 X144.297 Y115.309 E3010.57706
G1 X144.257 Y115.211 E3010.58014
G1 X144.157 Y115.149 E3010.58357
G1 X143.947 Y115.139 E3010.58969
G1 X143.947 Y117.01 E3010.64414
M204 S2000
G0 F9000 X143.572 Y117.387
M204 S500
;TYPE:WALL-OUTER
G1 F1800 X144.207 Y117.384 E3010.66526
G1 X144.401 Y117.303 E3010.67225
G1 X144.593 Y117.111 E3010.68128
G1 X144.672 Y116.917 E3010.68825
G1 X144.672 Y115.236 E3010.74416
G1 X144.516 Y114.931 E3010.75555
G1 X144.252 Y114.764 E3010.76594
G1 X143.572 Y114.762 E3010.78856
G1 X143.572 Y117.387 E3010.87587
M204 S2000
G1 F2400 E3010.07587
;MESH:NONMESH
G0 F300 X143.572 Y117.387 Z6
G0 F9000 X143.845 Y117.116
G0 X143.791 Y118.251
G0 X142.722 Y128.903
G0 X142.722 Y131.472
G0 X110 Y133.048
;TIME_ELAPSED:3486.579408
;LAYER:29
M204 S500
;TYPE:WALL-INNER
;MESH:raspberry pi 4 B bottom part case.stl
G1 F2400 E3010.87587
G1 F2057.1 X143.356 Y133.048 E3011.84662
G1 X143.729 Y132.976 E3011.85767
G1 F2063 X144.029 Y132.774 E3011.86817
G1 F2057.1 X144.142 Y132.636 E3011.87336
G1 X144.297 Y132.253 E3011.88538
G1 X144.297 Y130.298 E3011.94228
G1 X144.203 Y130.174 E3011.94681
G1 X143.947 Y130.131 E3011.95436
G1 F2069 X143.943 Y132.18 E3012.01365
G1 F2074.9 X143.9 Y132.352 E3012.01877
G1 F2069 X143.782 Y132.527 E3012.02487
G1 X143.498 Y132.699 E3012.03448
G1 F2063 X76.656 Y132.699 E3013.9742
G1 X76.401 Y132.654 E3013.98172
G1 F2069 X76.146 Y132.444 E3013.99127
G1 X76.049 Y132.206 E3013.99871
G1 X76.05 Y87.792 E3015.28389
G1 F2063 X76.218 Y87.465 E3015.29456
G1 F2069 X76.401 Y87.342 E3015.30094
G1 X76.548 Y87.297 E3015.30539
G1 F2057.1 X81.241 Y87.297 E3015.44196
G1 X81.241 Y87.105 E3015.44755
G1 X81.076 Y86.947 E3015.4542
G1 X76.491 Y86.948 E3015.58764
G1 F2063 X76.112 Y87.103 E3015.59952
G1 X75.97 Y87.219 E3015.60484
G1 F2069 X75.772 Y87.519 E3015.61524
G1 X75.699 Y87.76 E3015.62253
G1 X75.7 Y132.236 E3016.9095
G1 X75.774 Y132.482 E3016.91693
G1 X75.969 Y132.776 E3016.92714
G1 X76.267 Y132.975 E3016.93751
G1 F2063 X76.656 Y133.049 E3016.949
G1 F2057.1 X110 Y133.048 E3017.9194
M204 S2000
G0 F9000 X110 Y133.424
M204 S500
;TYPE:WALL-OUTER
G1 F1800 X143.366 Y133.424 E3019.02916
G1 X143.624 Y133.398 E3019.03778
G1 X143.989 Y133.287 E3019.05047
G1 X144.294 Y133.041 E3019.0635
G1 X144.456 Y132.844 E3019.07199
G1 X144.569 Y132.628 E3019.08009
G1 X144.646 Y132.373 E3019.08895
G1 X144.672 Y132.114 E3019.09761
G1 X144.672 Y130.224 E3019.16047
G1 X144.594 Y130.033 E3019.16733
G1 X144.402 Y129.842 E3019.17634
G1 X144.118 Y129.756 E3019.18621
G1 X143.572 Y129.756 E3019.20437
G1 X143.572 Y132.144 E3019.2838
G1 X143.499 Y132.28 E3019.28893
G1 X143.392 Y132.324 E3019.29278
G1 X76.604 Y132.324 E3021.51416
G1 X76.457 Y132.236 E3021.51985
G1 X76.427 Y132.162 E3021.52251
G1 X76.427 Y87.834 E3022.99687
G1 X76.497 Y87.716 E3023.00143
G1 X76.585 Y87.675 E3023.00466
G1 X81.616 Y87.672 E3023.17199
G1 X81.616 Y87.029 E3023.19338
G1 X81.547 Y86.866 E3023.19926
G1 X81.326 Y86.646 E3023.20963
G1 X81.151 Y86.572 E3023.21595
G1 X76.63 Y86.572 E3023.36632
G1 X76.372 Y86.598 E3023.37495
G1 X76.004 Y86.71 E3023.38774
G1 X75.703 Y86.954 E3023.40063
G1 X75.46 Y87.261 E3023.41365
G1 X75.35 Y87.624 E3023.42627
G1 X75.324 Y87.878 E3023.43476
G1 X75.324 Y132.114 E3024.90606
G1 X75.35 Y132.372 E3024.91468
G1 X75.46 Y132.74 E3024.92745
G1 X75.703 Y133.041 E3024.94032
G1 X76.003 Y133.286 E3024.9532
G1 X76.372 Y133.398 E3024.96603
G1 X76.63 Y133.424 E3024.97465
G1 X110 Y133.424 E3026.08454
M204 S2000
G1 F2400 E3025.28454
G0 F9000 X110 Y133.125
G0 X93.089 Y132.545
G0 X93.089 Y131.46
G0 X93.089 Y88.54
G0 X93.089 Y87.297
M204 S500
;TYPE:WALL-INNER
G1 F2400 E3026.08454
G1 F2057.1 X93.089 Y87.105 E3026.09013
G1 X92.924 Y86.947 E3026.09678
G1 X89.736 Y86.947 E3026.18956
G1 X89.586 Y86.988 E3026.19409
G1 X89.487 Y87.106 E3026.19857
G1 X89.487 Y87.297 E3026.20413
G1 X93.089 Y87.297 E3026.30895
M204 S2000
G0 F9000 X93.464 Y87.672
M204 S500
;TYPE:WALL-OUTER
G1 F1800 X93.464 Y87.032 E3026.33024
G1 X93.394 Y86.862 E3026.33636
G1 X93.175 Y86.646 E3026.34659
G1 X92.999 Y86.572 E3026.35294
G1 X89.687 Y86.572 E3026.46309
G1 X89.392 Y86.652 E3026.47326
G1 X89.182 Y86.862 E3026.48314
G1 X89.112 Y87.032 E3026.48925
G1 X89.112 Y87.672 E3026.51054
G1 X93.464 Y87.672 E3026.65529
M204 S2000
G1 F2400 E3025.85529
G0 F9000 X93.194 Y87.405
G0 X94.329 Y87.297
G0 X98.691 Y87.297
G0 X103.161 Y87.297
M204 S500
;TYPE:WALL-INNER
G1 F2400 E3026.65529
G1 F2057.1 X103.161 Y87.105 E3026.66088
G1 X102.996 Y86.947 E3026.66752
G1 X100.177 Y86.947 E3026.74956
G1 X100.031 Y86.987 E3026.75397
G1 X99.931 Y87.101 E3026.75838
G1 X99.931 Y87.297 E3026.76409
G1 X103.161 Y87.297 E3026.85809
M204 S2000
G0 F9000 X103.536 Y87.672
M204 S500
;TYPE:WALL-OUTER
G1 F1800 X103.536 Y87.029 E3026.87947
G1 X103.467 Y86.866 E3026.88536
G1 X103.246 Y86.646 E3026.89573
G1 X103.071 Y86.572 E3026.90205
G1 X100.127 Y86.572 E3026.99997
G1 X99.836 Y86.651 E3027.01
G1 X99.622 Y86.865 E3027.02007
G1 X99.556 Y87.028 E3027.02591
G1 X99.556 Y87.672 E3027.04733
G1 X103.536 Y87.672 E3027.17971
M204 S2000
G1 F2400 E3026.37971
G0 F9000 X103.267 Y87.405
G0 X104.402 Y87.297
G0 X108.672 Y87.297
G0 X110 Y87.297
M204 S500
;TYPE:WALL-INNER
G1 F2400 E3027.17971
G1 F2057.1 X114.79 Y87.297 E3027.31911
G1 X114.419 Y86.947 E3027.33395
G1 X110.16 Y86.947 E3027.4579
G1 X110.01 Y86.988 E3027.46243
G1 X109.911 Y87.106 E3027.46691
G1 X109.911 Y87.297 E3027.47247
G1 X110 Y87.297 E3027.47506
M204 S2000
G0 F9000 X110 Y87.672
M204 S500
;TYPE:WALL-OUTER
G1 F1800 X115.244 Y87.672 E3027.64948
G1 X115.244 Y87.211 E3027.66481
G1 X114.568 Y86.572 E3027.69575
G1 X110.111 Y86.572 E3027.84399
G1 X109.816 Y86.652 E3027.85415
G1 X109.606 Y86.862 E3027.86403
G1 X109.536 Y87.032 E3027.87015
G1 X109.536 Y87.672 E3027.89143
G1 X110 Y87.672 E3027.90687
M204 S2000
G1 F2400 E3027.10687
G0 F9000 X110 Y87.375
G0 X115.027 Y87.304
G0 X116.11 Y87.302
G0 X118.898 Y87.304
G0 X120.214 Y87.297
M204 S500
;TYPE:WALL-INNER
G1 F2400 E3027.90687
G1 F2057.1 X143.447 Y87.298 E3028.58301
G1 F2069 X143.595 Y87.342 E3028.58748
G1 X143.781 Y87.466 E3028.59394
G1 X143.901 Y87.648 E3028.60025
G1 X143.947 Y87.799 E3028.60482
G1 X143.946 Y90.499 E3028.68295
G1 X144.148 Y90.491 E3028.6888
G1 X144.263 Y90.42 E3028.69271
G1 X144.298 Y90.336 E3028.69534
G1 X144.297 Y87.741 E3028.77043
G1 X144.141 Y87.361 E3028.78232
G1 X144.027 Y87.221 E3028.78754
G1 X143.729 Y87.021 E3028.79793
G1 X143.49 Y86.947 E3028.80517
G1 F2057.1 X120.585 Y86.947 E3029.47176
G1 X120.214 Y87.297 E3029.48661
M204 S2000
G0 F9000 X119.76 Y87.672
M204 S500
;TYPE:WALL-OUTER
G1 F1800 X143.416 Y87.673 E3030.27341
G1 X143.528 Y87.745 E3030.27784
G1 X143.569 Y87.834 E3030.28109
G1 X143.572 Y90.875 E3030.38224
G1 X144.245 Y90.871 E3030.40462
G1 X144.517 Y90.703 E3030.41526
G1 X144.672 Y90.409 E3030.42631
G1 X144.672 Y87.878 E3030.51049
G1 X144.647 Y87.624 E3030.51898
G1 X144.532 Y87.248 E3030.53206
G1 X144.293 Y86.955 E3030.54463
G1 X143.99 Y86.709 E3030.55762
G1 X143.624 Y86.598 E3030.57034
G1 X143.366 Y86.572 E3030.57896
G1 X120.436 Y86.572 E3031.34162
G1 X119.76 Y87.211 E3031.37255
G1 X119.76 Y87.672 E3031.38789
M204 S2000
G1 F2400 E3030.58789
G0 F9000 X120.033 Y87.405
G0 X143.789 Y87.461
G0 X142.722 Y88.528
G0 X142.722 Y91.732
G0 X143.79 Y100.338
G0 X143.947 Y103.977
M204 S500
;TYPE:WALL-INNER
G1 F2400 E3031.38789
G1 F2057.1 X144.134 Y103.977 E3031.39333
G1 X144.297 Y103.855 E3031.39926
G1 X144.297 Y101.744 E3031.46069
G1 X144.262 Y101.658 E3031.46339
G1 X144.148 Y101.587 E3031.4673
G1 X143.947 Y101.579 E3031.47316
G1 X143.947 Y103.977 E3031.54294
M204 S2000
G0 F9000 X143.572 Y104.352
M204 S500
;TYPE:WALL-OUTER
G1 F1800 X144.208 Y104.352 E3031.5641
G1 X144.406 Y104.27 E3031.57123
G1 X144.593 Y104.083 E3031.58002
G1 X144.672 Y103.889 E3031.58699
G1 X144.672 Y101.671 E3031.66076
G1 X144.517 Y101.376 E3031.67184
G1 X144.244 Y101.204 E3031.68257
G1 X143.572 Y101.202 E3031.70493
G1 X143.572 Y104.352 E3031.8097
M204 S2000
G1 F2400 E3031.0097
G0 F9000 X143.845 Y104.083
G0 X143.917 Y105.217
G0 X143.885 Y113.899
G0 X143.947 Y117.01
M204 S500
;TYPE:WALL-INNER
G1 F2400 E3031.8097
G1 F2057.1 X144.14 Y117.009 E3031.81531
G1 X144.297 Y116.848 E3031.82186
G1 X144.297 Y115.302 E3031.86685
G1 X144.26 Y115.215 E3031.8696
G1 X144.154 Y115.149 E3031.87323
G1 X143.947 Y115.139 E3031.87927
G1 X143.947 Y117.01 E3031.93372
M204 S2000
G0 F9000 X143.572 Y117.387
M204 S500
;TYPE:WALL-OUTER
G1 F1800 X144.215 Y117.384 E3031.9551
G1 X144.394 Y117.31 E3031.96155
G1 X144.597 Y117.107 E3031.97109
G1 X144.672 Y116.921 E3031.97776
G1 X144.672 Y115.228 E3032.03407
G1 X144.516 Y114.932 E3032.0452
G1 X144.245 Y114.764 E3032.05581
G1 X143.572 Y114.762 E3032.07819
G1 X143.572 Y117.387 E3032.1655
M204 S2000
G1 F2400 E3031.3655
;MESH:NONMESH
G0 F300 X143.572 Y117.387 Z6.2
G0 F9000 X143.845 Y117.116
G0 X143.791 Y118.251
G0 X142.722 Y128.903
G0 X142.722 Y131.472
G0 X110 Y133.048
;TIME_ELAPSED:3514.482670
;LAYER:30
M204 S500
;TYPE:WALL-INNER
;MESH:raspberry pi 4 B bottom part case.stl
G1 F2400 E3032.1655
G1 F2057.1 X143.356 Y133.048 E3033.13625
G1 X143.729 Y132.976 E3033.1473
G1 F2063 X144.029 Y132.774 E3033.1578
G1 F2057.1 X144.142 Y132.636 E3033.16299
G1 X144.297 Y132.253 E3033.17501
G1 X144.297 Y130.291 E3033.23211
G1 X144.207 Y130.176 E3033.23636
G1 X143.948 Y130.132 E3033.24401
G1 F2069 X143.943 Y132.18 E3033.30327
G1 F2074.9 X143.9 Y132.352 E3033.30838
G1 F2069 X143.782 Y132.527 E3033.31449
G1 X143.498 Y132.699 E3033.3241
G1 F2063 X76.656 Y132.699 E3035.26382
G1 X76.401 Y132.654 E3035.27133
G1 F2069 X76.146 Y132.444 E3035.28089
G1 X76.049 Y132.206 E3035.28833
G1 X76.05 Y87.792 E3036.57351
G1 F2063 X76.218 Y87.465 E3036.58418
G1 F2069 X76.401 Y87.342 E3036.59056
G1 X76.548 Y87.297 E3036.595
G1 F2057.1 X81.241 Y87.297 E3036.73158
G1 X81.241 Y87.105 E3036.73717
G1 X81.076 Y86.947 E3036.74382
G1 X76.491 Y86.948 E3036.87725
G1 F2063 X76.112 Y87.103 E3036.88914
G1 X75.97 Y87.219 E3036.89446
G1 F2069 X75.772 Y87.519 E3036.90486
G1 X75.699 Y87.76 E3036.91215
G1 X75.7 Y132.236 E3038.19912
G1 X75.774 Y132.482 E3038.20655
G1 X75.969 Y132.776 E3038.21676
G1 X76.267 Y132.975 E3038.22713
G1 F2063 X76.656 Y133.049 E3038.23862
G1 F2057.1 X110 Y133.048 E3039.20902
M204 S2000
G0 F9000 X110 Y133.424
M204 S500
;TYPE:WALL-OUTER
G1 F1800 X143.366 Y133.424 E3040.31877
G1 X143.624 Y133.398 E3040.3274
G1 X143.989 Y133.287 E3040.34009
G1 X144.294 Y133.041 E3040.35312
G1 X144.456 Y132.844 E3040.3616
G1 X144.569 Y132.628 E3040.36971
G1 X144.646 Y132.373 E3040.37857
G1 X144.672 Y132.114 E3040.38723
G1 X144.672 Y130.219 E3040.45026
G1 X144.597 Y130.034 E3040.4569
G1 X144.403 Y129.842 E3040.46597
G1 X144.111 Y129.757 E3040.47609
G1 X143.573 Y129.757 E3040.49398
G1 X143.572 Y132.144 E3040.57338
G1 X143.499 Y132.28 E3040.57851
G1 X143.392 Y132.324 E3040.58236
G1 X76.604 Y132.324 E3042.80374
G1 X76.457 Y132.236 E3042.80943
G1 X76.427 Y132.162 E3042.81209
G1 X76.427 Y87.834 E3044.28644
G1 X76.497 Y87.716 E3044.29101
G1 X76.585 Y87.675 E3044.29424
G1 X81.616 Y87.672 E3044.46157
G1 X81.616 Y87.029 E3044.48296
G1 X81.547 Y86.866 E3044.48884
G1 X81.326 Y86.646 E3044.49921
G1 X81.151 Y86.572 E3044.50553
G1 X76.63 Y86.572 E3044.6559
G1 X76.372 Y86.598 E3044.66453
G1 X76.004 Y86.71 E3044.67732
G1 X75.703 Y86.954 E3044.69021
G1 X75.46 Y87.261 E3044.70323
G1 X75.35 Y87.624 E3044.71585
G1 X75.324 Y87.878 E3044.72434
G1 X75.324 Y132.114 E3046.19563
G1 X75.35 Y132.372 E3046.20426
G1 X75.46 Y132.74 E3046.21703
G1 X75.703 Y133.041 E3046.2299
G1 X76.003 Y133.286 E3046.24278
G1 X76.372 Y133.398 E3046.25561
G1 X76.63 Y133.424 E3046.26423
G1 X110 Y133.424 E3047.37412
M204 S2000
G1 F2400 E3046.57412
G0 F9000 X110 Y133.125
G0 X93.089 Y132.545
G0 X93.089 Y131.46
G0 X93.089 Y88.54
G0 X93.089 Y87.297
M204 S500
;TYPE:WALL-INNER
G1 F2400 E3047.37412
G1 F2057.1 X93.089 Y87.105 E3047.37971
G1 X92.924 Y86.947 E3047.38636
G1 X89.736 Y86.947 E3047.47914
G1 X89.586 Y86.988 E3047.48366
G1 X89.487 Y87.106 E3047.48815
G1 X89.487 Y87.297 E3047.49371
G1 X93.089 Y87.297 E3047.59853
M204 S2000
G0 F9000 X93.464 Y87.672
M204 S500
;TYPE:WALL-OUTER
G1 F1800 X93.464 Y87.032 E3047.61982
G1 X93.394 Y86.862 E3047.62593
G1 X93.175 Y86.646 E3047.63617
G1 X92.999 Y86.572 E3047.64252
G1 X89.687 Y86.572 E3047.75267
G1 X89.392 Y86.652 E3047.76284
G1 X89.182 Y86.862 E3047.77272
G1 X89.112 Y87.032 E3047.77883
G1 X89.112 Y87.672 E3047.80012
G1 X93.464 Y87.672 E3047.94487
M204 S2000
G1 F2400 E3047.14487
G0 F9000 X93.194 Y87.405
G0 X94.329 Y87.297
G0 X98.691 Y87.297
G0 X103.161 Y87.297
M204 S500
;TYPE:WALL-INNER
G1 F2400 E3047.94487
G1 F2057.1 X103.161 Y87.105 E3047.95045
G1 X102.996 Y86.947 E3047.9571
G1 X100.177 Y86.947 E3048.03914
G1 X100.031 Y86.987 E3048.04355
G1 X99.931 Y87.101 E3048.04796
G1 X99.931 Y87.297 E3048.05367
G1 X103.161 Y87.297 E3048.14767
M204 S2000
G0 F9000 X103.536 Y87.672
M204 S500
;TYPE:WALL-OUTER
G1 F1800 X103.536 Y87.029 E3048.16905
G1 X103.467 Y86.866 E3048.17494
G1 X103.246 Y86.646 E3048.18531
G1 X103.071 Y86.572 E3048.19163
G1 X100.127 Y86.572 E3048.28955
G1 X99.836 Y86.651 E3048.29958
G1 X99.622 Y86.865 E3048.30964
G1 X99.556 Y87.028 E3048.31549
G1 X99.556 Y87.672 E3048.33691
G1 X103.536 Y87.672 E3048.46929
M204 S2000
G1 F2400 E3047.66929
G0 F9000 X103.267 Y87.405
G0 X104.402 Y87.297
G0 X108.672 Y87.297
G0 X110 Y87.297
M204 S500
;TYPE:WALL-INNER
G1 F2400 E3048.46929
G1 F2057.1 X114.72 Y87.297 E3048.60665
G1 X114.355 Y86.947 E3048.62137
G1 X110.16 Y86.947 E3048.74346
G1 X110.01 Y86.988 E3048.74798
G1 X109.911 Y87.106 E3048.75246
G1 X109.911 Y87.297 E3048.75802
G1 X110 Y87.297 E3048.76061
M204 S2000
G0 F9000 X110 Y87.672
M204 S500
;TYPE:WALL-OUTER
G1 F1800 X115.171 Y87.672 E3048.9326
G1 X115.168 Y87.21 E3048.94797
G1 X114.507 Y86.572 E3048.97852
G1 X110.111 Y86.572 E3049.12473
G1 X109.816 Y86.652 E3049.1349
G1 X109.606 Y86.862 E3049.14478
G1 X109.536 Y87.032 E3049.15089
G1 X109.536 Y87.672 E3049.17218
G1 X110 Y87.672 E3049.18761
M204 S2000
G1 F2400 E3048.38761
G0 F9000 X110 Y87.375
G0 X114.951 Y87.297
G0 X116.036 Y87.295
G0 X118.972 Y87.297
G0 X120.285 Y87.297
M204 S500
;TYPE:WALL-INNER
G1 F2400 E3049.18761
G1 F2057.1 X143.447 Y87.298 E3049.86169
G1 F2069 X143.595 Y87.342 E3049.86615
G1 X143.781 Y87.466 E3049.87262
G1 X143.901 Y87.648 E3049.87893
G1 X143.947 Y87.799 E3049.8835
G1 F2057.1 X143.947 Y90.501 E3049.96213
G1 X144.183 Y90.479 E3049.96903
G1 X144.297 Y90.336 E3049.97435
G1 X144.297 Y87.741 E3050.04988
G1 F2063 X144.141 Y87.361 E3050.0618
G1 F2069 X144.027 Y87.221 E3050.06702
G1 X143.729 Y87.021 E3050.07741
G1 X143.49 Y86.947 E3050.08465
G1 F2057.1 X120.649 Y86.947 E3050.74938
G1 X120.285 Y87.297 E3050.76407
M204 S2000
G0 F9000 X119.836 Y87.672
M204 S500
;TYPE:WALL-OUTER
G1 F1800 X143.416 Y87.673 E3051.54835
G1 X143.528 Y87.745 E3051.55278
G1 X143.569 Y87.834 E3051.55604
G1 X143.572 Y90.876 E3051.65721
G1 X144.204 Y90.876 E3051.67823
G1 X144.395 Y90.798 E3051.6851
G1 X144.597 Y90.595 E3051.69462
G1 X144.672 Y90.409 E3051.70129
G1 X144.672 Y87.878 E3051.78547
G1 X144.647 Y87.624 E3051.79396
G1 X144.532 Y87.248 E3051.80704
G1 X144.293 Y86.955 E3051.81961
G1 X143.99 Y86.709 E3051.8326
G1 X143.624 Y86.598 E3051.84532
G1 X143.366 Y86.572 E3051.85394
G1 X120.497 Y86.572 E3052.61457
G1 X119.836 Y87.209 E3052.6451
G1 X119.836 Y87.672 E3052.6605
M204 S2000
G1 F2400 E3051.8605
G0 F9000 X120.107 Y87.405
G0 X143.789 Y87.461
G0 X142.722 Y88.528
G0 X142.722 Y91.73
G0 X143.79 Y100.338
G0 X143.947 Y103.977
M204 S500
;TYPE:WALL-INNER
G1 F2400 E3052.6605
G1 F2057.1 X144.189 Y103.953 E3052.66758
G1 X144.297 Y103.819 E3052.67258
G1 X144.297 Y101.74 E3052.73309
G1 X144.184 Y101.598 E3052.73837
G1 X143.947 Y101.578 E3052.74529
G1 X143.947 Y103.977 E3052.81511
M204 S2000
G0 F9000 X143.572 Y104.352
M204 S500
;TYPE:WALL-OUTER
G1 F1800 X144.208 Y104.352 E3052.83626
G1 X144.402 Y104.27 E3052.84327
G1 X144.597 Y104.075 E3052.85244
G1 X144.672 Y103.892 E3052.85902
G1 X144.672 Y101.667 E3052.93302
G1 X144.597 Y101.481 E3052.93969
G1 X144.395 Y101.279 E3052.94919
G1 X144.209 Y101.204 E3052.95586
G1 X143.572 Y101.201 E3052.97705
G1 X143.572 Y104.352 E3053.08185
M204 S2000
G1 F2400 E3052.28185
G0 F9000 X143.845 Y104.084
G0 X143.917 Y105.218
G0 X143.916 Y113.898
G0 X143.947 Y117.009
M204 S500
;TYPE:WALL-INNER
G1 F2400 E3053.08185
G1 F2057.1 X144.14 Y117.009 E3053.08747
G1 X144.297 Y116.849 E3053.09399
G1 X144.297 Y115.299 E3053.1391
G1 X144.261 Y115.214 E3053.14179
G1 X144.149 Y115.147 E3053.14559
G1 X143.948 Y115.139 E3053.15144
G1 X143.947 Y117.009 E3053.20586
M204 S2000
G0 F9000 X143.572 Y117.384
M204 S500
;TYPE:WALL-OUTER
G1 F1800 X144.215 Y117.384 E3053.22725
G1 X144.39 Y117.31 E3053.23357
G1 X144.598 Y117.102 E3053.24335
G1 X144.672 Y116.924 E3053.24977
G1 X144.672 Y115.224 E3053.30631
G1 X144.519 Y114.931 E3053.3173
G1 X144.244 Y114.766 E3053.32797
G1 X143.573 Y114.762 E3053.35029
G1 X143.572 Y117.384 E3053.43749
M204 S2000
G1 F2400 E3052.63749
;MESH:NONMESH
G0 F300 X143.572 Y117.384 Z6.4
G0 F9000 X143.845 Y117.117
G0 X143.791 Y118.251
G0 X142.722 Y128.904
G0 X142.722 Y131.472
G0 X110 Y133.048
;TIME_ELAPSED:3542.355869
;LAYER:31
M204 S500
;TYPE:WALL-INNER
;MESH:raspberry pi 4 B bottom part case.stl
G1 F2400 E3053.43749
G1 F2057.1 X143.356 Y133.048 E3054.40824
G1 X143.729 Y132.976 E3054.4193
G1 F2063 X144.029 Y132.774 E3054.42979
G1 F2057.1 X144.142 Y132.636 E3054.43498
G1 X144.297 Y132.253 E3054.44701
G1 F2063 X144.297 Y130.265 E3054.5047
G1 F2057.1 X144.142 Y130.131 E3054.51066
G1 X143.947 Y130.131 E3054.51634
G1 F2069 X143.943 Y132.18 E3054.57563
G1 F2074.9 X143.9 Y132.352 E3054.58074
G1 F2069 X143.782 Y132.527 E3054.58685
G1 X143.498 Y132.699 E3054.59646
G1 F2063 X76.656 Y132.699 E3056.53618
G1 X76.401 Y132.654 E3056.54369
G1 F2069 X76.146 Y132.444 E3056.55325
G1 X76.049 Y132.206 E3056.56069
G1 X76.05 Y87.792 E3057.84586
G1 F2063 X76.218 Y87.465 E3057.85653
G1 F2069 X76.401 Y87.342 E3057.86291
G1 X76.548 Y87.297 E3057.86736
G1 F2057.1 X81.241 Y87.297 E3058.00394
G1 X81.241 Y87.105 E3058.00953
G1 X81.076 Y86.947 E3058.01618
G1 X76.491 Y86.948 E3058.14961
G1 F2063 X76.112 Y87.103 E3058.16149
G1 X75.97 Y87.219 E3058.16682
G1 F2069 X75.772 Y87.519 E3058.17722
G1 X75.699 Y87.76 E3058.1845
G1 X75.7 Y132.236 E3059.47147
G1 X75.774 Y132.482 E3059.47891
G1 X75.969 Y132.776 E3059.48912
G1 X76.267 Y132.975 E3059.49949
G1 F2063 X76.656 Y133.049 E3059.51098
G1 F2057.1 X110 Y133.048 E3060.48137
M204 S2000
G0 F9000 X110 Y133.424
M204 S500
;TYPE:WALL-OUTER
G1 F1800 X143.366 Y133.424 E3061.59113
G1 X143.624 Y133.398 E3061.59976
G1 X143.989 Y133.287 E3061.61245
G1 X144.294 Y133.041 E3061.62548
G1 X144.456 Y132.844 E3061.63396
G1 X144.569 Y132.628 E3061.64207
G1 X144.646 Y132.373 E3061.65093
G1 X144.672 Y132.114 E3061.65959
G1 X144.672 Y130.22 E3061.72258
G1 X144.597 Y130.037 E3061.72916
G1 X144.39 Y129.829 E3061.73892
G1 X144.219 Y129.756 E3061.7451
G1 X143.572 Y129.756 E3061.76662
G1 X143.572 Y132.144 E3061.84605
G1 X143.499 Y132.28 E3061.85118
G1 X143.392 Y132.324 E3061.85503
G1 X76.604 Y132.324 E3064.07641
G1 X76.457 Y132.236 E3064.08211
G1 X76.427 Y132.162 E3064.08476
G1 X76.427 Y87.834 E3065.55912
G1 X76.497 Y87.716 E3065.56368
G1 X76.585 Y87.675 E3065.56691
G1 X81.616 Y87.672 E3065.73424
G1 X81.616 Y87.029 E3065.75563
G1 X81.547 Y86.866 E3065.76151
G1 X81.326 Y86.646 E3065.77189
G1 X81.151 Y86.572 E3065.77821
G1 X76.63 Y86.572 E3065.92857
G1 X76.372 Y86.598 E3065.9372
G1 X76.004 Y86.71 E3065.94999
G1 X75.703 Y86.954 E3065.96288
G1 X75.46 Y87.261 E3065.9759
G1 X75.35 Y87.624 E3065.98852
G1 X75.324 Y87.878 E3065.99701
G1 X75.324 Y132.114 E3067.46831
G1 X75.35 Y132.372 E3067.47693
G1 X75.46 Y132.74 E3067.48971
G1 X75.703 Y133.041 E3067.50257
G1 X76.003 Y133.286 E3067.51545
G1 X76.372 Y133.398 E3067.52828
G1 X76.63 Y133.424 E3067.53691
G1 X110 Y133.424 E3068.6468
M204 S2000
G1 F2400 E3067.8468
G0 F9000 X110 Y133.125
G0 X93.089 Y132.545
G0 X93.089 Y131.46
G0 X93.089 Y88.54
G0 X93.089 Y87.297
M204 S500
;TYPE:WALL-INNER
G1 F2400 E3068.6468
G1 F2057.1 X93.089 Y87.105 E3068.65238
G1 X92.924 Y86.947 E3068.65903
G1 X89.736 Y86.947 E3068.75181
G1 X89.586 Y86.988 E3068.75634
G1 X89.487 Y87.106 E3068.76082
G1 X89.487 Y87.297 E3068.76638
G1 X93.089 Y87.297 E3068.87121
M204 S2000
G0 F9000 X93.464 Y87.672
M204 S500
;TYPE:WALL-OUTER
G1 F1800 X93.464 Y87.032 E3068.89249
G1 X93.394 Y86.862 E3068.89861
G1 X93.175 Y86.646 E3068.90884
G1 X92.999 Y86.572 E3068.91519
G1 X89.687 Y86.572 E3069.02535
G1 X89.392 Y86.652 E3069.03551
G1 X89.182 Y86.862 E3069.04539
G1 X89.112 Y87.032 E3069.0515
G1 X89.112 Y87.672 E3069.07279
G1 X93.464 Y87.672 E3069.21754
M204 S2000
G1 F2400 E3068.41754
G0 F9000 X93.194 Y87.405
G0 X94.329 Y87.297
G0 X98.691 Y87.297
G0 X103.161 Y87.297
M204 S500
;TYPE:WALL-INNER
G1 F2400 E3069.21754
G1 F2057.1 X103.161 Y87.105 E3069.22313
G1 X102.996 Y86.947 E3069.22978
G1 X100.177 Y86.947 E3069.31182
G1 X100.031 Y86.987 E3069.31622
G1 X99.931 Y87.101 E3069.32063
G1 X99.931 Y87.297 E3069.32634
G1 X103.161 Y87.297 E3069.42034
M204 S2000
G0 F9000 X103.536 Y87.672
M204 S500
;TYPE:WALL-OUTER
G1 F1800 X103.536 Y87.029 E3069.44173
G1 X103.467 Y86.866 E3069.44761
G1 X103.246 Y86.646 E3069.45798
G1 X103.071 Y86.572 E3069.4643
G1 X100.127 Y86.572 E3069.56222
G1 X99.836 Y86.651 E3069.57225
G1 X99.622 Y86.865 E3069.58232
G1 X99.556 Y87.028 E3069.58817
G1 X99.556 Y87.672 E3069.60959
G1 X103.536 Y87.672 E3069.74196
M204 S2000
G1 F2400 E3068.94196
G0 F9000 X103.267 Y87.405
G0 X104.402 Y87.297
G0 X108.672 Y87.297
G0 X110 Y87.297
M204 S500
;TYPE:WALL-INNER
G1 F2400 E3069.74196
G1 F2057.1 X114.671 Y87.297 E3069.8779
G1 X114.316 Y86.947 E3069.89241
G1 X110.16 Y86.947 E3070.01336
G1 X110.01 Y86.988 E3070.01788
G1 X109.911 Y87.106 E3070.02237
G1 X109.911 Y87.297 E3070.02792
G1 X110 Y87.297 E3070.03051
M204 S2000
G0 F9000 X110 Y87.672
M204 S500
;TYPE:WALL-OUTER
G1 F1800 X115.116 Y87.672 E3070.20067
G1 X115.116 Y87.208 E3070.21611
G1 X114.47 Y86.572 E3070.24626
G1 X110.111 Y86.572 E3070.39124
G1 X109.816 Y86.652 E3070.40141
G1 X109.606 Y86.862 E3070.41128
G1 X109.536 Y87.032 E3070.4174
G1 X109.536 Y87.672 E3070.43868
G1 X110 Y87.672 E3070.45412
M204 S2000
G1 F2400 E3069.65412
G0 F9000 X110 Y87.375
G0 X114.896 Y87.297
G0 X115.981 Y87.295
G0 X119.027 Y87.297
G0 X120.337 Y87.297
M204 S500
;TYPE:WALL-INNER
G1 F2400 E3070.45412
G1 F2057.1 X143.447 Y87.298 E3071.12668
G1 F2069 X143.595 Y87.342 E3071.13115
G1 X143.781 Y87.466 E3071.13761
G1 X143.901 Y87.648 E3071.14392
G1 X143.947 Y87.799 E3071.14849
G1 F2057.1 X143.947 Y90.501 E3071.22713
G1 X144.139 Y90.501 E3071.23271
G1 X144.297 Y90.341 E3071.23926
G1 X144.297 Y87.741 E3071.31492
G1 F2063 X144.141 Y87.361 E3071.32684
G1 F2069 X144.027 Y87.221 E3071.33207
G1 X143.729 Y87.021 E3071.34245
G1 X143.49 Y86.947 E3071.34969
G1 F2057.1 X120.692 Y86.947 E3072.01318
G1 X120.337 Y87.297 E3072.02768
M204 S2000
G0 F9000 X119.892 Y87.672
M204 S500
;TYPE:WALL-OUTER
G1 F1800 X143.416 Y87.673 E3072.8101
G1 X143.528 Y87.745 E3072.81452
G1 X143.569 Y87.834 E3072.81778
G1 X143.572 Y90.876 E3072.91896
G1 X144.218 Y90.876 E3072.94045
G1 X144.393 Y90.799 E3072.94681
G1 X144.598 Y90.594 E3072.95645
G1 X144.672 Y90.416 E3072.96286
G1 X144.672 Y87.878 E3073.04727
G1 X144.647 Y87.624 E3073.05576
G1 X144.532 Y87.248 E3073.06884
G1 X144.293 Y86.955 E3073.08142
G1 X143.99 Y86.709 E3073.0944
G1 X143.624 Y86.598 E3073.10712
G1 X143.366 Y86.572 E3073.11574
G1 X120.538 Y86.572 E3073.875
G1 X119.892 Y87.208 E3073.90516
G1 X119.892 Y87.672 E3073.92059
M204 S2000
G1 F2400 E3073.12059
G0 F9000 X120.162 Y87.405
G0 X143.789 Y87.461
G0 X142.722 Y88.528
G0 X142.722 Y91.73
G0 X143.789 Y100.338
G0 X143.947 Y103.977
M204 S500
;TYPE:WALL-INNER
G1 F2400 E3073.92059
G1 F2057.1 X144.14 Y103.977 E3073.92621
G1 X144.297 Y103.817 E3073.93273
G1 X144.297 Y101.709 E3073.99408
G1 X144.144 Y101.575 E3074
G1 X143.947 Y101.575 E3074.00573
G1 X143.947 Y103.977 E3074.07563
M204 S2000
G0 F9000 X143.572 Y104.352
M204 S500
;TYPE:WALL-OUTER
G1 F1800 X144.215 Y104.352 E3074.09702
G1 X144.39 Y104.278 E3074.10334
G1 X144.598 Y104.07 E3074.11312
G1 X144.672 Y103.892 E3074.11954
G1 X144.672 Y101.664 E3074.19364
G1 X144.597 Y101.481 E3074.20022
G1 X144.389 Y101.273 E3074.21
G1 X144.222 Y101.2 E3074.21606
G1 X143.572 Y101.2 E3074.23768
G1 X143.572 Y104.352 E3074.34252
M204 S2000
G1 F2400 E3073.54252
G0 F9000 X143.845 Y104.084
G0 X143.917 Y105.218
G0 X143.915 Y113.898
G0 X143.947 Y117.009
M204 S500
;TYPE:WALL-INNER
G1 F2400 E3074.34252
G1 F2057.1 X144.144 Y117.009 E3074.34825
G1 X144.256 Y116.916 E3074.35249
G1 X144.297 Y116.774 E3074.35679
G1 X144.297 Y115.299 E3074.39972
G1 X144.266 Y115.223 E3074.4021
G1 X144.122 Y115.135 E3074.40702
G1 X143.947 Y115.135 E3074.41211
G1 X143.947 Y117.009 E3074.46665
M204 S2000
G0 F9000 X143.572 Y117.384
M204 S500
;TYPE:WALL-OUTER
G1 F1800 X144.217 Y117.384 E3074.4881
G1 X144.391 Y117.313 E3074.49435
G1 X144.592 Y117.111 E3074.50383
G1 X144.672 Y116.825 E3074.51371
G1 X144.672 Y115.227 E3074.56686
G1 X144.518 Y114.937 E3074.57778
G1 X144.227 Y114.76 E3074.58911
G1 X143.572 Y114.76 E3074.61089
G1 X143.572 Y117.384 E3074.69817
M204 S2000
G1 F2400 E3073.89817
;MESH:NONMESH
G0 F300 X143.572 Y117.384 Z6.6
G0 F9000 X143.845 Y117.117
G0 X143.791 Y118.251
G0 X142.722 Y128.904
G0 X142.722 Y131.472
G0 X110 Y133.048
;TIME_ELAPSED:3570.220574
;LAYER:32
M204 S500
;TYPE:WALL-INNER
;MESH:raspberry pi 4 B bottom part case.stl
G1 F2400 E3074.69817
G1 F2057.1 X143.356 Y133.048 E3075.66891
G1 X143.729 Y132.976 E3075.67997
G1 F2063 X144.029 Y132.774 E3075.69046
G1 F2057.1 X144.142 Y132.636 E3075.69565
G1 X144.297 Y132.253 E3075.70768
G1 X144.297 Y130.29 E3075.76481
G1 X144.145 Y130.131 E3075.77121
G1 X143.947 Y130.131 E3075.77697
G1 F2069 X143.943 Y132.18 E3075.83626
G1 F2074.9 X143.9 Y132.352 E3075.84138
G1 F2069 X143.782 Y132.527 E3075.84748
G1 X143.498 Y132.699 E3075.85709
G1 F2063 X76.656 Y132.699 E3077.79681
G1 X76.401 Y132.654 E3077.80433
G1 F2069 X76.146 Y132.444 E3077.81388
G1 X76.049 Y132.206 E3077.82132
G1 X76.05 Y87.792 E3079.1065
G1 F2063 X76.218 Y87.465 E3079.11717
G1 F2069 X76.401 Y87.342 E3079.12355
G1 X76.548 Y87.297 E3079.128
G1 F2057.1 X81.245 Y87.297 E3079.26469
G1 X81.245 Y87.108 E3079.27019
G1 X81.08 Y86.947 E3079.2769
G1 X76.491 Y86.948 E3079.41045
G1 F2063 X76.112 Y87.103 E3079.42234
G1 X75.97 Y87.219 E3079.42766
G1 F2069 X75.772 Y87.519 E3079.43806
G1 X75.699 Y87.76 E3079.44534
G1 X75.7 Y132.236 E3080.73232
G1 X75.774 Y132.482 E3080.73975
G1 X75.969 Y132.776 E3080.74996
G1 X76.267 Y132.975 E3080.76033
G1 F2063 X76.656 Y133.049 E3080.77182
G1 F2057.1 X110 Y133.048 E3081.74221
M204 S2000
G0 F9000 X110 Y133.424
M204 S500
;TYPE:WALL-OUTER
G1 F1800 X143.366 Y133.424 E3082.85197
G1 X143.624 Y133.398 E3082.8606
G1 X143.989 Y133.287 E3082.87329
G1 X144.294 Y133.041 E3082.88632
G1 X144.456 Y132.844 E3082.8948
G1 X144.569 Y132.628 E3082.90291
G1 X144.646 Y132.373 E3082.91177
G1 X144.672 Y132.114 E3082.92043
G1 X144.672 Y130.216 E3082.98355
G1 X144.601 Y130.045 E3082.98971
G1 X144.385 Y129.826 E3082.99994
G1 X144.22 Y129.756 E3083.00591
G1 X143.572 Y129.756 E3083.02746
G1 X143.572 Y132.144 E3083.10688
G1 X143.499 Y132.28 E3083.11202
G1 X143.392 Y132.324 E3083.11586
G1 X76.604 Y132.324 E3085.33724
G1 X76.457 Y132.236 E3085.34294
G1 X76.427 Y132.162 E3085.3456
G1 X76.427 Y87.834 E3086.81995
G1 X76.497 Y87.716 E3086.82452
G1 X76.585 Y87.675 E3086.82774
G1 X81.62 Y87.672 E3086.99521
G1 X81.62 Y87.033 E3087.01646
G1 X81.55 Y86.866 E3087.02249
G1 X81.33 Y86.646 E3087.03283
G1 X81.155 Y86.572 E3087.03915
G1 X76.63 Y86.572 E3087.18965
G1 X76.372 Y86.598 E3087.19828
G1 X76.004 Y86.71 E3087.21107
G1 X75.703 Y86.954 E3087.22396
G1 X75.46 Y87.261 E3087.23698
G1 X75.35 Y87.624 E3087.2496
G1 X75.324 Y87.878 E3087.25809
G1 X75.324 Y132.114 E3088.72939
G1 X75.35 Y132.372 E3088.73801
G1 X75.46 Y132.74 E3088.75079
G1 X75.703 Y133.041 E3088.76365
G1 X76.003 Y133.286 E3088.77654
G1 X76.372 Y133.398 E3088.78936
G1 X76.63 Y133.424 E3088.79799
G1 X110 Y133.424 E3089.90788
M204 S2000
G1 F2400 E3089.10788
G0 F9000 X110 Y133.125
G0 X93.099 Y132.545
G0 X93.099 Y131.46
G0 X93.099 Y88.54
G0 X93.099 Y87.296
M204 S500
;TYPE:WALL-INNER
G1 F2400 E3089.90788
G1 F2057.1 X93.081 Y87.072 E3089.91442
G1 X92.936 Y86.947 E3089.91999
G1 X89.644 Y86.947 E3090.01579
G1 X89.483 Y87.099 E3090.02224
G1 X89.483 Y87.297 E3090.028
G1 X93.099 Y87.296 E3090.13323
M204 S2000
G0 F9000 X93.472 Y87.671
M204 S500
;TYPE:WALL-OUTER
G1 F1800 X93.475 Y87.041 E3090.15419
G1 X93.398 Y86.858 E3090.16079
G1 X93.186 Y86.646 E3090.17076
G1 X93.011 Y86.572 E3090.17708
G1 X89.569 Y86.572 E3090.29157
G1 X89.394 Y86.646 E3090.29788
G1 X89.177 Y86.863 E3090.30809
G1 X89.108 Y87.022 E3090.31386
G1 X89.108 Y87.672 E3090.33548
G1 X93.472 Y87.671 E3090.48062
M204 S2000
G1 F2400 E3089.68062
G0 F9000 X93.205 Y87.405
G0 X94.341 Y87.272
G0 X98.678 Y87.288
G0 X103.169 Y87.297
M204 S500
;TYPE:WALL-INNER
G1 F2400 E3090.48062
G1 F2057.1 X103.169 Y87.108 E3090.48612
G1 X103.004 Y86.947 E3090.49283
G1 X100.091 Y86.947 E3090.57761
G1 X99.936 Y87.071 E3090.58339
G1 X99.918 Y87.297 E3090.58998
G1 X103.169 Y87.297 E3090.6846
M204 S2000
G0 F9000 X103.544 Y87.672
M204 S500
;TYPE:WALL-OUTER
G1 F1800 X103.544 Y87.033 E3090.70585
G1 X103.474 Y86.866 E3090.71187
G1 X103.254 Y86.646 E3090.72222
G1 X103.079 Y86.572 E3090.72854
G1 X100.019 Y86.572 E3090.83032
G1 X99.832 Y86.647 E3090.83702
G1 X99.618 Y86.858 E3090.84701
G1 X99.544 Y87.04 E3090.85355
G1 X99.541 Y87.672 E3090.87457
G1 X103.544 Y87.672 E3091.00771
M204 S2000
G1 F2400 E3090.20771
G0 F9000 X103.274 Y87.405
G0 X104.41 Y87.28
G0 X108.665 Y87.279
G0 X110 Y87.297
M204 S500
;TYPE:WALL-INNER
G1 F2400 E3091.00771
G1 F2057.1 X114.637 Y87.297 E3091.14266
G1 X114.285 Y86.947 E3091.1571
G1 X110.068 Y86.947 E3091.27983
G1 X109.919 Y87.075 E3091.28555
G1 X109.903 Y87.297 E3091.29202
G1 X110 Y87.297 E3091.29485
M204 S2000
G0 F9000 X110 Y87.672
M204 S500
;TYPE:WALL-OUTER
G1 F1800 X115.079 Y87.672 E3091.46377
G1 X115.076 Y87.208 E3091.47921
G1 X114.441 Y86.572 E3091.5091
G1 X109.993 Y86.572 E3091.65704
G1 X109.818 Y86.646 E3091.66336
G1 X109.602 Y86.862 E3091.67352
G1 X109.528 Y87.037 E3091.67984
G1 X109.528 Y87.672 E3091.70096
G1 X110 Y87.672 E3091.71666
M204 S2000
G1 F2400 E3090.91666
G0 F9000 X110 Y87.375
G0 X114.859 Y87.297
G0 X115.944 Y87.295
G0 X119.063 Y87.297
G0 X120.367 Y87.297
M204 S500
;TYPE:WALL-INNER
G1 F2400 E3091.71666
G1 F2057.1 X143.447 Y87.298 E3092.38835
G1 F2069 X143.595 Y87.342 E3092.39281
G1 X143.781 Y87.466 E3092.39928
G1 X143.901 Y87.648 E3092.40559
G1 X143.947 Y87.799 E3092.41016
G1 F2057.1 X143.947 Y90.501 E3092.48879
G1 X144.179 Y90.483 E3092.49557
G1 X144.297 Y90.344 E3092.50087
G1 X144.297 Y87.741 E3092.57663
G1 F2063 X144.141 Y87.361 E3092.58855
G1 F2069 X144.027 Y87.221 E3092.59377
G1 X143.729 Y87.021 E3092.60416
G1 X143.49 Y86.947 E3092.6114
G1 F2057.1 X120.721 Y86.947 E3093.27403
G1 X120.367 Y87.297 E3093.28852
M204 S2000
G0 F9000 X119.928 Y87.672
M204 S500
;TYPE:WALL-OUTER
G1 F1800 X143.416 Y87.673 E3094.06973
G1 X143.528 Y87.745 E3094.07416
G1 X143.569 Y87.834 E3094.07742
G1 X143.572 Y90.876 E3094.1786
G1 X144.208 Y90.876 E3094.19975
G1 X144.391 Y90.801 E3094.20633
G1 X144.601 Y90.591 E3094.21621
G1 X144.672 Y90.417 E3094.22246
G1 X144.672 Y87.878 E3094.30691
G1 X144.647 Y87.624 E3094.3154
G1 X144.532 Y87.248 E3094.32847
G1 X144.293 Y86.955 E3094.34105
G1 X143.99 Y86.709 E3094.35403
G1 X143.624 Y86.598 E3094.36675
G1 X143.366 Y86.572 E3094.37538
G1 X120.567 Y86.572 E3095.13367
G1 X119.928 Y87.204 E3095.16357
G1 X119.928 Y87.672 E3095.17913
M204 S2000
G1 F2400 E3094.37913
G0 F9000 X120.198 Y87.405
G0 X143.789 Y87.461
G0 X142.722 Y88.528
G0 X142.722 Y91.73
G0 X143.789 Y100.338
G0 X143.947 Y103.977
M204 S500
;TYPE:WALL-INNER
G1 F2400 E3095.17913
G1 F2057.1 X144.144 Y103.977 E3095.18487
G1 X144.297 Y103.82 E3095.19125
G1 X144.297 Y101.709 E3095.25268
G1 X144.142 Y101.575 E3095.25864
G1 X143.947 Y101.575 E3095.26432
G1 X143.947 Y103.977 E3095.33422
M204 S2000
G0 F9000 X143.572 Y104.352
M204 S500
;TYPE:WALL-OUTER
G1 F1800 X144.219 Y104.352 E3095.35574
G1 X144.386 Y104.282 E3095.36177
G1 X144.601 Y104.067 E3095.37188
G1 X144.672 Y103.893 E3095.37813
G1 X144.672 Y101.663 E3095.4523
G1 X144.601 Y101.485 E3095.45867
G1 X144.39 Y101.273 E3095.46862
G1 X144.219 Y101.2 E3095.47481
G1 X143.572 Y101.2 E3095.49632
G1 X143.572 Y104.352 E3095.60116
M204 S2000
G1 F2400 E3094.80116
G0 F9000 X143.845 Y104.084
G0 X143.947 Y105.219
G0 X143.947 Y113.898
G0 X143.947 Y117.009
M204 S500
;TYPE:WALL-INNER
G1 F2400 E3095.60116
G1 F2057.1 X144.138 Y117.009 E3095.60672
G1 X144.297 Y116.879 E3095.6127
G1 X144.297 Y115.27 E3095.65952
G1 X144.14 Y115.135 E3095.66555
G1 X143.947 Y115.135 E3095.67116
G1 X143.947 Y117.009 E3095.7257
M204 S2000
G0 F9000 X143.572 Y117.384
M204 S500
;TYPE:WALL-OUTER
G1 F1800 X144.212 Y117.384 E3095.74699
G1 X144.391 Y117.31 E3095.75343
G1 X144.601 Y117.103 E3095.76324
G1 X144.672 Y116.925 E3095.76961
G1 X144.672 Y115.223 E3095.82622
G1 X144.601 Y115.045 E3095.8326
G1 X144.386 Y114.833 E3095.84264
G1 X144.218 Y114.76 E3095.84873
G1 X143.572 Y114.76 E3095.87022
G1 X143.572 Y117.384 E3095.95749
;TIME_ELAPSED:3597.151105
G1 F2400 E3095.15749
M140 S0
M107
G91 ;Relative positioning
G1 E-2 F2700 ;Retract a bit
G1 E-2 Z0.2 F2400 ;Retract and raise Z
G1 X5 Y5 F3000 ;Wipe out
G1 Z10 ;Raise Z more
G90 ;Absolute positioning

G1 X0 Y220 ;Present print
M106 S0 ;Turn-off fan
M104 S0 ;Turn-off hotend
M140 S0 ;Turn-off bed

M84 X Y E ;Disable all steppers but Z

M82 ;absolute extrusion mode
M104 S0
;End of Gcode
;SETTING_3 {"global_quality": "[general]\\nversion = 4\\nname = vives ender-3S1 
;SETTING_3 (normal)\\ndefinition = creality_ender3s1\\n\\n[metadata]\\ntype = qu
;SETTING_3 ality_changes\\nquality_type = standard\\nsetting_version = 23\\n\\n[
;SETTING_3 values]\\nadhesion_type = brim\\nsupport_enable = False\\nsupport_typ
;SETTING_3 e = buildplate\\n\\n", "extruder_quality": ["[general]\\nversion = 4\
;SETTING_3 \nname = vives ender-3S1 (normal)\\ndefinition = creality_base\\n\\n[
;SETTING_3 metadata]\\ntype = quality_changes\\nquality_type = standard\\nintent
;SETTING_3 _category = default\\nposition = 0\\nsetting_version = 23\\n\\n[value
;SETTING_3 s]\\n\\n"]}
